{
    "accuracy": 0.965175429726997,
    "precision": 0.9770271382493706,
    "recall": 0.9527525615528759,
    "f1_score": 0.9647195679775089,
    "fp_rate": 0.02239782052521082,
    "tp_rate": 0.9527525615528759,
    "std_accuracy": 0.004141447492021966,
    "std_precision": 0.004764984829871022,
    "std_recall": 0.006818535814575812,
    "std_f1_score": 0.004255644584589702,
    "std_fp_rate": 0.004647386916232711,
    "std_tp_rate": 0.006818535814575812,
    "TP": 942.237,
    "TN": 966.88,
    "FP": 22.153,
    "FN": 46.73,
    "roc_auc": 0.9951928237917395,
    "fpr_at_thresholds": [
        0.0,
        0.0,
        0.0,
        0.0010111223458038423,
        0.0010111223458038423,
        0.0020222446916076846,
        0.0020222446916076846,
        0.003033367037411527,
        0.003033367037411527,
        0.004044489383215369,
        0.004044489383215369,
        0.005055611729019211,
        0.005055611729019211,
        0.007077856420626896,
        0.007077856420626896,
        0.008088978766430738,
        0.008088978766430738,
        0.00910010111223458,
        0.00910010111223458,
        0.010111223458038422,
        0.010111223458038422,
        0.011122345803842264,
        0.011122345803842264,
        0.012133468149646108,
        0.012133468149646108,
        0.01314459049544995,
        0.01314459049544995,
        0.014155712841253791,
        0.014155712841253791,
        0.015166835187057633,
        0.015166835187057633,
        0.016177957532861477,
        0.016177957532861477,
        0.017189079878665317,
        0.017189079878665317,
        0.01820020222446916,
        0.01820020222446916,
        0.020222446916076844,
        0.020222446916076844,
        0.021233569261880688,
        0.021233569261880688,
        0.022244691607684528,
        0.022244691607684528,
        0.023255813953488372,
        0.023255813953488372,
        0.025278058645096056,
        0.025278058645096056,
        0.0262891809908999,
        0.0262891809908999,
        0.032355915065722954,
        0.032355915065722954,
        0.034378159757330634,
        0.034378159757330634,
        0.03538928210313448,
        0.03538928210313448,
        0.03741152679474216,
        0.03741152679474216,
        0.03943377148634985,
        0.03943377148634985,
        0.041456016177957536,
        0.041456016177957536,
        0.042467138523761376,
        0.042467138523761376,
        0.043478260869565216,
        0.043478260869565216,
        0.0455005055611729,
        0.0455005055611729,
        0.05358948432760364,
        0.05358948432760364,
        0.054600606673407485,
        0.054600606673407485,
        0.055611729019211326,
        0.055611729019211326,
        0.057633973710819006,
        0.057633973710819006,
        0.06268958543983821,
        0.06268958543983821,
        0.06370070778564206,
        0.06370070778564206,
        0.06471183013144591,
        0.06471183013144591,
        0.06673407482305359,
        0.06673407482305359,
        0.06875631951466127,
        0.06875631951466127,
        0.07583417593528817,
        0.07583417593528817,
        0.0839231547017189,
        0.0839231547017189,
        0.09302325581395349,
        0.09302325581395349,
        0.1102123356926188,
        0.1102123356926188,
        0.1557128412537917,
        0.1557128412537917,
        0.18301314459049545,
        0.18301314459049545,
        0.29221435793731043,
        0.29221435793731043,
        0.2982810920121335,
        0.2982810920121335,
        0.35995955510616784,
        0.35995955510616784,
        1.0
    ],
    "tpr_at_thresholds": [
        0.0,
        0.0010111223458038423,
        0.704752275025278,
        0.704752275025278,
        0.7269969666329625,
        0.7269969666329625,
        0.7876643073811931,
        0.7876643073811931,
        0.7997977755308392,
        0.7997977755308392,
        0.8109201213346815,
        0.8109201213346815,
        0.865520728008089,
        0.865520728008089,
        0.884732052578362,
        0.884732052578362,
        0.8867542972699697,
        0.8867542972699697,
        0.8877654196157735,
        0.8877654196157735,
        0.8897876643073812,
        0.8897876643073812,
        0.9049544994944388,
        0.9049544994944388,
        0.9120323559150657,
        0.9120323559150657,
        0.916076845298281,
        0.916076845298281,
        0.9201213346814965,
        0.9201213346814965,
        0.9362992922143579,
        0.9362992922143579,
        0.9373104145601617,
        0.9373104145601617,
        0.942366026289181,
        0.942366026289181,
        0.9443882709807887,
        0.9443882709807887,
        0.9464105156723963,
        0.9464105156723963,
        0.9514661274014156,
        0.9514661274014156,
        0.9595551061678463,
        0.9595551061678463,
        0.9605662285136501,
        0.9605662285136501,
        0.9625884732052579,
        0.9625884732052579,
        0.9646107178968655,
        0.9646107178968655,
        0.9656218402426694,
        0.9656218402426694,
        0.9666329625884732,
        0.9666329625884732,
        0.9686552072800809,
        0.9686552072800809,
        0.9716885743174924,
        0.9716885743174924,
        0.9737108190091001,
        0.9737108190091001,
        0.9777553083923155,
        0.9777553083923155,
        0.9787664307381193,
        0.9787664307381193,
        0.9797775530839231,
        0.9797775530839231,
        0.980788675429727,
        0.980788675429727,
        0.9817997977755308,
        0.9817997977755308,
        0.9828109201213346,
        0.9828109201213346,
        0.9838220424671386,
        0.9838220424671386,
        0.9858442871587462,
        0.9858442871587462,
        0.9868554095045501,
        0.9868554095045501,
        0.9878665318503539,
        0.9878665318503539,
        0.9888776541961577,
        0.9888776541961577,
        0.9898887765419616,
        0.9898887765419616,
        0.9908998988877654,
        0.9908998988877654,
        0.9919110212335692,
        0.9919110212335692,
        0.9929221435793731,
        0.9929221435793731,
        0.993933265925177,
        0.993933265925177,
        0.9949443882709808,
        0.9949443882709808,
        0.9959555106167847,
        0.9959555106167847,
        0.9969666329625885,
        0.9969666329625885,
        0.9979777553083923,
        0.9979777553083923,
        0.9989888776541962,
        0.9989888776541962,
        1.0,
        1.0
    ],