{
    "accuracy": 0.9465200803212851,
    "precision": 0.9765248410494161,
    "recall": 0.9151556528205191,
    "f1_score": 0.9448179610915364,
    "fp_rate": 0.022043056374543776,
    "tp_rate": 0.9151556528205191,
    "std_accuracy": 0.005016991419162805,
    "std_precision": 0.005002825875997881,
    "std_recall": 0.00878513252548703,
    "std_f1_score": 0.005340352026398482,
    "std_fp_rate": 0.004683916120555076,
    "std_tp_rate": 0.00878513252548703,
    "TP": 912.512,
    "TN": 972.956,
    "FP": 21.934,
    "FN": 84.598,
    "roc_auc": 0.992461815132014,
    "fpr_at_thresholds": [
        0.0,
        0.0,
        0.0,
        0.001004016064257028,
        0.001004016064257028,
        0.002008032128514056,
        0.002008032128514056,
        0.0030120481927710845,
        0.0030120481927710845,
        0.004016064257028112,
        0.004016064257028112,
        0.0050200803212851405,
        0.0050200803212851405,
        0.006024096385542169,
        0.006024096385542169,
        0.007028112449799197,
        0.007028112449799197,
        0.008032128514056224,
        0.008032128514056224,
        0.010040160642570281,
        0.010040160642570281,
        0.01104417670682731,
        0.01104417670682731,
        0.012048192771084338,
        0.012048192771084338,
        0.013052208835341365,
        0.013052208835341365,
        0.014056224899598393,
        0.014056224899598393,
        0.015060240963855422,
        0.015060240963855422,
        0.01606425702811245,
        0.01606425702811245,
        0.01706827309236948,
        0.01706827309236948,
        0.018072289156626505,
        0.018072289156626505,
        0.020080321285140562,
        0.020080321285140562,
        0.02108433734939759,
        0.02108433734939759,
        0.02208835341365462,
        0.02208835341365462,
        0.025100401606425703,
        0.025100401606425703,
        0.02610441767068273,
        0.02610441767068273,
        0.02710843373493976,
        0.02710843373493976,
        0.028112449799196786,
        0.028112449799196786,
        0.03112449799196787,
        0.03112449799196787,
        0.0321285140562249,
        0.0321285140562249,
        0.03413654618473896,
        0.03413654618473896,
        0.035140562248995984,
        0.035140562248995984,
        0.03614457831325301,
        0.03614457831325301,
        0.03714859437751004,
        0.03714859437751004,
        0.0391566265060241,
        0.0391566265060241,
        0.040160642570281124,
        0.040160642570281124,
        0.04317269076305221,
        0.04317269076305221,
        0.045180722891566265,
        0.045180722891566265,
        0.04718875502008032,
        0.04718875502008032,
        0.04819277108433735,
        0.04819277108433735,
        0.050200803212851405,
        0.050200803212851405,
        0.05421686746987952,
        0.05421686746987952,
        0.0572289156626506,
        0.0572289156626506,
        0.060240963855421686,
        0.060240963855421686,
        0.06224899598393574,
        0.06224899598393574,
        0.06325301204819277,
        0.06325301204819277,
        0.06927710843373494,
        0.06927710843373494,
        0.07028112449799197,
        0.07028112449799197,
        0.07228915662650602,
        0.07228915662650602,
        0.07329317269076305,
        0.07329317269076305,
        0.07530120481927711,
        0.07530120481927711,
        0.08433734939759036,
        0.08433734939759036,
        0.0893574297188755,
        0.0893574297188755,
        0.09236947791164658,
        0.09236947791164658,
        0.09939759036144578,
        0.09939759036144578,
        0.10040160642570281,
        0.10040160642570281,
        0.10341365461847389,
        0.10341365461847389,
        0.10441767068273092,
        0.10441767068273092,
        0.11044176706827309,
        0.11044176706827309,
        0.11746987951807229,
        0.11746987951807229,
        0.11847389558232932,
        0.11847389558232932,
        0.11947791164658635,
        0.11947791164658635,
        0.12248995983935743,
        0.12248995983935743,
        0.12449799196787148,
        0.12449799196787148,
        0.1355421686746988,
        0.1355421686746988,
        0.13654618473895583,
        0.13654618473895583,
        0.16265060240963855,
        0.16265060240963855,
        0.19076305220883535,
        0.19076305220883535,
        0.1927710843373494,
        0.1927710843373494,
        0.19779116465863453,
        0.19779116465863453,
        0.2289156626506024,
        0.2289156626506024,
        1.0
    ],