{
    "accuracy": 0.9357094320486815,
    "precision": 0.9758096189057556,
    "recall": 0.8936019801155322,
    "f1_score": 0.9328663673950757,
    "fp_rate": 0.022160147296740765,
    "tp_rate": 0.8936019801155322,
    "std_accuracy": 0.005602496844506085,
    "std_precision": 0.0052741108566827346,
    "std_recall": 0.009760711287368707,
    "std_f1_score": 0.006055635024728962,
    "std_fp_rate": 0.004822611905368868,
    "std_tp_rate": 0.009760711287368707,
    "TP": 881.318,
    "TN": 963.901,
    "FP": 21.847,
    "FN": 104.934,
    "roc_auc": 0.989602919575888,
    "fpr_at_thresholds": [
        0.0,
        0.0,
        0.0,
        0.0010141987829614604,
        0.0010141987829614604,
        0.002028397565922921,
        0.002028397565922921,
        0.0030425963488843813,
        0.0030425963488843813,
        0.004056795131845842,
        0.004056795131845842,
        0.005070993914807302,
        0.005070993914807302,
        0.006085192697768763,
        0.006085192697768763,
        0.007099391480730223,
        0.007099391480730223,
        0.008113590263691683,
        0.008113590263691683,
        0.010141987829614604,
        0.010141987829614604,
        0.011156186612576065,
        0.011156186612576065,
        0.012170385395537525,
        0.012170385395537525,
        0.013184584178498986,
        0.013184584178498986,
        0.014198782961460446,
        0.014198782961460446,
        0.015212981744421906,
        0.015212981744421906,
        0.016227180527383367,
        0.016227180527383367,
        0.017241379310344827,
        0.017241379310344827,
        0.018255578093306288,
        0.018255578093306288,
        0.02028397565922921,
        0.02028397565922921,
        0.02129817444219067,
        0.02129817444219067,
        0.02231237322515213,
        0.02231237322515213,
        0.02332657200811359,
        0.02332657200811359,
        0.02434077079107505,
        0.02434077079107505,
        0.02535496957403651,
        0.02535496957403651,
        0.02636916835699797,
        0.02636916835699797,
        0.02738336713995943,
        0.02738336713995943,
        0.032454361054766734,
        0.032454361054766734,
        0.034482758620689655,
        0.034482758620689655,
        0.035496957403651115,
        0.035496957403651115,
        0.036511156186612576,
        0.036511156186612576,
        0.037525354969574036,
        0.037525354969574036,
        0.038539553752535496,
        0.038539553752535496,
        0.03955375253549696,
        0.03955375253549696,
        0.04056795131845842,
        0.04056795131845842,
        0.0436105476673428,
        0.0436105476673428,
        0.04563894523326572,
        0.04563894523326572,
        0.04766734279918864,
        0.04766734279918864,
        0.0486815415821501,
        0.0486815415821501,
        0.05070993914807302,
        0.05070993914807302,
        0.05172413793103448,
        0.05172413793103448,
        0.055780933062880324,
        0.055780933062880324,
        0.056795131845841784,
        0.056795131845841784,
        0.057809330628803245,
        0.057809330628803245,
        0.059837728194726165,
        0.059837728194726165,
        0.060851926977687626,
        0.060851926977687626,
        0.06288032454361055,
        0.06288032454361055,
        0.06389452332657201,
        0.06389452332657201,
        0.06693711967545639,
        0.06693711967545639,
        0.06795131845841786,
        0.06795131845841786,
        0.06896551724137931,
        0.06896551724137931,
        0.06997971602434078,
        0.06997971602434078,
        0.07099391480730223,
        0.07099391480730223,
        0.07403651115618662,
        0.07403651115618662,
        0.07606490872210954,
        0.07606490872210954,
        0.08417849898580122,
        0.08417849898580122,
        0.08519269776876268,
        0.08519269776876268,
        0.0922920892494929,
        0.0922920892494929,
        0.09330628803245436,
        0.09330628803245436,
        0.09533468559837728,
        0.09533468559837728,
        0.0973630831643002,
        0.0973630831643002,
        0.10040567951318459,
        0.10040567951318459,
        0.10649087221095335,
        0.10649087221095335,
        0.11764705882352941,
        0.11764705882352941,
        0.1206896551724138,
        0.1206896551724138,
        0.12170385395537525,
        0.12170385395537525,
        0.13691683569979715,
        0.13691683569979715,
        0.14198782961460446,
        0.14198782961460446,
        0.14705882352941177,
        0.14705882352941177,
        0.15821501014198783,
        0.15821501014198783,
        0.1592292089249493,
        0.1592292089249493,
        0.1612576064908722,
        0.1612576064908722,
        0.1795131845841785,
        0.1795131845841785,
        0.18661257606490872,
        0.18661257606490872,
        0.18864097363083165,
        0.18864097363083165,
        0.19371196754563894,
        0.19371196754563894,
        0.23529411764705882,
        0.23529411764705882,
        0.25050709939148075,
        0.25050709939148075,
        0.2647058823529412,
        0.2647058823529412,
        0.3093306288032454,
        0.3093306288032454,
        0.3509127789046653,
        0.3509127789046653,
        1.0
    ],