{
    "accuracy": 0.9705053333333333,
    "precision": 0.9837912857396747,
    "recall": 0.9568954224069924,
    "f1_score": 0.9701192798903813,
    "fp_rate": 0.015839342946176737,
    "tp_rate": 0.9568954224069924,
    "std_accuracy": 0.006079233723642041,
    "std_precision": 0.006551245843550559,
    "std_recall": 0.010249901549059038,
    "std_f1_score": 0.006231370226313616,
    "std_fp_rate": 0.00643160506964041,
    "std_tp_rate": 0.010249901549059038,
    "TP": 359.521,
    "TN": 368.358,
    "FP": 5.926,
    "FN": 16.195,
    "roc_auc": 0.9967715555555555,
    "fpr_at_thresholds": [
        0.0,
        0.0,
        0.0,
        0.008,
        0.008,
        0.016,
        0.016,
        0.024,
        0.024,
        0.02666666666666667,
        0.034666666666666665,
        0.034666666666666665,
        0.058666666666666666,
        0.058666666666666666,
        0.06666666666666667,
        0.06933333333333333,
        0.06933333333333333,
        0.07733333333333334,
        0.08,
        0.12,
        0.12,
        0.232,
        0.232,
        0.264,
        0.2693333333333333,
        0.31733333333333336,
        0.32,
        0.376,
        0.38133333333333336,
        0.5093333333333333,
        0.512,
        0.5173333333333333,
        0.5333333333333333,
        0.544,
        0.552,
        0.5546666666666666,
        0.5786666666666667,
        0.584,
        0.72,
        0.7253333333333334,
        0.7333333333333333,
        0.7386666666666667,
        0.7466666666666667,
        0.752,
        0.776,
        0.7786666666666666,
        0.784,
        0.92,
        0.9253333333333333,
        0.9973333333333333,
        1.0
    ],
    "tpr_at_thresholds": [
        0.0,
        0.0026666666666666666,
        0.8186666666666667,
        0.8186666666666667,
        0.9493333333333334,
        0.9493333333333334,
        0.9786666666666667,
        0.9786666666666667,
        0.9813333333333333,
        0.9813333333333333,
        0.9813333333333333,
        0.9866666666666667,
        0.9866666666666667,
        0.9893333333333333,
        0.9893333333333333,
        0.9893333333333333,
        0.9946666666666667,
        0.9946666666666667,
        0.9946666666666667,
        0.9946666666666667,
        0.9973333333333333,
        0.9973333333333333,
        1.0,
        1.0,
        1.0,
        1.0,
        1.0,
        1.0,
        1.0,
        1.0,
        1.0,
        1.0,
        1.0,
        1.0,
        1.0,
        1.0,
        1.0,
        1.0,
        1.0,
        1.0,
        1.0,
        1.0,
        1.0,
        1.0,
        1.0,
        1.0,
        1.0,
        1.0,
        1.0,
        1.0,
        1.0
    ],
    "thresholds": [
        Infinity,
        2.9130356311798096,
        1.8527884483337402,
        1.8482496738433838,
        0.4263755679130554,
        0.1967102587223053,
        -0.6715251207351685,
        -0.8318567872047424,
        -0.8494682312011719,
        -1.0144456624984741,
        -1.2451986074447632,
        -1.3421568870544434,
        -1.74638831615448,
        -1.7596957683563232,
        -1.8146723508834839,
        -1.8207138776779175,
        -1.8839470148086548,
        -1.9203819036483765,
        -1.9954262971878052,
        -2.234955310821533,
        -2.3430819511413574,
        -2.6776976585388184,
        -2.6778712272644043,
        -2.7086684703826904,
        -2.724557638168335,
        -2.775134325027466,
        -2.7790145874023438,
        -2.8211562633514404,
        -2.828557014465332,
        -2.937304735183716,
        -2.9407882690429688,
        -2.9418280124664307,
        -2.9449641704559326,
        -2.9533121585845947,
        -2.953603744506836,
        -2.9571292400360107,
        -2.965729236602783,
        -2.9675703048706055,
        -3.0257673263549805,
        -3.0281002521514893,
        -3.0294556617736816,
        -3.0295395851135254,
        -3.02960467338562,
        -3.0305676460266113,
        -3.0346872806549072,
        -3.034879684448242,
        -3.034987449645996,
        -3.0662217140197754,
        -3.0704658031463623,
        -3.1380743980407715,
        -3.1494364738464355
    ]
}