{
    "accuracy": 0.8981362351611081,
    "precision": 0.9809474153709966,
    "recall": 0.8121761850850405,
    "f1_score": 0.8885579022821949,
    "fp_rate": 0.015800205563752306,
    "tp_rate": 0.8121761850850405,
    "std_accuracy": 0.007235863105513277,
    "std_precision": 0.005035942981567538,
    "std_recall": 0.01309602668062017,
    "std_f1_score": 0.008205405245132627,
    "std_fp_rate": 0.004220431673130664,
    "std_tp_rate": 0.01309602668062017,
    "TP": 718.774,
    "TN": 870.029,
    "FP": 13.964,
    "FN": 166.233,
    "roc_auc": 0.9861850346396707,
    "fpr_at_thresholds": [
        0.0,
        0.0,
        0.0,
        0.0011312217194570137,
        0.0011312217194570137,
        0.0022624434389140274,
        0.0022624434389140274,
        0.003393665158371041,
        0.003393665158371041,
        0.004524886877828055,
        0.004524886877828055,
        0.005656108597285068,
        0.005656108597285068,
        0.006787330316742082,
        0.006787330316742082,
        0.007918552036199095,
        0.007918552036199095,
        0.00904977375565611,
        0.00904977375565611,
        0.010180995475113122,
        0.010180995475113122,
        0.011312217194570135,
        0.011312217194570135,
        0.012443438914027148,
        0.012443438914027148,
        0.013574660633484163,
        0.013574660633484163,
        0.014705882352941176,
        0.014705882352941176,
        0.01583710407239819,
        0.01583710407239819,
        0.016968325791855202,
        0.016968325791855202,
        0.01809954751131222,
        0.01809954751131222,
        0.019230769230769232,
        0.019230769230769232,
        0.021493212669683258,
        0.021493212669683258,
        0.023755656108597284,
        0.023755656108597284,
        0.024886877828054297,
        0.024886877828054297,
        0.026018099547511313,
        0.026018099547511313,
        0.027149321266968326,
        0.027149321266968326,
        0.02828054298642534,
        0.02828054298642534,
        0.030542986425339366,
        0.030542986425339366,
        0.03167420814479638,
        0.03167420814479638,
        0.032805429864253395,
        0.032805429864253395,
        0.033936651583710405,
        0.033936651583710405,
        0.03619909502262444,
        0.03619909502262444,
        0.03733031674208145,
        0.03733031674208145,
        0.038461538461538464,
        0.038461538461538464,
        0.0418552036199095,
        0.0418552036199095,
        0.042986425339366516,
        0.042986425339366516,
        0.04524886877828054,
        0.04524886877828054,
        0.04638009049773756,
        0.04638009049773756,
        0.04751131221719457,
        0.04751131221719457,
        0.049773755656108594,
        0.049773755656108594,
        0.05090497737556561,
        0.05090497737556561,
        0.05203619909502263,
        0.05203619909502263,
        0.05429864253393665,
        0.05429864253393665,
        0.05542986425339366,
        0.05542986425339366,
        0.05656108597285068,
        0.05656108597285068,
        0.058823529411764705,
        0.058823529411764705,
        0.05995475113122172,
        0.05995475113122172,
        0.06108597285067873,
        0.06108597285067873,
        0.06561085972850679,
        0.06561085972850679,
        0.06787330316742081,
        0.06787330316742081,
        0.07013574660633484,
        0.07013574660633484,
        0.07126696832579185,
        0.07126696832579185,
        0.0757918552036199,
        0.0757918552036199,
        0.07692307692307693,
        0.07692307692307693,
        0.07805429864253394,
        0.07805429864253394,
        0.08144796380090498,
        0.08144796380090498,
        0.083710407239819,
        0.083710407239819,
        0.08710407239819004,
        0.08710407239819004,
        0.08823529411764706,
        0.08823529411764706,
        0.08936651583710407,
        0.08936651583710407,
        0.09389140271493213,
        0.09389140271493213,
        0.09728506787330317,
        0.09728506787330317,
        0.10067873303167421,
        0.10067873303167421,
        0.10972850678733032,
        0.10972850678733032,
        0.11877828054298642,
        0.11877828054298642,
        0.1244343891402715,
        0.1244343891402715,
        0.12782805429864252,
        0.12782805429864252,
        0.1334841628959276,
        0.1334841628959276,
        0.1436651583710407,
        0.1436651583710407,
        0.15384615384615385,
        0.15384615384615385,
        0.15723981900452488,
        0.15723981900452488,
        0.16176470588235295,
        0.16176470588235295,
        0.18552036199095023,
        0.18552036199095023,
        0.20475113122171945,
        0.20475113122171945,
        0.2171945701357466,
        0.2171945701357466,
        0.2239819004524887,
        0.2239819004524887,
        0.25565610859728505,
        0.25565610859728505,
        0.25678733031674206,
        0.25678733031674206,
        0.25904977375565613,
        0.25904977375565613,
        0.2703619909502262,
        0.2703619909502262,
        0.28054298642533937,
        0.28054298642533937,
        0.36312217194570134,
        0.36312217194570134,
        1.0
    ],