{
    "accuracy": 0.9830737951807229,
    "precision": 0.9783944412554432,
    "recall": 0.9880056416979446,
    "f1_score": 0.9831682318489168,
    "fp_rate": 0.02186413543881744,
    "tp_rate": 0.9880056416979446,
    "std_accuracy": 0.002913416535502642,
    "std_precision": 0.0045790121245510304,
    "std_recall": 0.0035020377391373745,
    "std_f1_score": 0.002917389187411461,
    "std_fp_rate": 0.004625814713082914,
    "std_tp_rate": 0.0035020377391373745,
    "TP": 985.147,
    "TN": 973.136,
    "FP": 21.754,
    "FN": 11.963,
    "roc_auc": 0.998724818954533,
    "fpr_at_thresholds": [
        0.0,
        0.0,
        0.0,
        0.001004016064257028,
        0.001004016064257028,
        0.002008032128514056,
        0.002008032128514056,
        0.004016064257028112,
        0.004016064257028112,
        0.0050200803212851405,
        0.0050200803212851405,
        0.006024096385542169,
        0.006024096385542169,
        0.007028112449799197,
        0.007028112449799197,
        0.008032128514056224,
        0.008032128514056224,
        0.010040160642570281,
        0.010040160642570281,
        0.01104417670682731,
        0.01104417670682731,
        0.012048192771084338,
        0.012048192771084338,
        0.013052208835341365,
        0.013052208835341365,
        0.015060240963855422,
        0.015060240963855422,
        0.01706827309236948,
        0.01706827309236948,
        0.020080321285140562,
        0.020080321285140562,
        0.02108433734939759,
        0.02108433734939759,
        0.02208835341365462,
        0.02208835341365462,
        0.023092369477911646,
        0.023092369477911646,
        0.03413654618473896,
        0.03413654618473896,
        0.03714859437751004,
        0.03714859437751004,
        0.04116465863453815,
        0.04116465863453815,
        0.04216867469879518,
        0.04216867469879518,
        0.05120481927710843,
        0.05120481927710843,
        0.0572289156626506,
        0.0572289156626506,
        0.06124497991967871,
        0.06124497991967871,
        0.0642570281124498,
        0.0642570281124498,
        0.071285140562249,
        0.071285140562249,
        1.0
    ],
    "tpr_at_thresholds": [
        0.0,
        0.001004016064257028,
        0.8694779116465864,
        0.8694779116465864,
        0.8845381526104418,
        0.8845381526104418,
        0.9146586345381527,
        0.9146586345381527,
        0.9206827309236948,
        0.9206827309236948,
        0.9497991967871486,
        0.9497991967871486,
        0.9528112449799196,
        0.9528112449799196,
        0.9578313253012049,
        0.9578313253012049,
        0.9608433734939759,
        0.9608433734939759,
        0.9628514056224899,
        0.9628514056224899,
        0.9688755020080321,
        0.9688755020080321,
        0.9738955823293173,
        0.9738955823293173,
        0.9759036144578314,
        0.9759036144578314,
        0.9839357429718876,
        0.9839357429718876,
        0.9849397590361446,
        0.9849397590361446,
        0.9869477911646586,
        0.9869477911646586,
        0.9879518072289156,
        0.9879518072289156,
        0.9889558232931727,
        0.9889558232931727,
        0.9899598393574297,
        0.9899598393574297,
        0.9909638554216867,
        0.9909638554216867,
        0.9919678714859438,
        0.9919678714859438,
        0.9929718875502008,
        0.9929718875502008,
        0.9939759036144579,
        0.9939759036144579,
        0.9949799196787149,
        0.9949799196787149,
        0.9959839357429718,
        0.9959839357429718,
        0.9969879518072289,
        0.9969879518072289,
        0.9979919678714859,
        0.9979919678714859,
        1.0,
        1.0
    ],
    "thresholds": [
        Infinity,
        2.9337401390075684,
        2.201554536819458,
        2.2004318237304688,
        2.148045539855957,
        2.142669677734375,
        1.9014071226119995,
        1.8482496738433838,
        1.8089622259140015,
        1.7975351810455322,
        1.5292433500289917,
        1.5255085229873657,
        1.497331142425537,
        1.48953115940094,
        1.365212082862854,
        1.3257969617843628,
        1.2922630310058594,
        1.264612078666687,
        1.255179524421692,
        1.2382875680923462,
        1.024334192276001,
        0.9989728927612305,
        0.8979649543762207,
        0.8634378910064697,
        0.8202822208404541,
        0.7943858504295349,
        0.5362439155578613,
        0.44645994901657104,
        0.41454222798347473,
        0.3027057349681854,
        0.22737669944763184,
        0.1967102587223053,
        0.07386700063943863,
        0.035453926771879196,
        -0.10503924638032913,
        -0.19152981042861938,
        -0.19449716806411743,
        -0.41236090660095215,
        -0.4358487129211426,
        -0.5256482362747192,
        -0.5770994424819946,
        -0.6639547944068909,
        -0.7060309052467346,
        -0.7553098201751709,
        -0.7578670978546143,
        -1.0533567667007446,
        -1.0665628910064697,
        -1.1777830123901367,
        -1.1971807479858398,
        -1.2605535984039307,
        -1.266240119934082,
        -1.3443351984024048,
        -1.3563140630722046,
        -1.4677377939224243,
        -1.4794292449951172,
        -3.1494364738464355
    ]
}