{
    "accuracy": 0.962214357429719,
    "precision": 0.9772171479504743,
    "recall": 0.946586666397631,
    "f1_score": 0.961638641972205,
    "fp_rate": 0.02211287555168925,
    "tp_rate": 0.946586666397631,
    "std_accuracy": 0.004290704645920817,
    "std_precision": 0.004967469501664098,
    "std_recall": 0.007106314837128664,
    "std_f1_score": 0.0044247015848931275,
    "std_fp_rate": 0.004805028914858802,
    "std_tp_rate": 0.007106314837128664,
    "TP": 943.845,
    "TN": 972.886,
    "FP": 22.004,
    "FN": 53.265,
    "roc_auc": 0.9944194448476636,
    "fpr_at_thresholds": [
        0.0,
        0.0,
        0.0,
        0.001004016064257028,
        0.001004016064257028,
        0.002008032128514056,
        0.002008032128514056,
        0.0030120481927710845,
        0.0030120481927710845,
        0.004016064257028112,
        0.004016064257028112,
        0.0050200803212851405,
        0.0050200803212851405,
        0.006024096385542169,
        0.006024096385542169,
        0.007028112449799197,
        0.007028112449799197,
        0.008032128514056224,
        0.008032128514056224,
        0.009036144578313253,
        0.009036144578313253,
        0.010040160642570281,
        0.010040160642570281,
        0.01104417670682731,
        0.01104417670682731,
        0.012048192771084338,
        0.012048192771084338,
        0.013052208835341365,
        0.013052208835341365,
        0.014056224899598393,
        0.014056224899598393,
        0.015060240963855422,
        0.015060240963855422,
        0.01606425702811245,
        0.01606425702811245,
        0.01706827309236948,
        0.01706827309236948,
        0.018072289156626505,
        0.018072289156626505,
        0.019076305220883535,
        0.019076305220883535,
        0.020080321285140562,
        0.020080321285140562,
        0.02108433734939759,
        0.02108433734939759,
        0.02208835341365462,
        0.02208835341365462,
        0.025100401606425703,
        0.025100401606425703,
        0.02610441767068273,
        0.02610441767068273,
        0.02710843373493976,
        0.02710843373493976,
        0.029116465863453816,
        0.029116465863453816,
        0.03413654618473896,
        0.03413654618473896,
        0.035140562248995984,
        0.035140562248995984,
        0.03714859437751004,
        0.03714859437751004,
        0.0391566265060241,
        0.0391566265060241,
        0.040160642570281124,
        0.040160642570281124,
        0.04116465863453815,
        0.04116465863453815,
        0.04216867469879518,
        0.04216867469879518,
        0.04317269076305221,
        0.04317269076305221,
        0.045180722891566265,
        0.045180722891566265,
        0.04819277108433735,
        0.04819277108433735,
        0.04919678714859438,
        0.04919678714859438,
        0.05120481927710843,
        0.05120481927710843,
        0.05321285140562249,
        0.05321285140562249,
        0.05421686746987952,
        0.05421686746987952,
        0.06224899598393574,
        0.06224899598393574,
        0.06325301204819277,
        0.06325301204819277,
        0.06827309236947791,
        0.06827309236947791,
        0.07329317269076305,
        0.07329317269076305,
        0.0823293172690763,
        0.0823293172690763,
        0.09236947791164658,
        0.09236947791164658,
        0.10240963855421686,
        0.10240963855421686,
        0.10642570281124498,
        0.10642570281124498,
        0.12751004016064257,
        0.12751004016064257,
        0.13654618473895583,
        0.13654618473895583,
        0.14457831325301204,
        0.14457831325301204,
        0.20682730923694778,
        0.20682730923694778,
        0.21987951807228914,
        0.21987951807228914,
        0.23393574297188754,
        0.23393574297188754,
        0.2389558232931727,
        0.2389558232931727,
        0.24497991967871485,
        0.24497991967871485,
        0.25502008032128515,
        0.25502008032128515,
        1.0
    ],
    "tpr_at_thresholds": [
        0.0,
        0.001004016064257028,
        0.7098393574297188,
        0.7098393574297188,
        0.7238955823293173,
        0.7238955823293173,
        0.7921686746987951,
        0.7921686746987951,
        0.8032128514056225,
        0.8032128514056225,
        0.8092369477911646,
        0.8092369477911646,
        0.8524096385542169,
        0.8524096385542169,
        0.8544176706827309,
        0.8544176706827309,
        0.8684738955823293,
        0.8684738955823293,
        0.8734939759036144,
        0.8734939759036144,
        0.8744979919678715,
        0.8744979919678715,
        0.8785140562248996,
        0.8785140562248996,
        0.8875502008032129,
        0.8875502008032129,
        0.8995983935742972,
        0.8995983935742972,
        0.9046184738955824,
        0.9046184738955824,
        0.9056224899598394,
        0.9056224899598394,
        0.9176706827309237,
        0.9176706827309237,
        0.9206827309236948,
        0.9206827309236948,
        0.927710843373494,
        0.927710843373494,
        0.928714859437751,
        0.928714859437751,
        0.929718875502008,
        0.929718875502008,
        0.9377510040160643,
        0.9377510040160643,
        0.9467871485943775,
        0.9467871485943775,
        0.9518072289156626,
        0.9518072289156626,
        0.9528112449799196,
        0.9528112449799196,
        0.9538152610441767,
        0.9538152610441767,
        0.9558232931726908,
        0.9558232931726908,
        0.9568273092369478,
        0.9568273092369478,
        0.9588353413654619,
        0.9588353413654619,
        0.9598393574297188,
        0.9598393574297188,
        0.9618473895582329,
        0.9618473895582329,
        0.963855421686747,
        0.963855421686747,
        0.964859437751004,
        0.964859437751004,
        0.9678714859437751,
        0.9678714859437751,
        0.9688755020080321,
        0.9688755020080321,
        0.9728915662650602,
        0.9728915662650602,
        0.9759036144578314,
        0.9759036144578314,
        0.9769076305220884,
        0.9769076305220884,
        0.9779116465863453,
        0.9779116465863453,
        0.9789156626506024,
        0.9789156626506024,
        0.9809236947791165,
        0.9809236947791165,
        0.9819277108433735,
        0.9819277108433735,
        0.9829317269076305,
        0.9829317269076305,
        0.9839357429718876,
        0.9839357429718876,
        0.9849397590361446,
        0.9849397590361446,
        0.9859437751004017,
        0.9859437751004017,
        0.9869477911646586,
        0.9869477911646586,
        0.9889558232931727,
        0.9889558232931727,
        0.9899598393574297,
        0.9899598393574297,
        0.9909638554216867,
        0.9909638554216867,
        0.9919678714859438,
        0.9919678714859438,
        0.9929718875502008,
        0.9929718875502008,
        0.9939759036144579,
        0.9939759036144579,
        0.9949799196787149,
        0.9949799196787149,
        0.9959839357429718,
        0.9959839357429718,
        0.9969879518072289,
        0.9969879518072289,
        0.9979919678714859,
        0.9979919678714859,
        0.998995983935743,
        0.998995983935743,
        1.0,
        1.0
    ],