{"samples": 192, "accuracy": 0.5187763691683569, "std": 0.011623999790824832, "lower_bound": 0.4964503042596349, "upper_bound": 0.5415948275862069}
{"samples": 400, "accuracy": 0.6971475659229209, "std": 0.010425405750920349, "lower_bound": 0.6774721095334685, "upper_bound": 0.7190669371196755}
{"samples": 608, "accuracy": 0.7495618661257606, "std": 0.010434418754401823, "lower_bound": 0.72920892494929, "upper_bound": 0.7692824543610548}
{"samples": 816, "accuracy": 0.8115461460446247, "std": 0.008893789520013346, "lower_bound": 0.7935978701825558, "upper_bound": 0.8280933062880325}
{"samples": 1024, "accuracy": 0.7890451318458418, "std": 0.009012013549020424, "lower_bound": 0.7712981744421906, "upper_bound": 0.8052738336713996}
{"samples": 1232, "accuracy": 0.8346237322515213, "std": 0.008577404695471729, "lower_bound": 0.8179513184584178, "upper_bound": 0.8519269776876268}
{"samples": 1440, "accuracy": 0.8541237322515213, "std": 0.007970334197615012, "lower_bound": 0.8382352941176471, "upper_bound": 0.8691683569979716}
{"samples": 1648, "accuracy": 0.9045344827586207, "std": 0.006547622021026956, "lower_bound": 0.8914807302231237, "upper_bound": 0.9178498985801217}
{"samples": 1856, "accuracy": 0.8363463488843813, "std": 0.008546864643426851, "lower_bound": 0.8204741379310344, "upper_bound": 0.8529411764705882}
{"samples": 2064, "accuracy": 0.7977971602434077, "std": 0.008413976478761267, "lower_bound": 0.7824543610547667, "upper_bound": 0.8144016227180527}
{"samples": 2272, "accuracy": 0.8560055780933062, "std": 0.008091265416371235, "lower_bound": 0.8397565922920892, "upper_bound": 0.8712094320486816}
{"samples": 2480, "accuracy": 0.9146810344827586, "std": 0.006252085116431107, "lower_bound": 0.902129817444219, "upper_bound": 0.9264705882352942}
{"samples": 2688, "accuracy": 0.8787941176470588, "std": 0.007501912539165325, "lower_bound": 0.8640973630831643, "upper_bound": 0.8930020283975659}
{"samples": 2896, "accuracy": 0.9235157200811359, "std": 0.005944214459693805, "lower_bound": 0.9117520283975659, "upper_bound": 0.9355983772819473}
{"samples": 3104, "accuracy": 0.9114781947261663, "std": 0.006473770236793612, "lower_bound": 0.8985801217038539, "upper_bound": 0.9234279918864098}
{"samples": 3312, "accuracy": 0.9105512170385396, "std": 0.006329781719172497, "lower_bound": 0.8980730223123732, "upper_bound": 0.9224137931034483}
{"samples": 3520, "accuracy": 0.8872540567951318, "std": 0.007419347177859949, "lower_bound": 0.8722109533468559, "upper_bound": 0.9026369168356998}
{"samples": 3728, "accuracy": 0.8349477687626775, "std": 0.00872269490405612, "lower_bound": 0.8169371196754563, "upper_bound": 0.8504183569979716}
{"samples": 3936, "accuracy": 0.8935588235294117, "std": 0.006840550806393459, "lower_bound": 0.8803245436105477, "upper_bound": 0.9067063894523327}
{"samples": 4144, "accuracy": 0.814185598377282, "std": 0.00875698432505995, "lower_bound": 0.7951191683569979, "upper_bound": 0.8321501014198783}
{"samples": 4352, "accuracy": 0.8613265720081136, "std": 0.007511727216611205, "lower_bound": 0.8463488843813387, "upper_bound": 0.8757733265720081}
{"samples": 4560, "accuracy": 0.8711612576064909, "std": 0.007184349308326864, "lower_bound": 0.8564908722109533, "upper_bound": 0.8848884381338742}
{"samples": 4768, "accuracy": 0.8604467545638945, "std": 0.007711169493024654, "lower_bound": 0.845841784989858, "upper_bound": 0.8752535496957403}
{"samples": 4976, "accuracy": 0.8943635902636917, "std": 0.006997048749303404, "lower_bound": 0.8808316430020284, "upper_bound": 0.907707910750507}
{"samples": 5184, "accuracy": 0.9375496957403651, "std": 0.0055553402815785614, "lower_bound": 0.9264579107505071, "upper_bound": 0.9482758620689655}
{"samples": 5392, "accuracy": 0.9344543610547668, "std": 0.005692638773997229, "lower_bound": 0.922920892494929, "upper_bound": 0.9447388438133875}
{"samples": 5600, "accuracy": 0.883787018255578, "std": 0.007122254117140767, "lower_bound": 0.8691683569979716, "upper_bound": 0.8975659229208925}
{"samples": 5808, "accuracy": 0.8588519269776876, "std": 0.007778046185283886, "lower_bound": 0.8433062880324543, "upper_bound": 0.8737322515212982}
{"samples": 6016, "accuracy": 0.9161790060851926, "std": 0.0062512413959147275, "lower_bound": 0.904158215010142, "upper_bound": 0.9280045638945233}
{"samples": 6224, "accuracy": 0.9309650101419878, "std": 0.0056438187374439125, "lower_bound": 0.9193711967545639, "upper_bound": 0.9411764705882353}
{"samples": 6432, "accuracy": 0.9098661257606491, "std": 0.006398832099083856, "lower_bound": 0.8975659229208925, "upper_bound": 0.9224137931034483}
{"samples": 6640, "accuracy": 0.8384695740365111, "std": 0.008371296465905157, "lower_bound": 0.8225152129817445, "upper_bound": 0.8539553752535497}
{"samples": 6848, "accuracy": 0.9274036511156187, "std": 0.006084186867514761, "lower_bound": 0.9158088235294117, "upper_bound": 0.9391480730223124}
{"samples": 7056, "accuracy": 0.9176866125760648, "std": 0.006207698495834393, "lower_bound": 0.9056668356997971, "upper_bound": 0.9295131845841785}
{"samples": 7264, "accuracy": 0.8491333671399596, "std": 0.007763357457799068, "lower_bound": 0.8336587221095334, "upper_bound": 0.8640973630831643}
{"samples": 7472, "accuracy": 0.9244016227180527, "std": 0.00605366239703826, "lower_bound": 0.9122718052738337, "upper_bound": 0.936105476673428}
{"samples": 7680, "accuracy": 0.946251014198783, "std": 0.005163431104559417, "lower_bound": 0.9355983772819473, "upper_bound": 0.9558823529411765}
{"samples": 7888, "accuracy": 0.9164756592292089, "std": 0.006322614370715289, "lower_bound": 0.9036511156186613, "upper_bound": 0.928498985801217}
{"samples": 8096, "accuracy": 0.8973640973630832, "std": 0.0066513502968408465, "lower_bound": 0.8838742393509128, "upper_bound": 0.9112576064908722}
{"samples": 8304, "accuracy": 0.8860502028397566, "std": 0.00704281131879382, "lower_bound": 0.8722109533468559, "upper_bound": 0.8995943204868154}
{"samples": 8512, "accuracy": 0.9270775862068965, "std": 0.005875577316689609, "lower_bound": 0.9158215010141988, "upper_bound": 0.9386409736308317}
{"samples": 8720, "accuracy": 0.9198453346855984, "std": 0.006072094909379038, "lower_bound": 0.9087221095334685, "upper_bound": 0.9315415821501014}
{"samples": 8928, "accuracy": 0.8703453346855984, "std": 0.007530997222579857, "lower_bound": 0.8544624746450304, "upper_bound": 0.8848884381338742}
{"samples": 9136, "accuracy": 0.9345177484787018, "std": 0.005523377202568219, "lower_bound": 0.9239350912778904, "upper_bound": 0.9452332657200812}
{"samples": 9344, "accuracy": 0.8752505070993915, "std": 0.00754736935980882, "lower_bound": 0.8600405679513184, "upper_bound": 0.8894523326572008}
{"samples": 9552, "accuracy": 0.9086861054766735, "std": 0.00631793662521713, "lower_bound": 0.8960446247464503, "upper_bound": 0.9203980730223124}
{"samples": 9760, "accuracy": 0.9455983772819473, "std": 0.005006424617250323, "lower_bound": 0.9355983772819473, "upper_bound": 0.9558823529411765}
{"samples": 9968, "accuracy": 0.87126369168357, "std": 0.007571260128816191, "lower_bound": 0.8564781947261663, "upper_bound": 0.8859026369168357}
{"samples": 10176, "accuracy": 0.9001921906693713, "std": 0.006726114008921859, "lower_bound": 0.8874239350912779, "upper_bound": 0.9127915821501015}
{"samples": 10384, "accuracy": 0.9046876267748478, "std": 0.006686909999049266, "lower_bound": 0.890973630831643, "upper_bound": 0.9168483772819472}
{"samples": 10592, "accuracy": 0.9020867139959432, "std": 0.006731441683447564, "lower_bound": 0.8884381338742393, "upper_bound": 0.9148073022312373}
{"samples": 10800, "accuracy": 0.9387053752535496, "std": 0.005336094661741968, "lower_bound": 0.9279792089249492, "upper_bound": 0.9487956389452333}
{"samples": 11008, "accuracy": 0.8883833671399595, "std": 0.006708645828006105, "lower_bound": 0.8752535496957403, "upper_bound": 0.9016227180527383}
{"samples": 11216, "accuracy": 0.9347844827586207, "std": 0.005465980447493873, "lower_bound": 0.9239350912778904,