{"samples": 448, "accuracy": 0.5016774519716886, "std": 0.011643205261484626, "lower_bound": 0.4782482305358949, "upper_bound": 0.5242669362992922}
{"samples": 960, "accuracy": 0.550216885743175, "std": 0.011278374729713618, "lower_bound": 0.5288169868554095, "upper_bound": 0.5728008088978767}
{"samples": 1472, "accuracy": 0.5786668351870576, "std": 0.010859371510420272, "lower_bound": 0.5571284125379171, "upper_bound": 0.5995955510616785}
{"samples": 1984, "accuracy": 0.6840075834175935, "std": 0.010176205634721998, "lower_bound": 0.6648003033367037, "upper_bound": 0.7032355915065723}
{"samples": 2496, "accuracy": 0.6870176946410516, "std": 0.010369955121435048, "lower_bound": 0.6673407482305359, "upper_bound": 0.7067745197168858}
{"samples": 3008, "accuracy": 0.7532891809908998, "std": 0.00971622238849973, "lower_bound": 0.7335692618806876, "upper_bound": 0.7720045500505561}
{"samples": 3520, "accuracy": 0.7660480283114257, "std": 0.00954614030109059, "lower_bound": 0.7467012133468149, "upper_bound": 0.7841253791708797}
{"samples": 4032, "accuracy": 0.763303842264914, "std": 0.009659986546342194, "lower_bound": 0.7441860465116279, "upper_bound": 0.782103134479272}
{"samples": 4544, "accuracy": 0.7323887765419616, "std": 0.009862522489479468, "lower_bound": 0.7128412537917088, "upper_bound": 0.7502654196157735}
{"samples": 5056, "accuracy": 0.7488468149646108, "std": 0.009690739185406316, "lower_bound": 0.7305358948432761, "upper_bound": 0.7679474216380182}
{"samples": 5568, "accuracy": 0.7362644084934277, "std": 0.009789881618312787, "lower_bound": 0.7168731041456016, "upper_bound": 0.7543099089989889}
{"samples": 6080, "accuracy": 0.7510702730030333, "std": 0.009512403320865035, "lower_bound": 0.7325581395348837, "upper_bound": 0.7709807886754297}
{"samples": 6592, "accuracy": 0.715211324570273, "std": 0.010256921163903544, "lower_bound": 0.6956395348837209, "upper_bound": 0.7360970677451971}
{"samples": 7104, "accuracy": 0.7852254802831142, "std": 0.009699017164857621, "lower_bound": 0.7669236602628918, "upper_bound": 0.8038422649140546}
{"samples": 7616, "accuracy": 0.8221395348837209, "std": 0.008330125416724496, "lower_bound": 0.8053589484327603, "upper_bound": 0.8387259858442871}
{"samples": 8128, "accuracy": 0.8268458038422649, "std": 0.00807405092169995, "lower_bound": 0.8104145601617796, "upper_bound": 0.8417719919110213}
{"samples": 8640, "accuracy": 0.7571627906976743, "std": 0.009475486618642646, "lower_bound": 0.7391304347826086, "upper_bound": 0.776036400404449}
{"samples": 9152, "accuracy": 0.7683104145601618, "std": 0.009445209795836379, "lower_bound": 0.750252780586451, "upper_bound": 0.7866531850353893}
{"samples": 9664, "accuracy": 0.8217664307381194, "std": 0.008431327879630643, "lower_bound": 0.804335187057634, "upper_bound": 0.837221941354904}
{"samples": 10176, "accuracy": 0.771061678463094, "std": 0.00931444017055892, "lower_bound": 0.7537790697674418, "upper_bound": 0.7906976744186046}
{"samples": 10688, "accuracy": 0.7902987866531851, "std": 0.009300793371307032, "lower_bound": 0.7724974721941354, "upper_bound": 0.8083923154701719}
{"samples": 11200, "accuracy": 0.772829625884732, "std": 0.009281466356136732, "lower_bound": 0.7548028311425683, "upper_bound": 0.7912032355915066}
{"samples": 11712, "accuracy": 0.8230697674418604, "std": 0.008704391873916187, "lower_bound": 0.8063700707785642, "upper_bound": 0.840242669362993}
{"samples": 12224, "accuracy": 0.7452431749241658, "std": 0.009724199673348108, "lower_bound": 0.7259858442871587, "upper_bound": 0.7639155712841255}
{"samples": 12736, "accuracy": 0.8180414560161781, "std": 0.008704151500338465, "lower_bound": 0.801314459049545, "upper_bound": 0.8351996966632963}
{"samples": 13248, "accuracy": 0.7602760364004044, "std": 0.00975082852557067, "lower_bound": 0.7411400404448938, "upper_bound": 0.7795753286147624}
{"samples": 13760, "accuracy": 0.7963725985844288, "std": 0.00917846796724736, "lower_bound": 0.7785642062689585, "upper_bound": 0.813953488372093}
{"samples": 14272, "accuracy": 0.7733417593528817, "std": 0.009825059497205652, "lower_bound": 0.7532861476238625, "upper_bound": 0.7922143579373104}
{"samples": 14784, "accuracy": 0.7731996966632962, "std": 0.009503227956473887, "lower_bound": 0.7548028311425683, "upper_bound": 0.7927199191102123}
{"samples": 15296, "accuracy": 0.8047780586450961, "std": 0.009156532129149702, "lower_bound": 0.7866531850353893, "upper_bound": 0.8230535894843276}
{"samples": 15808, "accuracy": 0.7990192113245703, "std": 0.008715798375771173, "lower_bound": 0.782103134479272, "upper_bound": 0.8159757330637007}
{"samples": 192, "loss": 0.7011327743530273}
{"samples": 448, "loss": 0.6989555358886719}
{"samples": 704, "loss": 0.6900663375854492}
{"samples": 960, "loss": 0.6744964122772217}
{"samples": 1216, "loss": 0.6495323181152344}
{"samples": 1472, "loss": 0.6466009616851807}
{"samples": 1728, "loss": 0.6114916801452637}
{"samples": 1984, "loss": 0.5860118865966797}
{"samples": 2240, "loss": 0.5755255222320557}
{"samples": 2496, "loss": 0.5739424228668213}
{"samples": 2752, "loss": 0.5360540747642517}
{"samples": 3008, "loss": 0.5112822651863098}
{"samples": 3264, "loss": 0.5401285588741302}
{"samples": 3520, "loss": 0.5075282976031303}
{"samples": 3776, "loss": 0.48287472128868103}
{"samples": 4032, "loss": 0.46919266879558563}
{"samples": 4288, "loss": 0.47671429067850113}
{"samples": 4544, "loss": 0.47425805032253265}
{"samples": 4800, "loss": 0.496323861181736}
{"samples": 5056, "loss": 0.44958969205617905}
{"samples": 5312, "loss": 0.4636223167181015}
{"samples": 5568, "loss": 0.4523055776953697}
{"samples": 5824, "loss": 0.423992358148098}
{"samples": 6080, "loss": 0.47372429072856903}
{"samples": 6336, "loss": 0.4819461703300476}
{"samples": 6592, "loss": 0.46717119961977005}
{"samples": 6848, "loss": 0.4281293898820877}
{"samples": 7104, "loss": 0.40136297047138214}
{"samples": 7360, "loss": 0.466967836022377}
{"samples": 7616, "loss": 0.42097342759370804}
{"samples": 7872, "loss": 0.4474004805088043}
{"samples": 8128, "loss": 0.4206748306751251}
{"samples": 8384, "loss": 0.45902711898088455}
{"samples": 8640, "loss": 0.4421437978744507}
{"samples": 8896, "loss": 0.35303419828414917}
{"samples": 9152, "loss": 0.4605061858892441}
{"samples": 9408, "loss": 0.4077783226966858}
{"samples": 9664, "loss": 0.4178403243422508}
{"samples": 9920, "loss": 0.41527123004198074}
{"samples": 10176, "loss": 0.3836197331547737}
{"samples": 10432, "loss": 0.4336809068918228}
{"samples": 10688, "loss": 0.40215932577848434}
{"samples": 10944, "loss": 0.3807847276329994}
{"samples": 11200, "loss": 0.39331692457199097}
{"samples": 11456, "loss": 0.432422012090683}
{"samples": 11712, "loss": 0.41397570073604584}
{"samples": 11968, "loss": 0.4652393236756325}
{"samples": 12224, "loss": 0.43308641761541367}
{"samples": 12480, "loss": 0.34291496127843857}
{"samples": 12736, "loss": 0.40384749323129654}
{"samples": 12992, "loss": 0.43211761862039566}
{"samples": 13248, "loss": 0.4116441309452057}
{"samples": 13504, "loss": 0.3674028292298317}
{"samples": 13760, "loss": 0.43733200430870056}
{"samples": 14016, "loss": 0.34759051352739334}
{"samples": 14272, "loss": 0.4321235194802284}
{"samples": 14528, "loss": 0.3982914388179779}
{"samples": 14784, "loss": 0.43038301914930344}
{"samples": 15040, "loss": 0.4449251666665077}
{"samples": 15296, "loss": 0.4196610525250435}
{"samples": 15552, "loss": 0.4526103287935257}
{"samples": 15808, "loss": 0.4491402879357338}
