{"samples": 496, "accuracy": 0.5400299188640973, "std": 0.011508109601665073, "lower_bound": 0.5172287018255578, "upper_bound": 0.5618661257606491}
{"samples": 1008, "accuracy": 0.7961495943204868, "std": 0.009523361013121227, "lower_bound": 0.776369168356998, "upper_bound": 0.813894523326572}
{"samples": 1520, "accuracy": 0.761226673427992, "std": 0.009823153700263614, "lower_bound": 0.7413793103448276, "upper_bound": 0.7799188640973631}
{"samples": 2032, "accuracy": 0.8381206896551723, "std": 0.008207508595110225, "lower_bound": 0.8219954361054767, "upper_bound": 0.8539553752535497}
{"samples": 2544, "accuracy": 0.8186293103448277, "std": 0.00902675989707454, "lower_bound": 0.8012170385395537, "upper_bound": 0.8351926977687627}
{"samples": 3056, "accuracy": 0.7565649087221096, "std": 0.009747409102368973, "lower_bound": 0.7378296146044625, "upper_bound": 0.7753549695740365}
{"samples": 3568, "accuracy": 0.9070912778904665, "std": 0.006446893672684535, "lower_bound": 0.8940162271805274, "upper_bound": 0.9193711967545639}
{"samples": 4080, "accuracy": 0.9126369168356998, "std": 0.00644278906995424, "lower_bound": 0.9001014198782962, "upper_bound": 0.9254563894523327}
{"samples": 4592, "accuracy": 0.8747094320486816, "std": 0.007328799828609126, "lower_bound": 0.8600278904665314, "upper_bound": 0.8889452332657201}
{"samples": 5104, "accuracy": 0.8846648073022312, "std": 0.007196927054944111, "lower_bound": 0.8701825557809331, "upper_bound": 0.8980856997971602}
{"samples": 5616, "accuracy": 0.8981546653144017, "std": 0.006680581330302593, "lower_bound": 0.8848884381338742, "upper_bound": 0.9117647058823529}
{"samples": 6128, "accuracy": 0.869461967545639, "std": 0.007494712147622875, "lower_bound": 0.8539553752535497, "upper_bound": 0.8838742393509128}
{"samples": 6640, "accuracy": 0.8460892494929005, "std": 0.008232299938308487, "lower_bound": 0.8296019269776875, "upper_bound": 0.8625887423935091}
{"samples": 7152, "accuracy": 0.8968331643002029, "std": 0.0067807925776009696, "lower_bound": 0.8838615618661257, "upper_bound": 0.9102434077079108}
{"samples": 7664, "accuracy": 0.911026369168357, "std": 0.006408220929040912, "lower_bound": 0.8975659229208925, "upper_bound": 0.922920892494929}
{"samples": 8176, "accuracy": 0.8998717038539554, "std": 0.00663474765105935, "lower_bound": 0.8864097363083164, "upper_bound": 0.9122718052738337}
{"samples": 8688, "accuracy": 0.8252799188640975, "std": 0.008439140942791105, "lower_bound": 0.8093052738336715, "upper_bound": 0.8417976673427993}
{"samples": 9200, "accuracy": 0.9121637931034483, "std": 0.0064135871611773415, "lower_bound": 0.9001014198782962, "upper_bound": 0.9239350912778904}
{"samples": 9712, "accuracy": 0.8808306288032454, "std": 0.007413716725978241, "lower_bound": 0.8661130831643001, "upper_bound": 0.8945360040567951}
{"samples": 10224, "accuracy": 0.8371587221095335, "std": 0.008197177684812472, "lower_bound": 0.8214883367139959, "upper_bound": 0.853448275862069}
{"samples": 10736, "accuracy": 0.9007063894523326, "std": 0.006636839480119478, "lower_bound": 0.8874239350912779, "upper_bound": 0.9132860040567952}
{"samples": 11248, "accuracy": 0.8845882352941177, "std": 0.007010445712656303, "lower_bound": 0.8711840770791075, "upper_bound": 0.8985801217038539}
{"samples": 11760, "accuracy": 0.8331587221095336, "std": 0.008598511009081988, "lower_bound": 0.815922920892495, "upper_bound": 0.8498985801217038}
{"samples": 12272, "accuracy": 0.8372860040567951, "std": 0.008606294149340839, "lower_bound": 0.8204868154158215, "upper_bound": 0.8539553752535497}
{"samples": 12784, "accuracy": 0.8751293103448277, "std": 0.007426452409504916, "lower_bound": 0.8605476673427992, "upper_bound": 0.8894523326572008}
{"samples": 13296, "accuracy": 0.8918204868154157, "std": 0.007018063214777492, "lower_bound": 0.8777890466531441, "upper_bound": 0.9046653144016227}
{"samples": 13808, "accuracy": 0.8375638945233266, "std": 0.008148394923707898, "lower_bound": 0.8220081135902637, "upper_bound": 0.853460953346856}
{"samples": 14320, "accuracy": 0.8326962474645031, "std": 0.00868599342205394, "lower_bound": 0.8148960446247464, "upper_bound": 0.8488970588235294}
{"samples": 14832, "accuracy": 0.857169878296146, "std": 0.007411046887477165, "lower_bound": 0.8422794117647059, "upper_bound": 0.8711967545638946}
{"samples": 15344, "accuracy": 0.8551774847870184, "std": 0.007663476533076894, "lower_bound": 0.8402510141987829, "upper_bound": 0.8696881338742394}
{"samples": 192, "loss": 0.6928147536057693}
{"samples": 400, "loss": 0.6850562462439904}
{"samples": 608, "loss": 0.6834658109224759}
{"samples": 816, "loss": 0.6343319232647235}
{"samples": 1024, "loss": 0.49433760459606463}
{"samples": 1232, "loss": 0.49031539490589726}
{"samples": 1440, "loss": 0.46794666006014896}
{"samples": 1648, "loss": 0.3787561357021332}
{"samples": 1856, "loss": 0.33017802696961623}
{"samples": 2064, "loss": 0.3236147715495183}
{"samples": 2272, "loss": 0.2983506562618109}
{"samples": 2480, "loss": 0.24293272311870867}
{"samples": 2688, "loss": 0.2793039089212051}
{"samples": 2896, "loss": 0.23257536326463407}
{"samples": 3104, "loss": 0.2759559532770744}
{"samples": 3312, "loss": 0.2634342943246548}
{"samples": 3520, "loss": 0.33218113619547623}
{"samples": 3728, "loss": 0.24678705288813665}
{"samples": 3936, "loss": 0.23574555894503227}
{"samples": 4144, "loss": 0.29629624921541947}
{"samples": 4352, "loss": 0.267824232005156}
{"samples": 4560, "loss": 0.18659836512345535}
{"samples": 4768, "loss": 0.2074757762826406}
{"samples": 4976, "loss": 0.28004398540808606}
{"samples": 5184, "loss": 0.22005911286060625}
{"samples": 5392, "loss": 0.23653038648458627}
{"samples": 5600, "loss": 0.2636899690215404}
{"samples": 5808, "loss": 0.26454473172242826}
{"samples": 6016, "loss": 0.2225651924426739}
{"samples": 6224, "loss": 0.2796935989306523}
{"samples": 6432, "loss": 0.20894016783971053}
{"samples": 6640, "loss": 0.17929697380616114}
{"samples": 6848, "loss": 0.22679842435396635}
{"samples": 7056, "loss": 0.16118698165966913}
{"samples": 7264, "loss": 0.2508941607979628}
{"samples": 7472, "loss": 0.18759951282006043}
{"samples": 7680, "loss": 0.2083147896023897}
{"samples": 7888, "loss": 0.23982090159104422}
{"samples": 8096, "loss": 0.25056997400063735}
{"samples": 8304, "loss": 0.25729400091446364}
{"samples": 8512, "loss": 0.1907613489490289}
{"samples": 8720, "loss": 0.22727043009721315}
{"samples": 8928, "loss": 0.21250351346456087}
{"samples": 9136, "loss": 0.170913383937799}
{"samples": 9344, "loss": 0.16115538030862808}
{"samples": 9552, "loss": 0.22249083908704612}
{"samples": 9760, "loss": 0.19043138050116026}
{"samples": 9968, "loss": 0.20318331512121054}
{"samples": 10176, "loss": 0.1846834449813916}
{"samples": 10384, "loss": 0.19249609055427405}
{"samples": 10592, "loss": 0.14201794163538858}
{"samples": 10800, "loss": 0.21005302552993482}
{"samples": 11008, "loss": 0.2031440855218814}
{"samples": 11216, "loss": 0.14768633303733972}
{"samples": 11424, "loss": 0.23239784343884543}
{"samples": 11632, "loss": 0.171298504448854}
{"samples": 11840, "loss": 0.17088274715038446}
{"samples": 12048, "loss": 0.17668811575724527}
{"samples": 12256, "loss": 0.21700270302020586}
{"samples": 12464, "loss": 0.14179948029609826}
{"samples": 12672, "loss": 0.15122072799847677}
{"samples": 12880, "loss": 0.18398310301395562}
{"samples": 13088, "loss": 0.1487077296926425}
{"samples": 13296, "loss": 0.16961470189002845}
{"samples": 13504, "loss": 0.1112297263282996}
{"samples": 13712, "loss": 0.1964794615140328}
{"samples": 13920, "loss": 0.12061745788042362}
{"samples": 14128, "loss": 0.19095421238587454}
{"samples": 14336, "loss": 0.18274832860781595}
{"samples": 14544, "loss": 0.1254604859994008}
{"samples": 14752, "loss": 0.1856655289347355}
{"samples": 14960, "loss": 0.17650691477152017}
{"samples": 15168, "loss": 0.16809790925337717}
{"samples": 15376, "loss": 0.2121161956053514}
{"samples": 15584, "loss": 0.16688664257526398}
