{"samples": 496, "accuracy": 0.5029307381193124, "std": 0.0112666413318149, "lower_bound": 0.47976491405460064, "upper_bound": 0.5237613751263903}
{"samples": 1008, "accuracy": 0.850303842264914, "std": 0.0077366255894156365, "lower_bound": 0.8356926188068756, "upper_bound": 0.8650278058645097}
{"samples": 1520, "accuracy": 0.8035884732052578, "std": 0.008722300210385196, "lower_bound": 0.7871587462082912, "upper_bound": 0.8200328614762387}
{"samples": 2032, "accuracy": 0.818546006066734, "std": 0.008578688528534547, "lower_bound": 0.8008088978766431, "upper_bound": 0.8346814964610718}
{"samples": 2544, "accuracy": 0.7768629929221436, "std": 0.00910894097946543, "lower_bound": 0.7588473205257836, "upper_bound": 0.7947421638018201}
{"samples": 3056, "accuracy": 0.7011274014155713, "std": 0.01025849647121679, "lower_bound": 0.6809908998988877, "upper_bound": 0.7204246713852376}
{"samples": 3568, "accuracy": 0.7455576339737109, "std": 0.00964054428277348, "lower_bound": 0.72698432760364, "upper_bound": 0.7649140546006067}
{"samples": 4080, "accuracy": 0.9208852376137513, "std": 0.0060892294220606675, "lower_bound": 0.9084934277047523, "upper_bound": 0.9327603640040445}
{"samples": 4592, "accuracy": 0.8983761375126389, "std": 0.006742485266767768, "lower_bound": 0.8857431749241659, "upper_bound": 0.9125379170879676}
{"samples": 5104, "accuracy": 0.7625616784630941, "std": 0.009578544434116756, "lower_bound": 0.7426693629929222, "upper_bound": 0.7810920121334681}
{"samples": 5616, "accuracy": 0.8522694641051567, "std": 0.00808863875359711, "lower_bound": 0.8366911021233568, "upper_bound": 0.8680485338725986}
{"samples": 6128, "accuracy": 0.9181471183013145, "std": 0.006192246796122017, "lower_bound": 0.9054600606673407, "upper_bound": 0.9302325581395349}
{"samples": 6640, "accuracy": 0.8423816986855409, "std": 0.007936692752561016, "lower_bound": 0.8265798786653185, "upper_bound": 0.8574443882709808}
{"samples": 7152, "accuracy": 0.8311739130434782, "std": 0.00864430007156323, "lower_bound": 0.8139408493427704, "upper_bound": 0.8478260869565217}
{"samples": 7664, "accuracy": 0.8728442871587463, "std": 0.007578323263607065, "lower_bound": 0.858948432760364, "upper_bound": 0.8872598584428716}
{"samples": 8176, "accuracy": 0.9075692618806875, "std": 0.006422704853909689, "lower_bound": 0.8953488372093024, "upper_bound": 0.9206268958543984}
{"samples": 8688, "accuracy": 0.8806658240647118, "std": 0.007257808289431037, "lower_bound": 0.865520728008089, "upper_bound": 0.8938321536905965}
{"samples": 9200, "accuracy": 0.8662320525783621, "std": 0.00759983647243325, "lower_bound": 0.8513650151668352, "upper_bound": 0.8807002022244692}
{"samples": 9712, "accuracy": 0.8976996966632962, "std": 0.006576911733246112, "lower_bound": 0.884732052578362, "upper_bound": 0.91051567239636}
{"samples": 10224, "accuracy": 0.8921162790697675, "std": 0.006608068698734531, "lower_bound": 0.8786653185035389, "upper_bound": 0.9049544994944388}
{"samples": 10736, "accuracy": 0.8516046511627908, "std": 0.00795193766621776, "lower_bound": 0.8371966632962589, "upper_bound": 0.8665318503538928}
{"samples": 11248, "accuracy": 0.8716825075834177, "std": 0.007683542856101252, "lower_bound": 0.8574317492416582, "upper_bound": 0.8872598584428716}
{"samples": 11760, "accuracy": 0.8952810920121335, "std": 0.006576650264353343, "lower_bound": 0.8827098078867543, "upper_bound": 0.908000505561173}
{"samples": 12272, "accuracy": 0.858582406471183, "std": 0.007820065980371103, "lower_bound": 0.8417593528816987, "upper_bound": 0.8736097067745198}
{"samples": 12784, "accuracy": 0.8783154701718908, "std": 0.007288977823868509, "lower_bound": 0.8640040444893832, "upper_bound": 0.8913169868554095}
{"samples": 13296, "accuracy": 0.908278058645096, "std": 0.006736126436065131, "lower_bound": 0.8948432760364005, "upper_bound": 0.920639534883721}
{"samples": 13808, "accuracy": 0.831623356926188, "std": 0.008256211752128184, "lower_bound": 0.8169868554095046, "upper_bound": 0.8483442871587462}
{"samples": 14320, "accuracy": 0.8570182002022244, "std": 0.007835821054886878, "lower_bound": 0.8412411526794742, "upper_bound": 0.8725985844287159}
{"samples": 14832, "accuracy": 0.8757937310414561, "std": 0.007654663637278509, "lower_bound": 0.8609706774519716, "upper_bound": 0.8913043478260869}
{"samples": 15344, "accuracy": 0.8789984833164813, "std": 0.007303788198678633, "lower_bound": 0.865520728008089, "upper_bound": 0.8943377148634984}
{"samples": 192, "loss": 0.6997868464543269}
{"samples": 400, "loss": 0.6867746206430289}
{"samples": 608, "loss": 0.6844987135667068}
{"samples": 816, "loss": 0.6656001164362981}
{"samples": 1024, "loss": 0.5480649654681866}
{"samples": 1232, "loss": 0.43304482790140003}
{"samples": 1440, "loss": 0.3339162583534534}
{"samples": 1648, "loss": 0.3143693174307163}
{"samples": 1856, "loss": 0.32337045669555664}
{"samples": 2064, "loss": 0.22859222155350906}
{"samples": 2272, "loss": 0.34483185754372525}
{"samples": 2480, "loss": 0.25150549526398}
{"samples": 2688, "loss": 0.2730403175720802}
{"samples": 2896, "loss": 0.16400432242796972}
{"samples": 3104, "loss": 0.22594385823378196}
{"samples": 3312, "loss": 0.2528790556467496}
{"samples": 3520, "loss": 0.2511343640776781}
{"samples": 3728, "loss": 0.15849882650833863}
{"samples": 3936, "loss": 0.15230197115586355}
{"samples": 4144, "loss": 0.2560427481165299}
{"samples": 4352, "loss": 0.21741745219780848}
{"samples": 4560, "loss": 0.1430783225939824}
{"samples": 4768, "loss": 0.16120767421447313}
{"samples": 4976, "loss": 0.2577396069581692}
{"samples": 5184, "loss": 0.2518593823680511}
{"samples": 5392, "loss": 0.20178361122424787}
{"samples": 5600, "loss": 0.15180002267544085}
{"samples": 5808, "loss": 0.14398553107793516}
{"samples": 6016, "loss": 0.1611741236769236}
{"samples": 6224, "loss": 0.28366218278041255}
{"samples": 6432, "loss": 0.20226947332804018}
{"samples": 6640, "loss": 0.15214983316568229}
{"samples": 6848, "loss": 0.188604474067688}
{"samples": 7056, "loss": 0.19693611504939887}
{"samples": 7264, "loss": 0.23659661068366125}
{"samples": 7472, "loss": 0.16773203015327454}
{"samples": 7680, "loss": 0.18622724883831465}
{"samples": 7888, "loss": 0.16737195734794325}
{"samples": 8096, "loss": 0.12966943761477104}
{"samples": 8304, "loss": 0.12072541622015145}
{"samples": 8512, "loss": 0.06438673459566556}
{"samples": 8720, "loss": 0.1273379480609527}
{"samples": 8928, "loss": 0.09701339040811245}
{"samples": 9136, "loss": 0.09248526852864486}
{"samples": 9344, "loss": 0.1292183083983568}
{"samples": 9552, "loss": 0.1876665044289369}
{"samples": 9760, "loss": 0.21286449065575233}
{"samples": 9968, "loss": 0.15620418179493684}
{"samples": 10176, "loss": 0.1389669546714196}
{"samples": 10384, "loss": 0.10443940644080822}
{"samples": 10592, "loss": 0.11829767548120938}
{"samples": 10800, "loss": 0.12826679876217476}
{"samples": 11008, "loss": 0.1319220421405939}
{"samples": 11216, "loss": 0.17646298958705023}
{"samples": 11424, "loss": 0.12724976126964277}
{"samples": 11632, "loss": 0.1385786493237202}
{"samples": 11840, "loss": 0.09699414097345792}
{"samples": 12048, "loss": 0.16265531113514534}
{"samples": 12256, "loss": 0.11232689768075943}
{"samples": 12464, "loss": 0.10786341933103707}
{"samples": 12672, "loss": 0.12281946780589911}
{"samples": 12880, "loss": 0.13769658253743097}
{"samples": 13088, "loss": 0.13597500037688476}
{"samples": 13296, "loss": 0.14744975303228086}
{"samples": 13504, "loss": 0.11279100523545192}
{"samples": 13712, "loss": 0.09690046081176171}
{"samples": 13920, "loss": 0.091660958643143}
{"samples": 14128, "loss": 0.12306688783260492}
{"samples": 14336, "loss": 0.10416693870837872}
{"samples": 14544, "loss": 0.181481278859652}
{"samples": 14752, "loss": 0.13031912251160696}
{"samples": 14960, "loss": 0.11310090525792195}
{"samples": 15168, "loss": 0.12620778209888017}
{"samples": 15376, "loss": 0.11591283690470916}
{"samples": 15584, "loss": 0.1320760278747632}
{"samples": 15792,