{"samples": 448, "accuracy": 0.7096773333333333, "std": 0.01663492636326086, "lower_bound": 0.676, "upper_bound": 0.7413333333333333}
{"samples": 960, "accuracy": 0.7287453333333332, "std": 0.01601080296411006, "lower_bound": 0.6946666666666667, "upper_bound": 0.7587}
{"samples": 1472, "accuracy": 0.7650693333333334, "std": 0.01526447122496478, "lower_bound": 0.7346666666666667, "upper_bound": 0.7946666666666666}
{"samples": 1984, "accuracy": 0.7542186666666667, "std": 0.016495499938535427, "lower_bound": 0.7226333333333333, "upper_bound": 0.7853666666666667}
{"samples": 2496, "accuracy": 0.6750546666666667, "std": 0.017172293912643768, "lower_bound": 0.6413333333333333, "upper_bound": 0.7080333333333333}
{"samples": 3008, "accuracy": 0.7626093333333334, "std": 0.01544027351513639, "lower_bound": 0.7333, "upper_bound": 0.7933333333333333}
{"samples": 3520, "accuracy": 0.7694933333333334, "std": 0.016017634726207926, "lower_bound": 0.7373333333333333, "upper_bound": 0.8}
{"samples": 4032, "accuracy": 0.7538879999999999, "std": 0.016294999587467184, "lower_bound": 0.7213333333333334, "upper_bound": 0.7853333333333333}
{"samples": 4544, "accuracy": 0.7687506666666666, "std": 0.015484933523338814, "lower_bound": 0.7386333333333334, "upper_bound": 0.7973333333333333}
{"samples": 5056, "accuracy": 0.7537306666666665, "std": 0.01594017682879752, "lower_bound": 0.7226666666666667, "upper_bound": 0.7853333333333333}
{"samples": 5568, "accuracy": 0.769944, "std": 0.015069040285005246, "lower_bound": 0.7413333333333333, "upper_bound": 0.7986666666666666}
{"samples": 6080, "accuracy": 0.7319413333333333, "std": 0.01641278980957635, "lower_bound": 0.7, "upper_bound": 0.7627}
{"samples": 6592, "accuracy": 0.766372, "std": 0.015299682436791511, "lower_bound": 0.736, "upper_bound": 0.796}
{"samples": 7104, "accuracy": 0.7678066666666666, "std": 0.015403547931852871, "lower_bound": 0.7386666666666667, "upper_bound": 0.796}
{"samples": 192, "loss": 0.6993904113769531}
{"samples": 448, "loss": 0.6954631805419922}
{"samples": 704, "loss": 0.6740884780883789}
{"samples": 960, "loss": 0.6699743270874023}
{"samples": 1216, "loss": 0.6319441795349121}
{"samples": 1472, "loss": 0.6208267211914062}
{"samples": 1728, "loss": 0.6026906967163086}
{"samples": 1984, "loss": 0.6272644996643066}
{"samples": 2240, "loss": 0.5999226570129395}
{"samples": 2496, "loss": 0.5570859909057617}
{"samples": 2752, "loss": 0.545451283454895}
{"samples": 3008, "loss": 0.5539543628692627}
{"samples": 3264, "loss": 0.509839653968811}
{"samples": 3520, "loss": 0.5632555484771729}
{"samples": 3776, "loss": 0.4982084035873413}
{"samples": 4032, "loss": 0.5141504406929016}
{"samples": 4288, "loss": 0.49276718497276306}
{"samples": 4544, "loss": 0.49937787652015686}
{"samples": 4800, "loss": 0.48114484548568726}
{"samples": 5056, "loss": 0.5087033808231354}
{"samples": 5312, "loss": 0.526273250579834}
{"samples": 5568, "loss": 0.4686281234025955}
{"samples": 5824, "loss": 0.44070295989513397}
{"samples": 6080, "loss": 0.46075067669153214}
{"samples": 6336, "loss": 0.48374802619218826}
{"samples": 6592, "loss": 0.49467410147190094}
{"samples": 6848, "loss": 0.4669356346130371}
{"samples": 7104, "loss": 0.5162145495414734}
{"samples": 7360, "loss": 0.505445659160614}
