{"train/loss": 0.17274011786167437, "train/learning_rate": 2.7272727272727274e-07, "train/epoch": 0, "_timestamp": 1718010150.6863358, "eval/accuracy": 0.94, "eval/loss": 0.23031444815879173, "_runtime": 122.00558590888977, "_step": 7472, "_wandb": {"runtime": 121}}