{"train/loss": 0.17192892672923896, "train/learning_rate": 1.8338727076591154e-06, "train/epoch": 0, "_timestamp": 1718012825.4434438, "_runtime": 796.3999826908112, "_step": 15584, "eval/accuracy": 0.8686612576064908, "eval/loss": 0.3316868777957655, "_wandb": {"runtime": 797}}