{"samples": 192, "accuracy": 0.610788, "std": 0.017505337294030577, "lower_bound": 0.5786666666666667, "upper_bound": 0.6426666666666667}
{"samples": 400, "accuracy": 0.7583306666666666, "std": 0.015188679761219834, "lower_bound": 0.728, "upper_bound": 0.788}
{"samples": 608, "accuracy": 0.6984133333333333, "std": 0.01628555733703264, "lower_bound": 0.668, "upper_bound": 0.7293333333333333}
{"samples": 816, "accuracy": 0.7459080000000001, "std": 0.015630013236647554, "lower_bound": 0.7146333333333333, "upper_bound": 0.776}
{"samples": 1024, "accuracy": 0.8393133333333334, "std": 0.01395215793743431, "lower_bound": 0.812, "upper_bound": 0.8666666666666667}
{"samples": 1232, "accuracy": 0.8331373333333334, "std": 0.013024652932036234, "lower_bound": 0.8066666666666666, "upper_bound": 0.8586666666666667}
{"samples": 1440, "accuracy": 0.8777026666666667, "std": 0.011494251394114852, "lower_bound": 0.8546666666666667, "upper_bound": 0.9}
{"samples": 1648, "accuracy": 0.8508493333333333, "std": 0.013182225811043188, "lower_bound": 0.8226666666666667, "upper_bound": 0.8746666666666667}
{"samples": 1856, "accuracy": 0.6851466666666667, "std": 0.016282527786284015, "lower_bound": 0.6533333333333333, "upper_bound": 0.716}
{"samples": 2064, "accuracy": 0.9174333333333333, "std": 0.010298079648383215, "lower_bound": 0.8973333333333333, "upper_bound": 0.9373333333333334}
{"samples": 2272, "accuracy": 0.8905653333333334, "std": 0.011411979982067576, "lower_bound": 0.868, "upper_bound": 0.912}
{"samples": 2480, "accuracy": 0.9386, "std": 0.008534322859293907, "lower_bound": 0.9213333333333333, "upper_bound": 0.9533666666666667}
{"samples": 2688, "accuracy": 0.9296053333333334, "std": 0.009318310194927452, "lower_bound": 0.9106666666666666, "upper_bound": 0.9466666666666667}
{"samples": 2896, "accuracy": 0.9412346666666667, "std": 0.008602069415101351, "lower_bound": 0.924, "upper_bound": 0.9573666666666667}
{"samples": 3104, "accuracy": 0.9404306666666666, "std": 0.008672682117494621, "lower_bound": 0.9226333333333333, "upper_bound": 0.9560333333333333}
{"samples": 3312, "accuracy": 0.9507213333333334, "std": 0.008007254377542074, "lower_bound": 0.9346666666666666, "upper_bound": 0.9653333333333334}
{"samples": 3520, "accuracy": 0.8656173333333333, "std": 0.01221551880009832, "lower_bound": 0.8426666666666667, "upper_bound": 0.8893333333333333}
{"samples": 3728, "accuracy": 0.9316253333333333, "std": 0.009107363467729467, "lower_bound": 0.9133, "upper_bound": 0.9493333333333334}
{"samples": 3936, "accuracy": 0.921636, "std": 0.009752079755393496, "lower_bound": 0.904, "upper_bound": 0.9413333333333334}
{"samples": 4144, "accuracy": 0.8837706666666668, "std": 0.011533943413536705, "lower_bound": 0.86, "upper_bound": 0.9066666666666666}
{"samples": 4352, "accuracy": 0.8838626666666667, "std": 0.011942409286050936, "lower_bound": 0.86, "upper_bound": 0.908}
{"samples": 4560, "accuracy": 0.9104133333333333, "std": 0.010681314941938982, "lower_bound": 0.8893, "upper_bound": 0.9306666666666666}
{"samples": 4768, "accuracy": 0.813348, "std": 0.013682422072782936, "lower_bound": 0.788, "upper_bound": 0.84}
{"samples": 4976, "accuracy": 0.8374986666666666, "std": 0.013097285486355989, "lower_bound": 0.812, "upper_bound": 0.864}
{"samples": 5184, "accuracy": 0.9503146666666666, "std": 0.00784769508978415, "lower_bound": 0.9346333333333333, "upper_bound": 0.9653333333333334}
{"samples": 5392, "accuracy": 0.8610173333333334, "std": 0.012843594581649553, "lower_bound": 0.8333333333333334, "upper_bound": 0.8866666666666667}
{"samples": 5600, "accuracy": 0.9505973333333334, "std": 0.008019231994260913, "lower_bound": 0.9346666666666666, "upper_bound": 0.9653333333333334}
{"samples": 5808, "accuracy": 0.8977026666666665, "std": 0.010907960070007994, "lower_bound": 0.8746666666666667, "upper_bound": 0.9186666666666666}
{"samples": 6016, "accuracy": 0.9437533333333332, "std": 0.008335069152549229, "lower_bound": 0.9266666666666666, "upper_bound": 0.96}
{"samples": 6224, "accuracy": 0.9306559999999999, "std": 0.009364892928141546, "lower_bound": 0.912, "upper_bound": 0.9493333333333334}
{"samples": 6432, "accuracy": 0.9364600000000001, "std": 0.009112040873969388, "lower_bound": 0.9186333333333333, "upper_bound": 0.9533333333333334}
{"samples": 6640, "accuracy": 0.9146053333333333, "std": 0.010474424640788422, "lower_bound": 0.8933333333333333, "upper_bound": 0.9347}
{"samples": 6848, "accuracy": 0.9022293333333334, "std": 0.010944905745495377, "lower_bound": 0.8786666666666667, "upper_bound": 0.924}
{"samples": 7056, "accuracy": 0.9244253333333333, "std": 0.009375830772079173, "lower_bound": 0.9066666666666666, "upper_bound": 0.944}
{"samples": 7264, "accuracy": 0.9240586666666667, "std": 0.010041519495463714, "lower_bound": 0.9039666666666667, "upper_bound": 0.944}
{"samples": 7472, "accuracy": 0.9240973333333332, "std": 0.009942024922296042, "lower_bound": 0.904, "upper_bound": 0.9426666666666667}
{"samples": 192, "loss": 0.6821336012620193}
{"samples": 400, "loss": 0.6791733961838943}
{"samples": 608, "loss": 0.6348260732797476}
{"samples": 816, "loss": 0.5309336735652044}
{"samples": 1024, "loss": 0.4896368980407715}
{"samples": 1232, "loss": 0.3478443439190204}
{"samples": 1440, "loss": 0.3554596717541034}
{"samples": 1648, "loss": 0.33666141216571516}
{"samples": 1856, "loss": 0.24920245317312387}
{"samples": 2064, "loss": 0.3725119187281682}
{"samples": 2272, "loss": 0.32488678051875186}
{"samples": 2480, "loss": 0.18276113730210525}
{"samples": 2688, "loss": 0.2061526500261747}
{"samples": 2896, "loss": 0.14363503456115723}
{"samples": 3104, "loss": 0.1851645066187932}
{"samples": 3312, "loss": 0.0921768591954158}
{"samples": 3520, "loss": 0.14173431579883283}
{"samples": 3728, "loss": 0.1618221218769367}
{"samples": 3936, "loss": 0.11214415843670185}
{"samples": 4144, "loss": 0.1698265809279222}
{"samples": 4352, "loss": 0.10281345935968253}
{"samples": 4560, "loss": 0.11818112776829647}
{"samples": 4768, "loss": 0.11696369143632743}
{"samples": 4976, "loss": 0.24216294288635254}
{"samples": 5184, "loss": 0.28231253303014314}
{"samples": 5392, "loss": 0.1840547529550699}
{"samples": 5600, "loss": 0.13617268892434928}
{"samples": 5808, "loss": 0.1414067011613112}
{"samples": 6016, "loss": 0.08460871989910419}
{"samples": 6224, "loss": 0.053715524765161365}
{"samples": 6432, "loss": 0.09070051404146048}
{"samples": 6640, "loss": 0.06008087213222797}
{"samples": 6848, "loss": 0.11908012628555298}
{"samples": 7056, "loss": 0.07554192497180058}
{"samples": 7264, "loss": 0.09106728663811317}
{"samples": 7472, "loss": 0.09322668382754692}
