{"samples": 448, "accuracy": 0.59656, "std": 0.017301385943199913, "lower_bound": 0.5639666666666666, "upper_bound": 0.6293333333333333}
{"samples": 960, "accuracy": 0.8241386666666666, "std": 0.013853787865498094, "lower_bound": 0.7973333333333333, "upper_bound": 0.8493666666666667}
{"samples": 1472, "accuracy": 0.8379853333333332, "std": 0.013458867642644468, "lower_bound": 0.812, "upper_bound": 0.8627}
{"samples": 1984, "accuracy": 0.8239986666666667, "std": 0.01355738414624624, "lower_bound": 0.7986666666666666, "upper_bound": 0.8506666666666667}
{"samples": 2496, "accuracy": 0.8087053333333333, "std": 0.014294624257624493, "lower_bound": 0.7799666666666667, "upper_bound": 0.8346666666666667}
{"samples": 3008, "accuracy": 0.7961213333333332, "std": 0.014512689864773904, "lower_bound": 0.768, "upper_bound": 0.824}
{"samples": 3520, "accuracy": 0.8143546666666667, "std": 0.01402900132661702, "lower_bound": 0.7853333333333333, "upper_bound": 0.8400333333333333}
{"samples": 4032, "accuracy": 0.8039826666666666, "std": 0.01400233828092056, "lower_bound": 0.7746666666666666, "upper_bound": 0.8306666666666667}
{"samples": 4544, "accuracy": 0.8578106666666666, "std": 0.012264480674786934, "lower_bound": 0.8333, "upper_bound": 0.88}
{"samples": 5056, "accuracy": 0.839584, "std": 0.013531504375592049, "lower_bound": 0.812, "upper_bound": 0.864}
{"samples": 5568, "accuracy": 0.788188, "std": 0.015194918390333295, "lower_bound": 0.7573333333333333, "upper_bound": 0.8173333333333334}
{"samples": 6080, "accuracy": 0.836012, "std": 0.013323124024708989, "lower_bound": 0.8106666666666666, "upper_bound": 0.8613333333333333}
{"samples": 6592, "accuracy": 0.8066639999999999, "std": 0.014219360573215345, "lower_bound": 0.7786666666666666, "upper_bound": 0.8333333333333334}
{"samples": 7104, "accuracy": 0.8105946666666666, "std": 0.014653635665670897, "lower_bound": 0.7813333333333333, "upper_bound": 0.84}
{"samples": 192, "loss": 0.691685676574707}
{"samples": 448, "loss": 0.7043333053588867}
{"samples": 704, "loss": 0.6430928707122803}
{"samples": 960, "loss": 0.648052453994751}
{"samples": 1216, "loss": 0.5503793358802795}
{"samples": 1472, "loss": 0.5431941449642181}
{"samples": 1728, "loss": 0.5400418490171432}
{"samples": 1984, "loss": 0.48083729296922684}
{"samples": 2240, "loss": 0.5018125772476196}
{"samples": 2496, "loss": 0.5214566811919212}
{"samples": 2752, "loss": 0.4386674240231514}
{"samples": 3008, "loss": 0.4612654373049736}
{"samples": 3264, "loss": 0.3672073632478714}
{"samples": 3520, "loss": 0.4446038752794266}
{"samples": 3776, "loss": 0.3923232778906822}
{"samples": 4032, "loss": 0.38216542452573776}
{"samples": 4288, "loss": 0.38658125698566437}
{"samples": 4544, "loss": 0.39599525183439255}
{"samples": 4800, "loss": 0.3737335056066513}
{"samples": 5056, "loss": 0.4218687564134598}
{"samples": 5312, "loss": 0.3678460568189621}
{"samples": 5568, "loss": 0.31063262373209}
{"samples": 5824, "loss": 0.3551783263683319}
{"samples": 6080, "loss": 0.36933188885450363}
{"samples": 6336, "loss": 0.4039519801735878}
{"samples": 6592, "loss": 0.351912684738636}
{"samples": 6848, "loss": 0.3838229700922966}
{"samples": 7104, "loss": 0.3524756357073784}
{"samples": 7360, "loss": 0.376370370388031}
