{"train/loss": 0.505445659160614, "train/learning_rate": 1.8181818181818182e-05, "train/epoch": 0, "_timestamp": 1718007896.2334263, "_runtime": 77.95991039276123, "_step": 7360, "eval/accuracy": 0.768, "eval/loss": 0.47971006979544956, "_wandb": {"runtime": 77}}