{"samples": 448, "accuracy": 0.5004584178498985, "std": 0.011199560529729116, "lower_bound": 0.47919624746450307, "upper_bound": 0.5233265720081136}
{"samples": 960, "accuracy": 0.615371196754564, "std": 0.01083577611810276, "lower_bound": 0.593800709939148, "upper_bound": 0.6369168356997972}
{"samples": 1472, "accuracy": 0.6817936105476673, "std": 0.01060235557921914, "lower_bound": 0.6612576064908722, "upper_bound": 0.7028397565922921}
{"samples": 1984, "accuracy": 0.6522560851926978, "std": 0.010541485245079685, "lower_bound": 0.6298174442190669, "upper_bound": 0.6724137931034483}
{"samples": 2496, "accuracy": 0.7554822515212982, "std": 0.009691215714922988, "lower_bound": 0.7363083164300203, "upper_bound": 0.7743407707910751}
{"samples": 3008, "accuracy": 0.7672408722109533, "std": 0.00943323455161577, "lower_bound": 0.7489858012170385, "upper_bound": 0.7870182555780934}
{"samples": 3520, "accuracy": 0.750253042596349, "std": 0.009755754105658926, "lower_bound": 0.731224645030426, "upper_bound": 0.7697895537525355}
{"samples": 4032, "accuracy": 0.7526262677484787, "std": 0.009626276697444473, "lower_bound": 0.7342799188640974, "upper_bound": 0.7728194726166329}
{"samples": 4544, "accuracy": 0.7891080121703853, "std": 0.009441863295906737, "lower_bound": 0.7712981744421906, "upper_bound": 0.808329107505071}
{"samples": 5056, "accuracy": 0.7953184584178499, "std": 0.008955216977414564, "lower_bound": 0.7778904665314401, "upper_bound": 0.8118661257606491}
{"samples": 5568, "accuracy": 0.8046541582150102, "std": 0.008858065759957472, "lower_bound": 0.7870182555780934, "upper_bound": 0.8225152129817445}
{"samples": 6080, "accuracy": 0.7986952332657201, "std": 0.00932216785832262, "lower_bound": 0.7794117647058824, "upper_bound": 0.8154158215010142}
{"samples": 6592, "accuracy": 0.7746754563894523, "std": 0.009163727986502961, "lower_bound": 0.7565922920892495, "upper_bound": 0.7931034482758621}
{"samples": 7104, "accuracy": 0.7631866125760648, "std": 0.009533306502442041, "lower_bound": 0.7454361054766734, "upper_bound": 0.781947261663286}
{"samples": 7616, "accuracy": 0.8069295131845843, "std": 0.009171250696102043, "lower_bound": 0.789553752535497, "upper_bound": 0.8240491886409737}
{"samples": 8128, "accuracy": 0.8177728194726166, "std": 0.008904412569705731, "lower_bound": 0.8006972616632859, "upper_bound": 0.834685598377282}
{"samples": 8640, "accuracy": 0.8013362068965517, "std": 0.009035363920387344, "lower_bound": 0.7834558823529412, "upper_bound": 0.8184710953346856}
{"samples": 9152, "accuracy": 0.8013326572008114, "std": 0.009229264872888396, "lower_bound": 0.7834685598377282, "upper_bound": 0.8194726166328601}
{"samples": 9664, "accuracy": 0.7877530425963489, "std": 0.009421865740843798, "lower_bound": 0.7697768762677485, "upper_bound": 0.8067951318458418}
{"samples": 10176, "accuracy": 0.7771916835699797, "std": 0.009444052156137132, "lower_bound": 0.7591151115618661, "upper_bound": 0.795144523326572}
{"samples": 10688, "accuracy": 0.7685791075050711, "std": 0.009213633905640613, "lower_bound": 0.7494802231237322, "upper_bound": 0.7854969574036511}
{"samples": 11200, "accuracy": 0.8197028397565923, "std": 0.00877639312127702, "lower_bound": 0.802738336713996, "upper_bound": 0.8367139959432048}
{"samples": 11712, "accuracy": 0.7049741379310345, "std": 0.010270926311514135, "lower_bound": 0.6845715010141987, "upper_bound": 0.7246450304259635}
{"samples": 12224, "accuracy": 0.8263473630831643, "std": 0.008433457009008962, "lower_bound": 0.8098250507099392, "upper_bound": 0.8417976673427993}
{"samples": 12736, "accuracy": 0.8296014198782962, "std": 0.00871685009360102, "lower_bound": 0.8123732251521298, "upper_bound": 0.8473630831643002}
{"samples": 13248, "accuracy": 0.8256825557809332, "std": 0.008637191639182867, "lower_bound": 0.8088235294117647, "upper_bound": 0.8428118661257606}
{"samples": 13760, "accuracy": 0.8190786004056795, "std": 0.008567988159318076, "lower_bound": 0.8022312373225152, "upper_bound": 0.8351926977687627}
{"samples": 14272, "accuracy": 0.820933569979716, "std": 0.008375016868241813, "lower_bound": 0.8047667342799188, "upper_bound": 0.8377281947261663}
{"samples": 14784, "accuracy": 0.8146906693711968, "std": 0.008592680605271017, "lower_bound": 0.7981744421906694, "upper_bound": 0.8311485801217039}
{"samples": 15296, "accuracy": 0.8178686612576064, "std": 0.00836527164278356, "lower_bound": 0.8017241379310345, "upper_bound": 0.8341784989858012}
{"samples": 192, "loss": 0.7084360122680664}
{"samples": 448, "loss": 0.7045068740844727}
{"samples": 704, "loss": 0.6919255256652832}
{"samples": 960, "loss": 0.6621785163879395}
{"samples": 1216, "loss": 0.6232020854949951}
{"samples": 1472, "loss": 0.6122514009475708}
{"samples": 1728, "loss": 0.6079004406929016}
{"samples": 1984, "loss": 0.5852564573287964}
{"samples": 2240, "loss": 0.5360824465751648}
{"samples": 2496, "loss": 0.525330513715744}
{"samples": 2752, "loss": 0.48190903663635254}
{"samples": 3008, "loss": 0.5287220180034637}
{"samples": 3264, "loss": 0.5526171326637268}
{"samples": 3520, "loss": 0.5314289778470993}
{"samples": 3776, "loss": 0.5349955260753632}
{"samples": 4032, "loss": 0.520796574652195}
{"samples": 4288, "loss": 0.547355055809021}
{"samples": 4544, "loss": 0.5152964890003204}
{"samples": 4800, "loss": 0.47031576931476593}
{"samples": 5056, "loss": 0.45554186403751373}
{"samples": 5312, "loss": 0.4712860509753227}
{"samples": 5568, "loss": 0.4582061916589737}
{"samples": 5824, "loss": 0.4965988025069237}
{"samples": 6080, "loss": 0.5238942131400108}
{"samples": 6336, "loss": 0.504159227013588}
{"samples": 6592, "loss": 0.48392540216445923}
{"samples": 6848, "loss": 0.5100227445363998}
{"samples": 7104, "loss": 0.4677913933992386}
{"samples": 7360, "loss": 0.4894835203886032}
{"samples": 7616, "loss": 0.49321676045656204}
{"samples": 7872, "loss": 0.4941943734884262}
{"samples": 8128, "loss": 0.4806691184639931}
{"samples": 8384, "loss": 0.5278433784842491}
{"samples": 8640, "loss": 0.5008820593357086}
{"samples": 8896, "loss": 0.4718218967318535}
{"samples": 9152, "loss": 0.4778892919421196}
{"samples": 9408, "loss": 0.45905981957912445}
{"samples": 9664, "loss": 0.4922575205564499}
{"samples": 9920, "loss": 0.46799495816230774}
{"samples": 10176, "loss": 0.4830635190010071}
{"samples": 10432, "loss": 0.5445816069841385}
{"samples": 10688, "loss": 0.5602361857891083}
{"samples": 10944, "loss": 0.5422458201646805}
{"samples": 11200, "loss": 0.47416774183511734}
{"samples": 11456, "loss": 0.5393748879432678}
{"samples": 11712, "loss": 0.5313149392604828}
{"samples": 11968, "loss": 0.461882583796978}
{"samples": 12224, "loss": 0.5059148222208023}
{"samples": 12480, "loss": 0.4141215607523918}
{"samples": 12736, "loss": 0.4756822735071182}
{"samples": 12992, "loss": 0.4444483369588852}
{"samples": 13248, "loss": 0.46575067937374115}
{"samples": 13504, "loss": 0.44178464263677597}
{"samples": 13760, "loss": 0.4800914600491524}
{"samples": 14016, "loss": 0.4373924061655998}
{"samples": 14272, "loss": 0.5051280707120895}
{"samples": 14528, "loss": 0.4068225622177124}
{"samples": 14784, "loss": 0.47646409273147583}
{"samples": 15040, "loss": 0.487467922270298}
{"samples": 15296, "loss": 0.5025001540780067}
{"samples": 15552, "loss": 0.46320048719644547}
{"samples": 0, "degrad_loss": 5.24889947772026, "std": 0.11049346998933425}
{"samples": 448, "degrad_loss": 5.221892368793488, "std": 0.07459718669408882}
{"samples": 960, "degrad_loss": 5.256161811947822, "std": 0.12244679882509656}
{"samples": 1472, "degrad_loss": 5.26511042714119, "std": 0.1906822258303312}
{"samples": 1984, "degrad_loss": 5.225342524051666, "std": 0.05282188761486396}
{"samples": 2496, "degrad_loss": 5.2319708406925205, "std": 0.042967393741689626}
{"samples": 3008, "degrad_loss": 5.231216555833816, "std": 0.06558757498660772}
{"samples": 3520, "degrad_loss": 5.233443701267243, "std": 0.07518317411013115}
{"samples": 4032, "degrad_loss": 5.270503059029579,