{"samples": 448, "accuracy": 0.7352641987829615, "std": 0.01010906826487777, "lower_bound": 0.7150101419878296, "upper_bound": 0.755578093306288}
{"samples": 960, "accuracy": 0.7320780933062881, "std": 0.009829504467215339, "lower_bound": 0.712474645030426, "upper_bound": 0.7510268762677486}
{"samples": 1472, "accuracy": 0.7643706896551724, "std": 0.009617686135289577, "lower_bound": 0.7464503042596349, "upper_bound": 0.7834812373225153}
{"samples": 1984, "accuracy": 0.6893286004056794, "std": 0.010709445291029261, "lower_bound": 0.6678498985801217, "upper_bound": 0.7099391480730223}
{"samples": 2496, "accuracy": 0.7388316430020284, "std": 0.00966717426111941, "lower_bound": 0.7205882352941176, "upper_bound": 0.7586206896551724}
{"samples": 3008, "accuracy": 0.6964609533468561, "std": 0.010213109638921957, "lower_bound": 0.6759508113590263, "upper_bound": 0.7165314401622718}
{"samples": 3520, "accuracy": 0.7520451318458418, "std": 0.009739000734366551, "lower_bound": 0.7342799188640974, "upper_bound": 0.7712981744421906}
{"samples": 4032, "accuracy": 0.7990055780933063, "std": 0.009142802041173046, "lower_bound": 0.7809203853955374, "upper_bound": 0.8164300202839757}
{"samples": 4544, "accuracy": 0.8035334685598378, "std": 0.00913695978341057, "lower_bound": 0.7849898580121704, "upper_bound": 0.8220207910750508}
{"samples": 5056, "accuracy": 0.7926120689655172, "std": 0.009290083535739421, "lower_bound": 0.7743407707910751, "upper_bound": 0.8113590263691683}
{"samples": 5568, "accuracy": 0.7889888438133873, "std": 0.009471267402640869, "lower_bound": 0.77079107505071, "upper_bound": 0.8073022312373225}
{"samples": 6080, "accuracy": 0.6694918864097362, "std": 0.010693923721767437, "lower_bound": 0.6500887423935091, "upper_bound": 0.6906693711967545}
{"samples": 6592, "accuracy": 0.7150694726166329, "std": 0.010115600955470797, "lower_bound": 0.6952332657200812, "upper_bound": 0.7342799188640974}
{"samples": 7104, "accuracy": 0.805357505070994, "std": 0.008980210152012209, "lower_bound": 0.787525354969574, "upper_bound": 0.8235294117647058}
{"samples": 7616, "accuracy": 0.8161485801217039, "std": 0.008512701741666222, "lower_bound": 0.7996957403651116, "upper_bound": 0.832669878296146}
{"samples": 8128, "accuracy": 0.7373372210953346, "std": 0.009947451707411481, "lower_bound": 0.7170385395537525, "upper_bound": 0.755578093306288}
{"samples": 8640, "accuracy": 0.7350456389452332, "std": 0.009829960495413187, "lower_bound": 0.716024340770791, "upper_bound": 0.7545638945233266}
{"samples": 9152, "accuracy": 0.8189939148073023, "std": 0.008662244197078913, "lower_bound": 0.8027256592292089, "upper_bound": 0.8356997971602435}
{"samples": 9664, "accuracy": 0.7734066937119676, "std": 0.009492882134046964, "lower_bound": 0.7545512170385396, "upper_bound": 0.7920892494929006}
{"samples": 10176, "accuracy": 0.7697251521298175, "std": 0.009514644085917193, "lower_bound": 0.7505070993914807, "upper_bound": 0.7885522312373225}
{"samples": 10688, "accuracy": 0.7697773833671401, "std": 0.009759483160570272, "lower_bound": 0.7504944219066937, "upper_bound": 0.789553752535497}
{"samples": 11200, "accuracy": 0.7849056795131846, "std": 0.009096413904140066, "lower_bound": 0.7672413793103449, "upper_bound": 0.802738336713996}
{"samples": 11712, "accuracy": 0.7713002028397566, "std": 0.009663909320233447, "lower_bound": 0.7515086206896552, "upper_bound": 0.7905679513184585}
{"samples": 12224, "accuracy": 0.7891095334685598, "std": 0.009271055965653705, "lower_bound": 0.7702839756592292, "upper_bound": 0.8073022312373225}
{"samples": 12736, "accuracy": 0.7743514198782961, "std": 0.009850561449816624, "lower_bound": 0.7550583164300202, "upper_bound": 0.7936105476673428}
{"samples": 13248, "accuracy": 0.7813504056795132, "std": 0.009447898183593763, "lower_bound": 0.7636916835699797, "upper_bound": 0.7997084178498987}
{"samples": 13760, "accuracy": 0.7789685598377282, "std": 0.009265444491608554, "lower_bound": 0.7621703853955375, "upper_bound": 0.7971602434077079}
{"samples": 14272, "accuracy": 0.7817013184584178, "std": 0.009227283069801659, "lower_bound": 0.7636916835699797, "upper_bound": 0.8002281947261664}
{"samples": 14784, "accuracy": 0.8034239350912779, "std": 0.009293709700882578, "lower_bound": 0.7854969574036511, "upper_bound": 0.8225152129817445}
{"samples": 15296, "accuracy": 0.7880324543610547, "std": 0.00900517716490383, "lower_bound": 0.7707783975659229, "upper_bound": 0.8067951318458418}
{"samples": 192, "loss": 0.6959552764892578}
{"samples": 448, "loss": 0.6859130859375}
{"samples": 704, "loss": 0.6737394332885742}
{"samples": 960, "loss": 0.6572027206420898}
{"samples": 1216, "loss": 0.6350560188293457}
{"samples": 1472, "loss": 0.6133742332458496}
{"samples": 1728, "loss": 0.5829439163208008}
{"samples": 1984, "loss": 0.5508935451507568}
{"samples": 2240, "loss": 0.5382674932479858}
{"samples": 2496, "loss": 0.5019016861915588}
{"samples": 2752, "loss": 0.4815259650349617}
{"samples": 3008, "loss": 0.5108738243579865}
{"samples": 3264, "loss": 0.47887881100177765}
{"samples": 3520, "loss": 0.48300735652446747}
{"samples": 3776, "loss": 0.4756856858730316}
{"samples": 4032, "loss": 0.47416870296001434}
{"samples": 4288, "loss": 0.526001513004303}
{"samples": 4544, "loss": 0.4565451592206955}
{"samples": 4800, "loss": 0.4508834183216095}
{"samples": 5056, "loss": 0.46968407928943634}
{"samples": 5312, "loss": 0.4247272238135338}
{"samples": 5568, "loss": 0.4642913118004799}
{"samples": 5824, "loss": 0.47640252113342285}
{"samples": 6080, "loss": 0.5078548714518547}
{"samples": 6336, "loss": 0.48202404379844666}
{"samples": 6592, "loss": 0.4689439460635185}
{"samples": 6848, "loss": 0.47193925827741623}
{"samples": 7104, "loss": 0.4539680480957031}
{"samples": 7360, "loss": 0.45260313898324966}
{"samples": 7616, "loss": 0.4353986009955406}
{"samples": 7872, "loss": 0.43742242455482483}
{"samples": 8128, "loss": 0.3998665362596512}
{"samples": 8384, "loss": 0.4727458730340004}
{"samples": 8640, "loss": 0.45063353329896927}
{"samples": 8896, "loss": 0.3942742198705673}
{"samples": 9152, "loss": 0.42219630628824234}
{"samples": 9408, "loss": 0.4433617815375328}
{"samples": 9664, "loss": 0.4380873814225197}
{"samples": 9920, "loss": 0.3950084447860718}
{"samples": 10176, "loss": 0.48878245055675507}
{"samples": 10432, "loss": 0.441529743373394}
{"samples": 10688, "loss": 0.4046129137277603}
{"samples": 10944, "loss": 0.4606660529971123}
{"samples": 11200, "loss": 0.4279133155941963}
{"samples": 11456, "loss": 0.4448279142379761}
{"samples": 11712, "loss": 0.4680795967578888}
{"samples": 11968, "loss": 0.3730771765112877}
{"samples": 12224, "loss": 0.45942336320877075}
{"samples": 12480, "loss": 0.4048898294568062}
{"samples": 12736, "loss": 0.4296678304672241}
{"samples": 12992, "loss": 0.4429994896054268}
{"samples": 13248, "loss": 0.4343680664896965}
{"samples": 13504, "loss": 0.38634809851646423}
{"samples": 13760, "loss": 0.4329843074083328}
{"samples": 14016, "loss": 0.4141280800104141}
{"samples": 14272, "loss": 0.3806278482079506}
{"samples": 14528, "loss": 0.36410041898489}
{"samples": 14784, "loss": 0.416492335498333}
{"samples": 15040, "loss": 0.46071503311395645}
{"samples": 15296, "loss": 0.4963589161634445}
{"samples": 15552, "loss": 0.3994305059313774}
