{"samples": 496, "accuracy": 0.681855476673428, "std": 0.010590462593505887, "lower_bound": 0.6612576064908722, "upper_bound": 0.7028397565922921}
{"samples": 1000, "accuracy": 0.7737581135902637, "std": 0.009574498462722505, "lower_bound": 0.7545638945233266, "upper_bound": 0.7910750507099391}
{"samples": 1504, "accuracy": 0.8293108519269776, "std": 0.008548892629851534, "lower_bound": 0.8123732251521298, "upper_bound": 0.8448402636916836}
{"samples": 2008, "accuracy": 0.8391399594320488, "std": 0.008393917199303274, "lower_bound": 0.8230096348884381, "upper_bound": 0.8549695740365112}
{"samples": 2512, "accuracy": 0.7908853955375253, "std": 0.009298882794561689, "lower_bound": 0.7728194726166329, "upper_bound": 0.8088235294117647}
{"samples": 3016, "accuracy": 0.8332271805273833, "std": 0.008083689579568997, "lower_bound": 0.8164300202839757, "upper_bound": 0.8488843813387424}
{"samples": 3520, "accuracy": 0.9032875253549696, "std": 0.006473316121272876, "lower_bound": 0.8904538539553752, "upper_bound": 0.9158215010141988}
{"samples": 4024, "accuracy": 0.9064340770791075, "std": 0.00636784103945786, "lower_bound": 0.894510649087221, "upper_bound": 0.9188767748478702}
{"samples": 4528, "accuracy": 0.8165775862068965, "std": 0.008491308052663446, "lower_bound": 0.8002028397565923, "upper_bound": 0.8331643002028397}
{"samples": 5032, "accuracy": 0.8922074036511156, "std": 0.00724484279122197, "lower_bound": 0.8782834685598376, "upper_bound": 0.9056795131845842}
{"samples": 5536, "accuracy": 0.9056125760649089, "std": 0.006852385423434831, "lower_bound": 0.8919878296146044, "upper_bound": 0.9193711967545639}
{"samples": 6040, "accuracy": 0.8054827586206896, "std": 0.00906849481335193, "lower_bound": 0.7870182555780934, "upper_bound": 0.8230223123732252}
{"samples": 6544, "accuracy": 0.8011992900608518, "std": 0.008629809264712138, "lower_bound": 0.7834558823529412, "upper_bound": 0.8179513184584178}
{"samples": 7048, "accuracy": 0.9012297160243408, "std": 0.0066873389778306525, "lower_bound": 0.8879310344827587, "upper_bound": 0.9137931034482759}
{"samples": 7552, "accuracy": 0.8927454361054767, "std": 0.007191484045663182, "lower_bound": 0.8782961460446247, "upper_bound": 0.9056795131845842}
{"samples": 8056, "accuracy": 0.8956186612576065, "std": 0.006723809034999419, "lower_bound": 0.8818458417849898, "upper_bound": 0.9082150101419878}
{"samples": 8560, "accuracy": 0.8755552738336715, "std": 0.007500700700453414, "lower_bound": 0.8605349898580121, "upper_bound": 0.8904665314401623}
{"samples": 9064, "accuracy": 0.8812738336713997, "std": 0.0072677377224689855, "lower_bound": 0.8671399594320487, "upper_bound": 0.8955502028397566}
{"samples": 9568, "accuracy": 0.8596556795131846, "std": 0.007537669032898318, "lower_bound": 0.8453346855983773, "upper_bound": 0.8747464503042597}
{"samples": 10072, "accuracy": 0.8996414807302231, "std": 0.006555646919852863, "lower_bound": 0.8863970588235294, "upper_bound": 0.9122718052738337}
{"samples": 10576, "accuracy": 0.9406531440162272, "std": 0.0051846536165265624, "lower_bound": 0.9305273833671399, "upper_bound": 0.9503042596348884}
{"samples": 11080, "accuracy": 0.8795578093306288, "std": 0.007411736949979727, "lower_bound": 0.8656186612576064, "upper_bound": 0.8945233265720081}
{"samples": 11584, "accuracy": 0.8873514198782961, "std": 0.0071024434000840795, "lower_bound": 0.8737322515212982, "upper_bound": 0.9016227180527383}
{"samples": 12088, "accuracy": 0.92597261663286, "std": 0.0058466531404976355, "lower_bound": 0.9142875253549695, "upper_bound": 0.9371323529411765}
{"samples": 12592, "accuracy": 0.8439994929006085, "std": 0.008207060345323756, "lower_bound": 0.8275862068965517, "upper_bound": 0.8595334685598377}
{"samples": 13096, "accuracy": 0.8745973630831643, "std": 0.007347580825735634, "lower_bound": 0.8605476673427992, "upper_bound": 0.8884381338742393}
{"samples": 13600, "accuracy": 0.8913392494929006, "std": 0.0069834998781646476, "lower_bound": 0.8767748478701826, "upper_bound": 0.9051724137931034}
{"samples": 14104, "accuracy": 0.913655172413793, "std": 0.006351427793495289, "lower_bound": 0.9016100405679512, "upper_bound": 0.9259634888438134}
{"samples": 14608, "accuracy": 0.9097053752535498, "std": 0.006187802877379708, "lower_bound": 0.8970588235294118, "upper_bound": 0.9219193711967546}
{"samples": 15112, "accuracy": 0.8800081135902637, "std": 0.007352182656546451, "lower_bound": 0.8656186612576064, "upper_bound": 0.8945233265720081}
{"samples": 15616, "accuracy": 0.8862819472616632, "std": 0.007315890706460143, "lower_bound": 0.8711967545638946, "upper_bound": 0.8995943204868154}
{"samples": 192, "loss": 0.69160888671875}
{"samples": 392, "loss": 0.692706298828125}
{"samples": 592, "loss": 0.68886474609375}
{"samples": 792, "loss": 0.659908447265625}
{"samples": 992, "loss": 0.596400146484375}
{"samples": 1192, "loss": 0.517515640258789}
{"samples": 1392, "loss": 0.46915420532226565}
{"samples": 1592, "loss": 0.590902509689331}
{"samples": 1792, "loss": 0.44769024789333345}
{"samples": 1992, "loss": 0.37321615040302275}
{"samples": 2192, "loss": 0.3935303628444672}
{"samples": 2392, "loss": 0.35361030995845794}
{"samples": 2592, "loss": 0.30752112984657287}
{"samples": 2792, "loss": 0.40396028697490693}
{"samples": 2992, "loss": 0.38883528411388396}
{"samples": 3192, "loss": 0.3488399142026901}
{"samples": 3392, "loss": 0.3176517939567566}
{"samples": 3592, "loss": 0.25964171707630157}
{"samples": 3792, "loss": 0.2975292336940765}
{"samples": 3992, "loss": 0.21932921588420867}
{"samples": 4192, "loss": 0.3919580674171448}
{"samples": 4392, "loss": 0.30648821890354155}
{"samples": 4592, "loss": 0.2275536262989044}
{"samples": 4792, "loss": 0.20039320826530457}
{"samples": 4992, "loss": 0.23831749260425567}
{"samples": 5192, "loss": 0.15822537302970885}
{"samples": 5392, "loss": 0.30839250564575194}
{"samples": 5592, "loss": 0.2117796540260315}
{"samples": 5792, "loss": 0.1964246714115143}
{"samples": 5992, "loss": 0.20179320275783538}
{"samples": 6192, "loss": 0.21531246960163117}
{"samples": 6392, "loss": 0.25023696541786195}
{"samples": 6592, "loss": 0.24642023026943208}
{"samples": 6792, "loss": 0.14428229868412018}
{"samples": 6992, "loss": 0.15091195583343506}
{"samples": 7192, "loss": 0.2194472533464432}
{"samples": 7392, "loss": 0.19191132426261903}
{"samples": 7592, "loss": 0.17597315430641175}
{"samples": 7792, "loss": 0.16338952243328095}
{"samples": 7992, "loss": 0.19240961074829102}
{"samples": 8192, "loss": 0.16603606402873994}
{"samples": 8392, "loss": 0.1547360372543335}
{"samples": 8592, "loss": 0.13822179138660431}
{"samples": 8792, "loss": 0.1561141037940979}
{"samples": 8992, "loss": 0.14168476939201355}
{"samples": 9192, "loss": 0.1251184767484665}
{"samples": 9392, "loss": 0.18623635649681092}
{"samples": 9592, "loss": 0.20487086713314057}
{"samples": 9792, "loss": 0.17642317593097687}
{"samples": 9992, "loss": 0.1510804134607315}
{"samples": 10192, "loss": 0.1232198143005371}
{"samples": 10392, "loss": 0.12102029025554657}
{"samples": 10592, "loss": 0.21167756974697113}
{"samples": 10792, "loss": 0.18534993708133699}
{"samples": 10992, "loss": 0.1706339645385742}
{"samples": 11192, "loss": 0.10358906924724579}
{"samples": 11392, "loss": 0.18078157901763917}
{"samples": 11592, "loss": 0.16595934629440307}
{"samples": 11792, "loss": 0.14769421994686127}
{"samples": 11992, "loss": 0.15579586505889892}
{"samples": 12192, "loss": 0.11508424699306488}
{"samples": 12392, "loss": 0.12972891926765442}
{"samples": 12592, "loss": 0.10591926217079163}
{"samples": 12792, "loss": 0.14488589107990266}
{"samples": 12992, "loss": 0.1484324014186859}
{"samples": 13192, "loss": 0.10492906332015992}
{"samples": 13392, "loss": 0.14544457495212554}
{"samples": 13592, "loss": 0.07874888300895691}
{"samples": 13792, "loss": 0.1610787743330002}
{"samples": 13992, "loss": 0.09950923681259155}
{"samples": 14192, "loss": 0.15118287920951842}
{"samples": 14392,