{"samples": 496, "accuracy": 0.49945066666666665, "std": 0.01797609553453326, "lower_bound": 0.464, "upper_bound": 0.5346666666666666}
{"samples": 1008, "accuracy": 0.5075533333333333, "std": 0.01823816633083247, "lower_bound": 0.47196666666666665, "upper_bound": 0.5413333333333333}
{"samples": 1520, "accuracy": 0.8190826666666667, "std": 0.014106556773358975, "lower_bound": 0.7906666666666666, "upper_bound": 0.8453666666666667}
{"samples": 2032, "accuracy": 0.7762680000000001, "std": 0.015078850471954269, "lower_bound": 0.7466666666666667, "upper_bound": 0.8053333333333333}
{"samples": 2544, "accuracy": 0.8499933333333334, "std": 0.012943087387138782, "lower_bound": 0.824, "upper_bound": 0.8746666666666667}
{"samples": 3056, "accuracy": 0.86152, "std": 0.012730673369639347, "lower_bound": 0.836, "upper_bound": 0.8866666666666667}
{"samples": 3568, "accuracy": 0.8559053333333334, "std": 0.012928793636255813, "lower_bound": 0.8293333333333334, "upper_bound": 0.88}
{"samples": 4080, "accuracy": 0.8319493333333332, "std": 0.013586303953287339, "lower_bound": 0.804, "upper_bound": 0.8573666666666666}
{"samples": 4592, "accuracy": 0.8985519999999999, "std": 0.010640184125390976, "lower_bound": 0.8773333333333333, "upper_bound": 0.9186666666666666}
{"samples": 5104, "accuracy": 0.9146946666666667, "std": 0.010056423839737691, "lower_bound": 0.8933333333333333, "upper_bound": 0.9346666666666666}
{"samples": 5616, "accuracy": 0.8522053333333334, "std": 0.013437875758053757, "lower_bound": 0.8266333333333333, "upper_bound": 0.8786666666666667}
{"samples": 6128, "accuracy": 0.8926000000000001, "std": 0.010946293132075955, "lower_bound": 0.8706666666666667, "upper_bound": 0.9120333333333334}
{"samples": 6640, "accuracy": 0.9024266666666667, "std": 0.011188851594332633, "lower_bound": 0.8813, "upper_bound": 0.924}
{"samples": 7152, "accuracy": 0.881152, "std": 0.01147236323615245, "lower_bound": 0.86, "upper_bound": 0.904}
{"samples": 192, "loss": 0.7300332876352164}
{"samples": 400, "loss": 0.7163561307466947}
{"samples": 608, "loss": 0.6656388502854568}
{"samples": 816, "loss": 0.6476767613337591}
{"samples": 1024, "loss": 0.6718338452852689}
{"samples": 1232, "loss": 0.5691875311044546}
{"samples": 1440, "loss": 0.5295224556556115}
{"samples": 1648, "loss": 0.6135557156342727}
{"samples": 1856, "loss": 0.5783566328195425}
{"samples": 2064, "loss": 0.4885605298555814}
{"samples": 2272, "loss": 0.49179731882535493}
{"samples": 2480, "loss": 0.4035700261592865}
{"samples": 2688, "loss": 0.37303245526093703}
{"samples": 2896, "loss": 0.35298455907748294}
{"samples": 3104, "loss": 0.4335910907158485}
{"samples": 3312, "loss": 0.30330544939407933}
{"samples": 3520, "loss": 0.3369493003074939}
{"samples": 3728, "loss": 0.32216855654349696}
{"samples": 3936, "loss": 0.33222703291819644}
{"samples": 4144, "loss": 0.29570995844327486}
{"samples": 4352, "loss": 0.23823808362850776}
{"samples": 4560, "loss": 0.2400086080798736}
{"samples": 4768, "loss": 0.2608694296616774}
{"samples": 4976, "loss": 0.306021864597614}
{"samples": 5184, "loss": 0.3489962907937857}
{"samples": 5392, "loss": 0.2905721412255214}
{"samples": 5600, "loss": 0.2347557355578129}
{"samples": 5808, "loss": 0.26979930584247297}
{"samples": 6016, "loss": 0.1991282798922979}
{"samples": 6224, "loss": 0.25113807962490964}
{"samples": 6432, "loss": 0.23958230649049467}
{"samples": 6640, "loss": 0.2088526452963169}
{"samples": 6848, "loss": 0.27672941180375904}
{"samples": 7056, "loss": 0.22957622832976854}
{"samples": 7264, "loss": 0.2869633906162702}
{"samples": 7472, "loss": 0.2581112545270186}
