{
    "accuracy": 0.9654969666329626,
    "precision": 0.9507890193508592,
    "recall": 0.9818027556348002,
    "f1_score": 0.9660313330975083,
    "fp_rate": 0.05081722917715029,
    "tp_rate": 0.9818027556348002,
    "std_accuracy": 0.003986694974265961,
    "std_precision": 0.00664140124729278,
    "std_recall": 0.004106197382585606,
    "std_f1_score": 0.0040004473652512935,
    "std_fp_rate": 0.0069062901799452365,
    "std_tp_rate": 0.004106197382585606,
    "TP": 970.976,
    "TN": 938.777,
    "FP": 50.256,
    "FN": 17.991,
    "roc_auc": 0.996274489557018,
    "fpr_at_thresholds": [
        0.0,
        0.0,
        0.0,
        0.0010111223458038423,
        0.0010111223458038423,
        0.0020222446916076846,
        0.0020222446916076846,
        0.003033367037411527,
        0.003033367037411527,
        0.004044489383215369,
        0.004044489383215369,
        0.005055611729019211,
        0.005055611729019211,
        0.006066734074823054,
        0.006066734074823054,
        0.007077856420626896,
        0.007077856420626896,
        0.008088978766430738,
        0.008088978766430738,
        0.00910010111223458,
        0.00910010111223458,
        0.011122345803842264,
        0.011122345803842264,
        0.012133468149646108,
        0.012133468149646108,
        0.01314459049544995,
        0.01314459049544995,
        0.014155712841253791,
        0.014155712841253791,
        0.015166835187057633,
        0.015166835187057633,
        0.016177957532861477,
        0.016177957532861477,
        0.01820020222446916,
        0.01820020222446916,
        0.019211324570273004,
        0.019211324570273004,
        0.020222446916076844,
        0.020222446916076844,
        0.021233569261880688,
        0.021233569261880688,
        0.022244691607684528,
        0.022244691607684528,
        0.023255813953488372,
        0.023255813953488372,
        0.024266936299292215,
        0.024266936299292215,
        0.025278058645096056,
        0.025278058645096056,
        0.0262891809908999,
        0.0262891809908999,
        0.029322548028311426,
        0.029322548028311426,
        0.03134479271991911,
        0.03134479271991911,
        0.032355915065722954,
        0.032355915065722954,
        0.03842264914054601,
        0.03842264914054601,
        0.041456016177957536,
        0.041456016177957536,
        0.042467138523761376,
        0.042467138523761376,
        0.057633973710819006,
        0.057633973710819006,
        0.05965621840242669,
        0.05965621840242669,
        0.06167846309403438,
        0.06167846309403438,
        0.06875631951466127,
        0.06875631951466127,
        0.07482305358948432,
        0.07482305358948432,
        0.08190091001011122,
        0.08190091001011122,
        0.0839231547017189,
        0.0839231547017189,
        0.09605662285136501,
        0.09605662285136501,
        0.10212335692618807,
        0.10212335692618807,
        0.11324570273003033,
        0.11324570273003033,
        0.12335692618806876,
        0.12335692618806876,
        0.13346814964610718,
        0.13346814964610718,
        0.134479271991911,
        0.134479271991911,
        0.1385237613751264,
        0.1385237613751264,
        0.17087967644084934,
        0.17087967644084934,
        0.17795753286147623,
        0.17795753286147623,
        1.0
    ],
    "tpr_at_thresholds": [
        0.0,
        0.0010111223458038423,
        0.6663296258847321,
        0.6663296258847321,
        0.8230535894843276,
        0.8230535894843276,
        0.846309403437816,
        0.846309403437816,
        0.8543983822042467,
        0.8543983822042467,
        0.8746208291203236,
        0.8746208291203236,
        0.9069767441860465,
        0.9069767441860465,
        0.9110212335692619,
        0.9110212335692619,
        0.9201213346814965,
        0.9201213346814965,
        0.9251769464105156,
        0.9251769464105156,
        0.9271991911021233,
        0.9271991911021233,
        0.9282103134479271,
        0.9282103134479271,
        0.9312436804853387,
        0.9312436804853387,
        0.9322548028311426,
        0.9322548028311426,
        0.9373104145601617,
        0.9373104145601617,
        0.9393326592517695,
        0.9393326592517695,
        0.9403437815975733,
        0.9403437815975733,
        0.9433771486349848,
        0.9433771486349848,
        0.9464105156723963,
        0.9464105156723963,
        0.948432760364004,
        0.948432760364004,
        0.9534883720930233,
        0.9534883720930233,
        0.9544994944388271,
        0.9544994944388271,
        0.9575328614762386,
        0.9575328614762386,
        0.9656218402426694,
        0.9656218402426694,
        0.967644084934277,
        0.967644084934277,
        0.9686552072800809,
        0.9686552072800809,
        0.9716885743174924,
        0.9716885743174924,
        0.974721941354904,
        0.974721941354904,
        0.9767441860465116,
        0.9767441860465116,
        0.9797775530839231,
        0.9797775530839231,
        0.980788675429727,
        0.980788675429727,
        0.9817997977755308,
        0.9817997977755308,
        0.9828109201213346,
        0.9828109201213346,
        0.9838220424671386,
        0.9838220424671386,
        0.9858442871587462,
        0.9858442871587462,
        0.9868554095045501,
        0.9868554095045501,
        0.9878665318503539,
        0.9878665318503539,
        0.9898887765419616,
        0.9898887765419616,
        0.9908998988877654,
        0.9908998988877654,
        0.9919110212335692,
        0.9919110212335692,
        0.9929221435793731,
        0.9929221435793731,
        0.993933265925177,
        0.993933265925177,
        0.9949443882709808,
        0.9949443882709808,
        0.9959555106167847,
        0.9959555106167847,
        0.9969666329625885,
        0.9969666329625885,
        0.9979777553083923,
        0.9979777553083923,
        0.9989888776541962,
        0.9989888776541962,
        1.0,
        1.0
    ],