{
    "accuracy": 0.9622213855421687,
    "precision": 0.9510300711178717,
    "recall": 0.9747263474289157,
    "f1_score": 0.9627149433656705,
    "fp_rate": 0.05031184814608048,
    "tp_rate": 0.9747263474289157,
    "std_accuracy": 0.004162853743612068,
    "std_precision": 0.006588468045443814,
    "std_recall": 0.004873251828063311,
    "std_f1_score": 0.004140427084170848,
    "std_fp_rate": 0.006859679612429074,
    "std_tp_rate": 0.004873251828063311,
    "TP": 971.905,
    "TN": 944.84,
    "FP": 50.05,
    "FN": 25.205,
    "roc_auc": 0.9950635876840697,
    "fpr_at_thresholds": [
        0.0,
        0.0,
        0.0,
        0.001004016064257028,
        0.001004016064257028,
        0.002008032128514056,
        0.002008032128514056,
        0.0030120481927710845,
        0.0030120481927710845,
        0.004016064257028112,
        0.004016064257028112,
        0.0050200803212851405,
        0.0050200803212851405,
        0.006024096385542169,
        0.006024096385542169,
        0.007028112449799197,
        0.007028112449799197,
        0.008032128514056224,
        0.008032128514056224,
        0.009036144578313253,
        0.009036144578313253,
        0.01104417670682731,
        0.01104417670682731,
        0.012048192771084338,
        0.012048192771084338,
        0.014056224899598393,
        0.014056224899598393,
        0.01606425702811245,
        0.01606425702811245,
        0.018072289156626505,
        0.018072289156626505,
        0.019076305220883535,
        0.019076305220883535,
        0.020080321285140562,
        0.020080321285140562,
        0.02108433734939759,
        0.02108433734939759,
        0.023092369477911646,
        0.023092369477911646,
        0.024096385542168676,
        0.024096385542168676,
        0.025100401606425703,
        0.025100401606425703,
        0.02610441767068273,
        0.02610441767068273,
        0.02710843373493976,
        0.02710843373493976,
        0.029116465863453816,
        0.029116465863453816,
        0.03112449799196787,
        0.03112449799196787,
        0.0321285140562249,
        0.0321285140562249,
        0.03815261044176707,
        0.03815261044176707,
        0.04216867469879518,
        0.04216867469879518,
        0.04417670682730924,
        0.04417670682730924,
        0.04718875502008032,
        0.04718875502008032,
        0.04819277108433735,
        0.04819277108433735,
        0.05220883534136546,
        0.05220883534136546,
        0.055220883534136546,
        0.055220883534136546,
        0.05823293172690763,
        0.05823293172690763,
        0.05923694779116466,
        0.05923694779116466,
        0.060240963855421686,
        0.060240963855421686,
        0.06124497991967871,
        0.06124497991967871,
        0.06325301204819277,
        0.06325301204819277,
        0.06726907630522089,
        0.06726907630522089,
        0.07028112449799197,
        0.07028112449799197,
        0.07931726907630522,
        0.07931726907630522,
        0.08132530120481928,
        0.08132530120481928,
        0.09236947791164658,
        0.09236947791164658,
        0.09538152610441768,
        0.09538152610441768,
        0.10140562248995984,
        0.10140562248995984,
        0.10341365461847389,
        0.10341365461847389,
        0.12349397590361445,
        0.12349397590361445,
        0.1495983935742972,
        0.1495983935742972,
        0.19678714859437751,
        0.19678714859437751,
        0.23393574297188754,
        0.23393574297188754,
        0.24397590361445784,
        0.24397590361445784,
        0.3684738955823293,
        0.3684738955823293,
        1.0
    ],
    "tpr_at_thresholds": [
        0.0,
        0.001004016064257028,
        0.6164658634538153,
        0.6164658634538153,
        0.8152610441767069,
        0.8152610441767069,
        0.8353413654618473,
        0.8353413654618473,
        0.8504016064257028,
        0.8504016064257028,
        0.8654618473895582,
        0.8654618473895582,
        0.891566265060241,
        0.891566265060241,
        0.8995983935742972,
        0.8995983935742972,
        0.9086345381526104,
        0.9086345381526104,
        0.9106425702811245,
        0.9106425702811245,
        0.9146586345381527,
        0.9146586345381527,
        0.9176706827309237,
        0.9176706827309237,
        0.9257028112449799,
        0.9257028112449799,
        0.9307228915662651,
        0.9307228915662651,
        0.9327309236947792,
        0.9327309236947792,
        0.9347389558232931,
        0.9347389558232931,
        0.9377510040160643,
        0.9377510040160643,
        0.9387550200803213,
        0.9387550200803213,
        0.9407630522088354,
        0.9407630522088354,
        0.9437751004016064,
        0.9437751004016064,
        0.9497991967871486,
        0.9497991967871486,
        0.9518072289156626,
        0.9518072289156626,
        0.9548192771084337,
        0.9548192771084337,
        0.9568273092369478,
        0.9568273092369478,
        0.9608433734939759,
        0.9608433734939759,
        0.9618473895582329,
        0.9618473895582329,
        0.9628514056224899,
        0.9628514056224899,
        0.9678714859437751,
        0.9678714859437751,
        0.9698795180722891,
        0.9698795180722891,
        0.9718875502008032,
        0.9718875502008032,
        0.9738955823293173,
        0.9738955823293173,
        0.9748995983935743,
        0.9748995983935743,
        0.9759036144578314,
        0.9759036144578314,
        0.9769076305220884,
        0.9769076305220884,
        0.9779116465863453,
        0.9779116465863453,
        0.9789156626506024,
        0.9789156626506024,
        0.9799196787148594,
        0.9799196787148594,
        0.9809236947791165,
        0.9809236947791165,
        0.9819277108433735,
        0.9819277108433735,
        0.9839357429718876,
        0.9839357429718876,
        0.9849397590361446,
        0.9849397590361446,
        0.9869477911646586,
        0.9869477911646586,
        0.9879518072289156,
        0.9879518072289156,
        0.9889558232931727,
        0.9889558232931727,
        0.9909638554216867,
        0.9909638554216867,
        0.9919678714859438,
        0.9919678714859438,
        0.9929718875502008,
        0.9929718875502008,
        0.9939759036144579,
        0.9939759036144579,
        0.9959839357429718,
        0.9959839357429718,
        0.9969879518072289,
        0.9969879518072289,
        0.9979919678714859,
        0.9979919678714859,
        0.998995983935743,
        0.998995983935743,
        1.0,
        1.0
    ],