{
    "accuracy": 0.9680133333333333,
    "precision": 0.9634151324522631,
    "recall": 0.9731064599039031,
    "f1_score": 0.96819517217978,
    "fp_rate": 0.03710671642230213,
    "tp_rate": 0.9731064599039031,
    "std_accuracy": 0.006407481737954643,
    "std_precision": 0.009911531151955534,
    "std_recall": 0.008066299636011503,
    "std_f1_score": 0.006481869534930032,
    "std_fp_rate": 0.010067044479647631,
    "std_tp_rate": 0.008066299636011503,
    "TP": 365.614,
    "TN": 360.396,
    "FP": 13.888,
    "FN": 10.102,
    "roc_auc": 0.9936284444444443,
    "fpr_at_thresholds": [
        0.0,
        0.0,
        0.0,
        0.008,
        0.008,
        0.016,
        0.016,
        0.024,
        0.024,
        0.02666666666666667,
        0.02666666666666667,
        0.034666666666666665,
        0.034666666666666665,
        0.037333333333333336,
        0.04533333333333334,
        0.04533333333333334,
        0.05333333333333334,
        0.05333333333333334,
        0.06133333333333333,
        0.06133333333333333,
        0.064,
        0.072,
        0.072,
        0.12,
        0.12,
        0.184,
        0.184,
        0.264,
        0.26666666666666666,
        0.27466666666666667,
        0.28,
        0.296,
        0.2986666666666667,
        0.37066666666666664,
        0.37066666666666664,
        0.39466666666666667,
        0.4,
        0.456,
        0.4613333333333333,
        0.5173333333333333,
        0.5226666666666666,
        0.7066666666666667,
        0.712,
        0.744,
        0.7546666666666667,
        0.7866666666666666,
        0.792,
        0.872,
        0.8746666666666667,
        0.9066666666666666,
        0.912,
        0.936,
        0.9413333333333334,
        0.9653333333333334,
        0.9706666666666667,
        0.9786666666666667,
        0.984,
        1.0
    ],
    "tpr_at_thresholds": [
        0.0,
        0.0026666666666666666,
        0.6613333333333333,
        0.6613333333333333,
        0.9146666666666666,
        0.9146666666666666,
        0.9306666666666666,
        0.9306666666666666,
        0.9573333333333334,
        0.9573333333333334,
        0.968,
        0.968,
        0.9733333333333334,
        0.9733333333333334,
        0.9733333333333334,
        0.9813333333333333,
        0.9813333333333333,
        0.984,
        0.984,
        0.9866666666666667,
        0.9866666666666667,
        0.9866666666666667,
        0.9893333333333333,
        0.9893333333333333,
        0.9946666666666667,
        0.9946666666666667,
        0.9973333333333333,
        0.9973333333333333,
        0.9973333333333333,
        0.9973333333333333,
        0.9973333333333333,
        0.9973333333333333,
        0.9973333333333333,
        0.9973333333333333,
        1.0,
        1.0,
        1.0,
        1.0,
        1.0,
        1.0,
        1.0,
        1.0,
        1.0,
        1.0,
        1.0,
        1.0,
        1.0,
        1.0,
        1.0,
        1.0,
        1.0,
        1.0,
        1.0,
        1.0,
        1.0,
        1.0,
        1.0,
        1.0
    ],
    "thresholds": [
        Infinity,
        2.926470994949341,
        2.3346199989318848,
        2.3198471069335938,
        1.0667526721954346,
        1.030992031097412,
        0.9436265230178833,
        0.9411047101020813,
        0.7536957859992981,
        0.5955891609191895,
        0.5454438328742981,
        0.5010517239570618,
        0.4596147835254669,
        0.2843538224697113,
        0.08409616351127625,
        -0.12959034740924835,
        -0.17242999374866486,
        -0.17578402161598206,
        -0.31565552949905396,
        -0.33726418018341064,
        -0.43415480852127075,
        -0.46611374616622925,
        -0.5343740582466125,
        -1.0403952598571777,
        -1.2003350257873535,
        -1.5401190519332886,
        -1.55009925365448,
        -1.8594268560409546,
        -1.8692253828048706,
        -1.8993417024612427,
        -1.9014126062393188,
        -1.9342008829116821,
        -1.9520171880722046,
        -2.057394027709961,
        -2.0673718452453613,
        -2.129448652267456,
        -2.1410934925079346,
        -2.2536604404449463,
        -2.268815040588379,
        -2.327788829803467,
        -2.3292441368103027,
        -2.5160140991210938,
        -2.54464054107666,
        -2.5653626918792725,
        -2.577439785003662,
        -2.5867974758148193,
        -2.5937891006469727,
        -2.628441333770752,
        -2.636789321899414,
        -2.654810905456543,
        -2.657104253768921,
        -2.6818342208862305,
        -2.6840546131134033,
        -2.7129695415496826,
        -2.7169716358184814,
        -2.7243142127990723,
        -2.7415339946746826,
        -2.7525975704193115
    ]
}