{
    "accuracy": 0.9410572289156626,
    "precision": 0.9489363614208949,
    "recall": 0.9324300432673468,
    "f1_score": 0.9405847322938469,
    "fp_rate": 0.05029935592462209,
    "tp_rate": 0.9324300432673468,
    "std_accuracy": 0.00523829455097221,
    "std_precision": 0.00680560172123416,
    "std_recall": 0.007740996356205238,
    "std_f1_score": 0.005368978311884115,
    "std_fp_rate": 0.006818941434459132,
    "std_tp_rate": 0.007740996356205238,
    "TP": 929.731,
    "TN": 944.855,
    "FP": 50.035,
    "FN": 67.379,
    "roc_auc": 0.988593933968807,
    "fpr_at_thresholds": [
        0.0,
        0.0,
        0.0,
        0.001004016064257028,
        0.001004016064257028,
        0.002008032128514056,
        0.002008032128514056,
        0.0030120481927710845,
        0.0030120481927710845,
        0.004016064257028112,
        0.004016064257028112,
        0.0050200803212851405,
        0.0050200803212851405,
        0.006024096385542169,
        0.006024096385542169,
        0.007028112449799197,
        0.007028112449799197,
        0.008032128514056224,
        0.008032128514056224,
        0.009036144578313253,
        0.009036144578313253,
        0.01104417670682731,
        0.01104417670682731,
        0.012048192771084338,
        0.012048192771084338,
        0.013052208835341365,
        0.013052208835341365,
        0.014056224899598393,
        0.014056224899598393,
        0.015060240963855422,
        0.015060240963855422,
        0.01606425702811245,
        0.01606425702811245,
        0.01706827309236948,
        0.01706827309236948,
        0.018072289156626505,
        0.018072289156626505,
        0.019076305220883535,
        0.019076305220883535,
        0.020080321285140562,
        0.020080321285140562,
        0.02108433734939759,
        0.02108433734939759,
        0.023092369477911646,
        0.023092369477911646,
        0.024096385542168676,
        0.024096385542168676,
        0.025100401606425703,
        0.025100401606425703,
        0.02610441767068273,
        0.02610441767068273,
        0.02710843373493976,
        0.02710843373493976,
        0.028112449799196786,
        0.028112449799196786,
        0.029116465863453816,
        0.029116465863453816,
        0.030120481927710843,
        0.030120481927710843,
        0.0321285140562249,
        0.0321285140562249,
        0.03413654618473896,
        0.03413654618473896,
        0.035140562248995984,
        0.035140562248995984,
        0.03714859437751004,
        0.03714859437751004,
        0.03815261044176707,
        0.03815261044176707,
        0.04417670682730924,
        0.04417670682730924,
        0.04718875502008032,
        0.04718875502008032,
        0.04819277108433735,
        0.04819277108433735,
        0.04919678714859438,
        0.04919678714859438,
        0.05220883534136546,
        0.05220883534136546,
        0.05321285140562249,
        0.05321285140562249,
        0.05421686746987952,
        0.05421686746987952,
        0.0572289156626506,
        0.0572289156626506,
        0.05823293172690763,
        0.05823293172690763,
        0.05923694779116466,
        0.05923694779116466,
        0.060240963855421686,
        0.060240963855421686,
        0.06124497991967871,
        0.06124497991967871,
        0.0642570281124498,
        0.0642570281124498,
        0.06726907630522089,
        0.06726907630522089,
        0.06827309236947791,
        0.06827309236947791,
        0.07228915662650602,
        0.07228915662650602,
        0.07329317269076305,
        0.07329317269076305,
        0.07530120481927711,
        0.07530120481927711,
        0.07730923694779117,
        0.07730923694779117,
        0.0783132530120482,
        0.0783132530120482,
        0.07931726907630522,
        0.07931726907630522,
        0.08132530120481928,
        0.08132530120481928,
        0.08333333333333333,
        0.08333333333333333,
        0.08433734939759036,
        0.08433734939759036,
        0.0853413654618474,
        0.0853413654618474,
        0.09437751004016064,
        0.09437751004016064,
        0.09738955823293173,
        0.09738955823293173,
        0.09839357429718876,
        0.09839357429718876,
        0.09939759036144578,
        0.09939759036144578,
        0.10040160642570281,
        0.10040160642570281,
        0.10240963855421686,
        0.10240963855421686,
        0.10542168674698796,
        0.10542168674698796,
        0.10742971887550201,
        0.10742971887550201,
        0.1144578313253012,
        0.1144578313253012,
        0.12048192771084337,
        0.12048192771084337,
        0.12248995983935743,
        0.12248995983935743,
        0.12449799196787148,
        0.12449799196787148,
        0.13253012048192772,
        0.13253012048192772,
        0.13353413654618473,
        0.13353413654618473,
        0.14558232931726908,
        0.14558232931726908,
        0.16265060240963855,
        0.16265060240963855,
        0.1636546184738956,
        0.1636546184738956,
        0.16666666666666666,
        0.16666666666666666,
        0.16967871485943775,
        0.16967871485943775,
        0.1716867469879518,
        0.1716867469879518,
        0.19979919678714858,
        0.19979919678714858,
        0.20381526104417672,
        0.20381526104417672,
        0.22088353413654618,
        0.22088353413654618,
        0.2248995983935743,
        0.2248995983935743,
        0.26907630522088355,
        0.26907630522088355,
        0.29518072289156627,
        0.29518072289156627,
        0.31626506024096385,
        0.31626506024096385,
        0.3704819277108434,
        0.3704819277108434,
        0.4939759036144578,
        0.4939759036144578,
        1.0
    ],