{
    "accuracy": 0.9638699799196787,
    "precision": 0.9495484954948492,
    "recall": 0.9798813873750418,
    "f1_score": 0.9644596045014194,
    "fp_rate": 0.052167385631432986,
    "tp_rate": 0.9798813873750418,
    "std_accuracy": 0.004294154493765396,
    "std_precision": 0.006932470939389159,
    "std_recall": 0.004493905453949381,
    "std_f1_score": 0.004303775525630951,
    "std_fp_rate": 0.007077781922073732,
    "std_tp_rate": 0.004493905453949381,
    "TP": 977.047,
    "TN": 942.982,
    "FP": 51.908,
    "FN": 20.063,
    "roc_auc": 0.9953196319414204,
    "fpr_at_thresholds": [
        0.0,
        0.0,
        0.0,
        0.001004016064257028,
        0.001004016064257028,
        0.002008032128514056,
        0.002008032128514056,
        0.0030120481927710845,
        0.0030120481927710845,
        0.004016064257028112,
        0.004016064257028112,
        0.0050200803212851405,
        0.0050200803212851405,
        0.006024096385542169,
        0.006024096385542169,
        0.007028112449799197,
        0.007028112449799197,
        0.008032128514056224,
        0.008032128514056224,
        0.009036144578313253,
        0.009036144578313253,
        0.01104417670682731,
        0.01104417670682731,
        0.012048192771084338,
        0.012048192771084338,
        0.013052208835341365,
        0.013052208835341365,
        0.014056224899598393,
        0.014056224899598393,
        0.015060240963855422,
        0.015060240963855422,
        0.01606425702811245,
        0.01606425702811245,
        0.01706827309236948,
        0.01706827309236948,
        0.018072289156626505,
        0.018072289156626505,
        0.019076305220883535,
        0.019076305220883535,
        0.020080321285140562,
        0.020080321285140562,
        0.02108433734939759,
        0.02108433734939759,
        0.02208835341365462,
        0.02208835341365462,
        0.023092369477911646,
        0.023092369477911646,
        0.024096385542168676,
        0.024096385542168676,
        0.025100401606425703,
        0.025100401606425703,
        0.02610441767068273,
        0.02610441767068273,
        0.029116465863453816,
        0.029116465863453816,
        0.03112449799196787,
        0.03112449799196787,
        0.0321285140562249,
        0.0321285140562249,
        0.03313253012048193,
        0.03313253012048193,
        0.03614457831325301,
        0.03614457831325301,
        0.0391566265060241,
        0.0391566265060241,
        0.040160642570281124,
        0.040160642570281124,
        0.04216867469879518,
        0.04216867469879518,
        0.04317269076305221,
        0.04317269076305221,
        0.045180722891566265,
        0.045180722891566265,
        0.04819277108433735,
        0.04819277108433735,
        0.04919678714859438,
        0.04919678714859438,
        0.05120481927710843,
        0.05120481927710843,
        0.055220883534136546,
        0.055220883534136546,
        0.060240963855421686,
        0.060240963855421686,
        0.06224899598393574,
        0.06224899598393574,
        0.07028112449799197,
        0.07028112449799197,
        0.08132530120481928,
        0.08132530120481928,
        0.08333333333333333,
        0.08333333333333333,
        0.08634538152610442,
        0.08634538152610442,
        0.0963855421686747,
        0.0963855421686747,
        0.09839357429718876,
        0.09839357429718876,
        0.11646586345381527,
        0.11646586345381527,
        0.1214859437751004,
        0.1214859437751004,
        0.14156626506024098,
        0.14156626506024098,
        0.16265060240963855,
        0.16265060240963855,
        0.1646586345381526,
        0.1646586345381526,
        0.17369477911646586,
        0.17369477911646586,
        0.19076305220883535,
        0.19076305220883535,
        0.24497991967871485,
        0.24497991967871485,
        0.3172690763052209,
        0.3172690763052209,
        1.0
    ],
    "tpr_at_thresholds": [
        0.0,
        0.001004016064257028,
        0.6907630522088354,
        0.6907630522088354,
        0.8323293172690763,
        0.8323293172690763,
        0.8443775100401606,
        0.8443775100401606,
        0.856425702811245,
        0.856425702811245,
        0.8775100401606426,
        0.8775100401606426,
        0.891566265060241,
        0.891566265060241,
        0.8945783132530121,
        0.8945783132530121,
        0.9016064257028112,
        0.9016064257028112,
        0.9056224899598394,
        0.9056224899598394,
        0.9076305220883534,
        0.9076305220883534,
        0.9096385542168675,
        0.9096385542168675,
        0.9176706827309237,
        0.9176706827309237,
        0.9186746987951807,
        0.9186746987951807,
        0.9257028112449799,
        0.9257028112449799,
        0.9267068273092369,
        0.9267068273092369,
        0.927710843373494,
        0.927710843373494,
        0.928714859437751,
        0.928714859437751,
        0.9307228915662651,
        0.9307228915662651,
        0.9347389558232931,
        0.9347389558232931,
        0.9367469879518072,
        0.9367469879518072,
        0.9417670682730924,
        0.9417670682730924,
        0.9437751004016064,
        0.9437751004016064,
        0.9447791164658634,
        0.9447791164658634,
        0.9538152610441767,
        0.9538152610441767,
        0.9558232931726908,
        0.9558232931726908,
        0.9588353413654619,
        0.9588353413654619,
        0.9598393574297188,
        0.9598393574297188,
        0.9618473895582329,
        0.9618473895582329,
        0.9668674698795181,
        0.9668674698795181,
        0.9688755020080321,
        0.9688755020080321,
        0.9698795180722891,
        0.9698795180722891,
        0.9718875502008032,
        0.9718875502008032,
        0.9728915662650602,
        0.9728915662650602,
        0.9738955823293173,
        0.9738955823293173,
        0.9748995983935743,
        0.9748995983935743,
        0.9759036144578314,
        0.9759036144578314,
        0.9779116465863453,
        0.9779116465863453,
        0.9799196787148594,
        0.9799196787148594,
        0.9809236947791165,
        0.9809236947791165,
        0.9819277108433735,
        0.9819277108433735,
        0.9829317269076305,
        0.9829317269076305,
        0.9849397590361446,
        0.9849397590361446,
        0.9859437751004017,
        0.9859437751004017,
        0.9869477911646586,
        0.9869477911646586,
        0.9879518072289156,
        0.9879518072289156,
        0.9889558232931727,
        0.9889558232931727,
        0.9899598393574297,
        0.9899598393574297,
        0.9909638554216867,
        0.9909638554216867,
        0.9919678714859438,
        0.9919678714859438,
        0.9929718875502008,
        0.9929718875502008,
        0.9939759036144579,
        0.9939759036144579,
        0.9949799196787149,
        0.9949799196787149,
        0.9959839357429718,
        0.9959839357429718,
        0.9969879518072289,
        0.9969879518072289,
        0.9979919678714859,
        0.9979919678714859,
        0.998995983935743,
        0.998995983935743,
        1.0,
        1.0
    ],