{
    "accuracy": 0.9329739966082533,
    "precision": 0.9529226357366708,
    "recall": 0.9110483171763235,
    "f1_score": 0.9314789795770939,
    "fp_rate": 0.04508523135068258,
    "tp_rate": 0.9110483171763235,
    "std_accuracy": 0.005726464357548357,
    "std_precision": 0.007132910241432871,
    "std_recall": 0.009229439589489612,
    "std_f1_score": 0.0059694055073108866,
    "std_fp_rate": 0.006988921534091929,
    "std_tp_rate": 0.009229439589489612,
    "TP": 806.282,
    "TN": 844.149,
    "FP": 39.844,
    "FN": 78.725,
    "roc_auc": 0.9876268630007414,
    "fpr_at_thresholds": [
        0.0,
        0.0,
        0.0,
        0.0011312217194570137,
        0.0011312217194570137,
        0.0022624434389140274,
        0.0022624434389140274,
        0.003393665158371041,
        0.003393665158371041,
        0.004524886877828055,
        0.004524886877828055,
        0.005656108597285068,
        0.005656108597285068,
        0.006787330316742082,
        0.006787330316742082,
        0.007918552036199095,
        0.007918552036199095,
        0.010180995475113122,
        0.010180995475113122,
        0.011312217194570135,
        0.011312217194570135,
        0.012443438914027148,
        0.012443438914027148,
        0.013574660633484163,
        0.013574660633484163,
        0.014705882352941176,
        0.014705882352941176,
        0.01583710407239819,
        0.01583710407239819,
        0.016968325791855202,
        0.016968325791855202,
        0.01809954751131222,
        0.01809954751131222,
        0.019230769230769232,
        0.019230769230769232,
        0.020361990950226245,
        0.020361990950226245,
        0.021493212669683258,
        0.021493212669683258,
        0.02262443438914027,
        0.02262443438914027,
        0.023755656108597284,
        0.023755656108597284,
        0.024886877828054297,
        0.024886877828054297,
        0.026018099547511313,
        0.026018099547511313,
        0.027149321266968326,
        0.027149321266968326,
        0.029411764705882353,
        0.029411764705882353,
        0.030542986425339366,
        0.030542986425339366,
        0.033936651583710405,
        0.033936651583710405,
        0.03506787330316742,
        0.03506787330316742,
        0.03619909502262444,
        0.03619909502262444,
        0.03733031674208145,
        0.03733031674208145,
        0.038461538461538464,
        0.038461538461538464,
        0.03959276018099547,
        0.03959276018099547,
        0.04072398190045249,
        0.04072398190045249,
        0.0418552036199095,
        0.0418552036199095,
        0.042986425339366516,
        0.042986425339366516,
        0.04411764705882353,
        0.04411764705882353,
        0.04638009049773756,
        0.04638009049773756,
        0.04751131221719457,
        0.04751131221719457,
        0.048642533936651584,
        0.048642533936651584,
        0.05203619909502263,
        0.05203619909502263,
        0.053167420814479636,
        0.053167420814479636,
        0.05429864253393665,
        0.05429864253393665,
        0.05656108597285068,
        0.05656108597285068,
        0.057692307692307696,
        0.057692307692307696,
        0.06108597285067873,
        0.06108597285067873,
        0.06334841628959276,
        0.06334841628959276,
        0.06447963800904978,
        0.06447963800904978,
        0.06561085972850679,
        0.06561085972850679,
        0.06787330316742081,
        0.06787330316742081,
        0.06900452488687783,
        0.06900452488687783,
        0.07126696832579185,
        0.07126696832579185,
        0.07239819004524888,
        0.07239819004524888,
        0.0746606334841629,
        0.0746606334841629,
        0.0757918552036199,
        0.0757918552036199,
        0.08257918552036199,
        0.08257918552036199,
        0.09276018099547512,
        0.09276018099547512,
        0.09728506787330317,
        0.09728506787330317,
        0.09841628959276018,
        0.09841628959276018,
        0.10407239819004525,
        0.10407239819004525,
        0.1074660633484163,
        0.1074660633484163,
        0.1085972850678733,
        0.1085972850678733,
        0.11425339366515837,
        0.11425339366515837,
        0.1165158371040724,
        0.1165158371040724,
        0.1255656108597285,
        0.1255656108597285,
        0.1425339366515837,
        0.1425339366515837,
        0.14479638009049775,
        0.14479638009049775,
        0.1504524886877828,
        0.1504524886877828,
        0.15723981900452488,
        0.15723981900452488,
        0.16176470588235295,
        0.16176470588235295,
        0.18212669683257918,
        0.18212669683257918,
        0.20475113122171945,
        0.20475113122171945,
        0.22850678733031674,
        0.22850678733031674,
        0.26131221719457015,
        0.26131221719457015,
        0.3246606334841629,
        0.3246606334841629,
        1.0
    ],