{
    "accuracy": 0.9594650101419877,
    "precision": 0.9502483929863835,
    "recall": 0.9697291646286063,
    "f1_score": 0.9598706233037357,
    "fp_rate": 0.050800579754539034,
    "tp_rate": 0.9697291646286063,
    "std_accuracy": 0.004502596435282578,
    "std_precision": 0.006988418906081562,
    "std_recall": 0.005335308962824673,
    "std_f1_score": 0.004522765961272535,
    "std_fp_rate": 0.007168155091019646,
    "std_tp_rate": 0.005335308962824673,
    "TP": 956.396,
    "TN": 935.669,
    "FP": 50.079,
    "FN": 29.856,
    "roc_auc": 0.9937389168439286,
    "fpr_at_thresholds": [
        0.0,
        0.0,
        0.0,
        0.0010141987829614604,
        0.0010141987829614604,
        0.002028397565922921,
        0.002028397565922921,
        0.0030425963488843813,
        0.0030425963488843813,
        0.004056795131845842,
        0.004056795131845842,
        0.005070993914807302,
        0.005070993914807302,
        0.006085192697768763,
        0.006085192697768763,
        0.007099391480730223,
        0.007099391480730223,
        0.008113590263691683,
        0.008113590263691683,
        0.009127789046653144,
        0.009127789046653144,
        0.011156186612576065,
        0.011156186612576065,
        0.012170385395537525,
        0.012170385395537525,
        0.013184584178498986,
        0.013184584178498986,
        0.014198782961460446,
        0.014198782961460446,
        0.015212981744421906,
        0.015212981744421906,
        0.016227180527383367,
        0.016227180527383367,
        0.018255578093306288,
        0.018255578093306288,
        0.019269776876267748,
        0.019269776876267748,
        0.02129817444219067,
        0.02129817444219067,
        0.02231237322515213,
        0.02231237322515213,
        0.02332657200811359,
        0.02332657200811359,
        0.02434077079107505,
        0.02434077079107505,
        0.02535496957403651,
        0.02535496957403651,
        0.02636916835699797,
        0.02636916835699797,
        0.02738336713995943,
        0.02738336713995943,
        0.029411764705882353,
        0.029411764705882353,
        0.030425963488843813,
        0.030425963488843813,
        0.03144016227180527,
        0.03144016227180527,
        0.034482758620689655,
        0.034482758620689655,
        0.036511156186612576,
        0.036511156186612576,
        0.037525354969574036,
        0.037525354969574036,
        0.038539553752535496,
        0.038539553752535496,
        0.03955375253549696,
        0.03955375253549696,
        0.04158215010141988,
        0.04158215010141988,
        0.04259634888438134,
        0.04259634888438134,
        0.04462474645030426,
        0.04462474645030426,
        0.05273833671399594,
        0.05273833671399594,
        0.055780933062880324,
        0.055780933062880324,
        0.057809330628803245,
        0.057809330628803245,
        0.061866125760649086,
        0.061866125760649086,
        0.06288032454361055,
        0.06288032454361055,
        0.06896551724137931,
        0.06896551724137931,
        0.07302231237322515,
        0.07302231237322515,
        0.07505070993914807,
        0.07505070993914807,
        0.07809330628803246,
        0.07809330628803246,
        0.07910750507099391,
        0.07910750507099391,
        0.0821501014198783,
        0.0821501014198783,
        0.08519269776876268,
        0.08519269776876268,
        0.08823529411764706,
        0.08823529411764706,
        0.09634888438133875,
        0.09634888438133875,
        0.13488843813387424,
        0.13488843813387424,
        0.1440162271805274,
        0.1440162271805274,
        0.15010141987829614,
        0.15010141987829614,
        0.16328600405679514,
        0.16328600405679514,
        0.1643002028397566,
        0.1643002028397566,
        0.17038539553752535,
        0.17038539553752535,
        0.19878296146044624,
        0.19878296146044624,
        0.24442190669371197,
        0.24442190669371197,
        0.281947261663286,
        0.281947261663286,
        0.37322515212981744,
        0.37322515212981744,
        0.4117647058823529,
        0.4117647058823529,
        1.0
    ],
    "tpr_at_thresholds": [
        0.0,
        0.0010141987829614604,
        0.6602434077079108,
        0.6602434077079108,
        0.8052738336713996,
        0.8052738336713996,
        0.8133874239350912,
        0.8133874239350912,
        0.8356997971602435,
        0.8356997971602435,
        0.859026369168357,
        0.859026369168357,
        0.8711967545638946,
        0.8711967545638946,
        0.8742393509127789,
        0.8742393509127789,
        0.8833671399594321,
        0.8833671399594321,
        0.8853955375253549,
        0.8853955375253549,
        0.8884381338742393,
        0.8884381338742393,
        0.8924949290060852,
        0.8924949290060852,
        0.896551724137931,
        0.896551724137931,
        0.8985801217038539,
        0.8985801217038539,
        0.907707910750507,
        0.907707910750507,
        0.9107505070993914,
        0.9107505070993914,
        0.9148073022312373,
        0.9148073022312373,
        0.9178498985801217,
        0.9178498985801217,
        0.922920892494929,
        0.922920892494929,
        0.9310344827586207,
        0.9310344827586207,
        0.9320486815415822,
        0.9320486815415822,
        0.9350912778904665,
        0.9350912778904665,
        0.9432048681541582,
        0.9432048681541582,
        0.9452332657200812,
        0.9452332657200812,
        0.949290060851927,
        0.949290060851927,
        0.9523326572008114,
        0.9523326572008114,
        0.9533468559837728,
        0.9533468559837728,
        0.9553752535496958,
        0.9553752535496958,
        0.9563894523326572,
        0.9563894523326572,
        0.9594320486815415,
        0.9594320486815415,
        0.960446247464503,
        0.960446247464503,
        0.9614604462474645,
        0.9614604462474645,
        0.9634888438133874,
        0.9634888438133874,
        0.9645030425963489,
        0.9645030425963489,
        0.9665314401622718,
        0.9665314401622718,
        0.9675456389452333,
        0.9675456389452333,
        0.9695740365111561,
        0.9695740365111561,
        0.9716024340770791,
        0.9716024340770791,
        0.9726166328600405,
        0.9726166328600405,
        0.973630831643002,
        0.973630831643002,
        0.9746450304259635,
        0.9746450304259635,
        0.9756592292089249,
        0.9756592292089249,
        0.9766734279918864,
        0.9766734279918864,
        0.9787018255578094,
        0.9787018255578094,
        0.9797160243407708,
        0.9797160243407708,
        0.9807302231237323,
        0.9807302231237323,
        0.9827586206896551,
        0.9827586206896551,
        0.9847870182555781,
        0.9847870182555781,
        0.9858012170385395,
        0.9858012170385395,
        0.9878296146044625,
        0.9878296146044625,
        0.9888438133874239,
        0.9888438133874239,
        0.9898580121703854,
        0.9898580121703854,
        0.9908722109533469,
        0.9908722109533469,
        0.9918864097363083,
        0.9918864097363083,
        0.9929006085192698,
        0.9929006085192698,
        0.9939148073022313,
        0.9939148073022313,
        0.9949290060851927,
        0.9949290060851927,
        0.9959432048681541,
        0.9959432048681541,
        0.9969574036511156,
        0.9969574036511156,
        0.9979716024340771,
        0.9979716024340771,
        0.9989858012170385,
        0.9989858012170385,
        1.0,
        1.0
    ],