{"train/loss": 0.12217517137527466, "train/learning_rate": 1.4647887323943664e-07, "train/epoch": 0, "_timestamp": 1714470022.6390193, "_runtime": 2852.51433134079, "_step": 15596, "eval/accuracy": 0.9112576064908722, "_wandb": {"runtime": 2860}}