{"samples": 496, "accuracy": 0.5205120000000001, "std": 0.018156874131364742, "lower_bound": 0.484, "upper_bound": 0.556}
{"samples": 1000, "accuracy": 0.8843386666666666, "std": 0.011624608686364939, "lower_bound": 0.8626666666666667, "upper_bound": 0.9066666666666666}
{"samples": 1504, "accuracy": 0.9011359999999999, "std": 0.011060568279553568, "lower_bound": 0.8813333333333333, "upper_bound": 0.9226666666666666}
{"samples": 2008, "accuracy": 0.8321506666666667, "std": 0.013114214916985651, "lower_bound": 0.8053333333333333, "upper_bound": 0.8573333333333333}
{"samples": 2512, "accuracy": 0.932012, "std": 0.008965406999499053, "lower_bound": 0.9133333333333333, "upper_bound": 0.9493333333333334}
{"samples": 3016, "accuracy": 0.909476, "std": 0.010455879876892237, "lower_bound": 0.888, "upper_bound": 0.928}
{"samples": 3520, "accuracy": 0.9558773333333334, "std": 0.007228774108457891, "lower_bound": 0.9413333333333334, "upper_bound": 0.9693333333333334}
{"samples": 4024, "accuracy": 0.9372613333333334, "std": 0.00882411685225338, "lower_bound": 0.92, "upper_bound": 0.9533333333333334}
{"samples": 4528, "accuracy": 0.9640466666666666, "std": 0.00647892652288085, "lower_bound": 0.9506666666666667, "upper_bound": 0.9746666666666667}
{"samples": 5032, "accuracy": 0.9227826666666668, "std": 0.009709874103772468, "lower_bound": 0.9026666666666666, "upper_bound": 0.9413333333333334}
{"samples": 5536, "accuracy": 0.9638306666666666, "std": 0.006808474588497947, "lower_bound": 0.9506666666666667, "upper_bound": 0.9773333333333334}
{"samples": 6040, "accuracy": 0.9472733333333333, "std": 0.007968602275319191, "lower_bound": 0.932, "upper_bound": 0.9613333333333334}
{"samples": 6544, "accuracy": 0.9597319999999999, "std": 0.0074096152546689175, "lower_bound": 0.944, "upper_bound": 0.9733333333333334}
{"samples": 7048, "accuracy": 0.9597493333333333, "std": 0.007166422445451201, "lower_bound": 0.9453333333333334, "upper_bound": 0.9733333333333334}
{"samples": 192, "loss": 0.691676025390625}
{"samples": 392, "loss": 0.6808203125}
{"samples": 592, "loss": 0.638985595703125}
{"samples": 792, "loss": 0.5594581604003906}
{"samples": 992, "loss": 0.3608050537109375}
{"samples": 1192, "loss": 0.29612120628356936}
{"samples": 1392, "loss": 0.2609794235229492}
{"samples": 1592, "loss": 0.18591936826705932}
{"samples": 1792, "loss": 0.2138618516921997}
{"samples": 1992, "loss": 0.3126390027999878}
{"samples": 2192, "loss": 0.32167806625366213}
{"samples": 2392, "loss": 0.23740989685058594}
{"samples": 2592, "loss": 0.14284464836120606}
{"samples": 2792, "loss": 0.16252998113632203}
{"samples": 2992, "loss": 0.2601927185058594}
{"samples": 3192, "loss": 0.229993314743042}
{"samples": 3392, "loss": 0.11617769241333008}
{"samples": 3592, "loss": 0.23448986768722535}
{"samples": 3792, "loss": 0.1726430320739746}
{"samples": 3992, "loss": 0.16118650436401366}
{"samples": 4192, "loss": 0.18040403604507446}
{"samples": 4392, "loss": 0.10619669198989869}
{"samples": 4592, "loss": 0.21789210557937622}
{"samples": 4792, "loss": 0.1292559337615967}
{"samples": 4992, "loss": 0.19336775541305543}
{"samples": 5192, "loss": 0.18759890794754028}
{"samples": 5392, "loss": 0.11479478359222411}
{"samples": 5592, "loss": 0.12943871259689332}
{"samples": 5792, "loss": 0.09010790348052979}
{"samples": 5992, "loss": 0.08724641561508178}
{"samples": 6192, "loss": 0.11715642631053924}
{"samples": 6392, "loss": 0.14492006063461305}
{"samples": 6592, "loss": 0.07778560638427734}
{"samples": 6792, "loss": 0.13120751023292543}
{"samples": 6992, "loss": 0.10998080968856812}
{"samples": 7192, "loss": 0.12611539781093598}
{"samples": 7392, "loss": 0.1447414118051529}
