{
    "accuracy": 0.9508199999999999,
    "precision": 0.9429412294212183,
    "recall": 0.9599135570542319,
    "f1_score": 0.9512880539160299,
    "fp_rate": 0.05833267075110056,
    "tp_rate": 0.9599135570542319,
    "std_accuracy": 0.008101552663258788,
    "std_precision": 0.012256688326894275,
    "std_recall": 0.01025173390918856,
    "std_f1_score": 0.008247724574998143,
    "std_fp_rate": 0.01260166150211219,
    "std_tp_rate": 0.01025173390918856,
    "TP": 360.662,
    "TN": 352.453,
    "FP": 21.831,
    "FN": 15.054,
    "roc_auc": 0.9860622222222223,
    "fpr_at_thresholds": [
        0.0,
        0.0,
        0.0,
        0.008,
        0.008,
        0.010666666666666666,
        0.010666666666666666,
        0.016,
        0.016,
        0.024,
        0.02666666666666667,
        0.02666666666666667,
        0.034666666666666665,
        0.034666666666666665,
        0.042666666666666665,
        0.042666666666666665,
        0.050666666666666665,
        0.050666666666666665,
        0.058666666666666666,
        0.058666666666666666,
        0.06666666666666667,
        0.06666666666666667,
        0.06933333333333333,
        0.10133333333333333,
        0.10133333333333333,
        0.12533333333333332,
        0.12533333333333332,
        0.13333333333333333,
        0.13333333333333333,
        0.18933333333333333,
        0.18933333333333333,
        0.35733333333333334,
        0.35733333333333334,
        0.38133333333333336,
        0.384,
        0.432,
        0.432,
        0.448,
        0.4533333333333333,
        0.47733333333333333,
        0.4826666666666667,
        0.49066666666666664,
        0.49066666666666664,
        0.49866666666666665,
        0.504,
        0.648,
        0.6533333333333333,
        0.6853333333333333,
        0.6906666666666667,
        0.7226666666666667,
        0.728,
        0.776,
        0.7813333333333333,
        0.8133333333333334,
        0.8186666666666667,
        0.8506666666666667,
        0.8533333333333334,
        0.8933333333333333,
        0.896,
        0.928,
        0.9333333333333333,
        0.9413333333333334,
        0.9466666666666667,
        0.9946666666666667,
        1.0
    ],
    "tpr_at_thresholds": [
        0.0,
        0.0026666666666666666,
        0.256,
        0.256,
        0.7386666666666667,
        0.7386666666666667,
        0.8533333333333334,
        0.8533333333333334,
        0.9306666666666666,
        0.9306666666666666,
        0.9306666666666666,
        0.9493333333333334,
        0.9493333333333334,
        0.952,
        0.952,
        0.9573333333333334,
        0.9573333333333334,
        0.96,
        0.96,
        0.9706666666666667,
        0.9706666666666667,
        0.9733333333333334,
        0.9733333333333334,
        0.9733333333333334,
        0.9786666666666667,
        0.9786666666666667,
        0.9813333333333333,
        0.9813333333333333,
        0.9893333333333333,
        0.9893333333333333,
        0.992,
        0.992,
        0.9946666666666667,
        0.9946666666666667,
        0.9946666666666667,
        0.9946666666666667,
        0.9973333333333333,
        0.9973333333333333,
        0.9973333333333333,
        0.9973333333333333,
        0.9973333333333333,
        0.9973333333333333,
        1.0,
        1.0,
        1.0,
        1.0,
        1.0,
        1.0,
        1.0,
        1.0,
        1.0,
        1.0,
        1.0,
        1.0,
        1.0,
        1.0,
        1.0,
        1.0,
        1.0,
        1.0,
        1.0,
        1.0,
        1.0,
        1.0,
        1.0
    ],
    "thresholds": [
        Infinity,
        1.9869658946990967,
        1.8904844522476196,
        1.8892340660095215,
        1.5852069854736328,
        1.583996295928955,
        1.3264777660369873,
        1.3235576152801514,
        0.6801223754882812,
        0.6358303427696228,
        0.6187452077865601,
        0.36751437187194824,
        0.3465995490550995,
        0.3323664367198944,
        0.23470698297023773,
        0.13748694956302643,
        0.10936053097248077,
        0.029191480949521065,
        -0.008073380216956139,
        -0.17880366742610931,
        -0.2696913778781891,
        -0.2722567319869995,
        -0.28909391164779663,
        -0.5649017691612244,
        -0.6673341989517212,
        -0.7423785328865051,
        -0.7883580923080444,
        -0.9065635800361633,
        -0.9990713596343994,
        -1.2653456926345825,
        -1.3649814128875732,
        -1.6947407722473145,
        -1.7186487913131714,
        -1.7596303224563599,
        -1.760871171951294,
        -1.8038121461868286,
        -1.8066500425338745,
        -1.8193053007125854,
        -1.8198107481002808,
        -1.8706227540969849,
        -1.8760054111480713,
        -1.8815957307815552,
        -1.885857343673706,
        -1.899487018585205,
        -1.9089661836624146,
        -1.962985634803772,
        -1.9651477336883545,
        -1.9779717922210693,
        -1.978787899017334,
        -1.9900178909301758,
        -1.9913462400436401,
        -2.003849983215332,
        -2.0065622329711914,
        -2.0169517993927,
        -2.0185065269470215,
        -2.0290069580078125,
        -2.0323526859283447,
        -2.049201011657715,
        -2.0506973266601562,
        -2.056729555130005,
        -2.056912422180176,
        -2.0571646690368652,
        -2.058445930480957,
        -2.0752410888671875,
        -2.081272840499878
    ]
}