{
    "accuracy": 0.9537705823293173,
    "precision": 0.925003209396753,
    "recall": 0.9877315103135277,
    "f1_score": 0.9553188712576557,
    "fp_rate": 0.08026884110491753,
    "tp_rate": 0.9877315103135277,
    "std_accuracy": 0.0045181581596034255,
    "std_precision": 0.007757974896561612,
    "std_recall": 0.0035190250783060165,
    "std_f1_score": 0.004447006647502134,
    "std_fp_rate": 0.008358095847228833,
    "std_tp_rate": 0.0035190250783060165,
    "TP": 984.875,
    "TN": 915.036,
    "FP": 79.854,
    "FN": 12.235,
    "roc_auc": 0.9939507024080257,
    "fpr_at_thresholds": [
        0.0,
        0.0,
        0.0,
        0.001004016064257028,
        0.001004016064257028,
        0.002008032128514056,
        0.002008032128514056,
        0.0030120481927710845,
        0.0030120481927710845,
        0.004016064257028112,
        0.004016064257028112,
        0.0050200803212851405,
        0.0050200803212851405,
        0.006024096385542169,
        0.006024096385542169,
        0.007028112449799197,
        0.007028112449799197,
        0.008032128514056224,
        0.008032128514056224,
        0.009036144578313253,
        0.009036144578313253,
        0.010040160642570281,
        0.010040160642570281,
        0.01104417670682731,
        0.01104417670682731,
        0.012048192771084338,
        0.012048192771084338,
        0.013052208835341365,
        0.013052208835341365,
        0.014056224899598393,
        0.014056224899598393,
        0.015060240963855422,
        0.015060240963855422,
        0.01606425702811245,
        0.01606425702811245,
        0.01706827309236948,
        0.01706827309236948,
        0.018072289156626505,
        0.018072289156626505,
        0.020080321285140562,
        0.020080321285140562,
        0.02208835341365462,
        0.02208835341365462,
        0.023092369477911646,
        0.023092369477911646,
        0.024096385542168676,
        0.024096385542168676,
        0.025100401606425703,
        0.025100401606425703,
        0.02610441767068273,
        0.02610441767068273,
        0.029116465863453816,
        0.029116465863453816,
        0.030120481927710843,
        0.030120481927710843,
        0.03112449799196787,
        0.03112449799196787,
        0.03313253012048193,
        0.03313253012048193,
        0.03413654618473896,
        0.03413654618473896,
        0.035140562248995984,
        0.035140562248995984,
        0.03714859437751004,
        0.03714859437751004,
        0.03815261044176707,
        0.03815261044176707,
        0.040160642570281124,
        0.040160642570281124,
        0.045180722891566265,
        0.045180722891566265,
        0.05220883534136546,
        0.05220883534136546,
        0.05321285140562249,
        0.05321285140562249,
        0.05622489959839357,
        0.05622489959839357,
        0.06124497991967871,
        0.06124497991967871,
        0.06325301204819277,
        0.06325301204819277,
        0.06927710843373494,
        0.06927710843373494,
        0.07429718875502007,
        0.07429718875502007,
        0.07530120481927711,
        0.07530120481927711,
        0.08333333333333333,
        0.08333333333333333,
        0.0893574297188755,
        0.0893574297188755,
        0.09136546184738956,
        0.09136546184738956,
        0.09337349397590361,
        0.09337349397590361,
        0.09738955823293173,
        0.09738955823293173,
        0.09939759036144578,
        0.09939759036144578,
        0.11847389558232932,
        0.11847389558232932,
        0.13654618473895583,
        0.13654618473895583,
        0.13755020080321284,
        0.13755020080321284,
        0.1576305220883534,
        0.1576305220883534,
        0.28012048192771083,
        0.28012048192771083,
        1.0
    ],
    "tpr_at_thresholds": [
        0.0,
        0.001004016064257028,
        0.32228915662650603,
        0.32228915662650603,
        0.45180722891566266,
        0.45180722891566266,
        0.5491967871485943,
        0.5491967871485943,
        0.6194779116465864,
        0.6194779116465864,
        0.7640562248995983,
        0.7640562248995983,
        0.8012048192771084,
        0.8012048192771084,
        0.8232931726907631,
        0.8232931726907631,
        0.8242971887550201,
        0.8242971887550201,
        0.8634538152610441,
        0.8634538152610441,
        0.8684738955823293,
        0.8684738955823293,
        0.8805220883534136,
        0.8805220883534136,
        0.8845381526104418,
        0.8845381526104418,
        0.8995983935742972,
        0.8995983935742972,
        0.9086345381526104,
        0.9086345381526104,
        0.9176706827309237,
        0.9176706827309237,
        0.9246987951807228,
        0.9246987951807228,
        0.927710843373494,
        0.927710843373494,
        0.9317269076305221,
        0.9317269076305221,
        0.9377510040160643,
        0.9377510040160643,
        0.9397590361445783,
        0.9397590361445783,
        0.9477911646586346,
        0.9477911646586346,
        0.9487951807228916,
        0.9487951807228916,
        0.9518072289156626,
        0.9518072289156626,
        0.9558232931726908,
        0.9558232931726908,
        0.9588353413654619,
        0.9588353413654619,
        0.9628514056224899,
        0.9628514056224899,
        0.963855421686747,
        0.963855421686747,
        0.964859437751004,
        0.964859437751004,
        0.9668674698795181,
        0.9668674698795181,
        0.9688755020080321,
        0.9688755020080321,
        0.9698795180722891,
        0.9698795180722891,
        0.9718875502008032,
        0.9718875502008032,
        0.9728915662650602,
        0.9728915662650602,
        0.9738955823293173,
        0.9738955823293173,
        0.9748995983935743,
        0.9748995983935743,
        0.9759036144578314,
        0.9759036144578314,
        0.9799196787148594,
        0.9799196787148594,
        0.9819277108433735,
        0.9819277108433735,
        0.9829317269076305,
        0.9829317269076305,
        0.9839357429718876,
        0.9839357429718876,
        0.9849397590361446,
        0.9849397590361446,
        0.9859437751004017,
        0.9859437751004017,
        0.9879518072289156,
        0.9879518072289156,
        0.9889558232931727,
        0.9889558232931727,
        0.9899598393574297,
        0.9899598393574297,
        0.9919678714859438,
        0.9919678714859438,
        0.9929718875502008,
        0.9929718875502008,
        0.9939759036144579,
        0.9939759036144579,
        0.9949799196787149,
        0.9949799196787149,
        0.9959839357429718,
        0.9959839357429718,
        0.9969879518072289,
        0.9969879518072289,
        0.9979919678714859,
        0.9979919678714859,
        0.998995983935743,
        0.998995983935743,
        1.0,
        1.0
    ],