{
    "accuracy": 0.9340527383367139,
    "precision": 0.9217944965975826,
    "recall": 0.9486177593438843,
    "f1_score": 0.9349855379754209,
    "fp_rate": 0.08052179014729804,
    "tp_rate": 0.9486177593438843,
    "std_accuracy": 0.00551452101529686,
    "std_precision": 0.008163356865985828,
    "std_recall": 0.006959335405858401,
    "std_f1_score": 0.005619065171066617,
    "std_fp_rate": 0.008413213688022307,
    "std_tp_rate": 0.006959335405858401,
    "TP": 935.58,
    "TN": 906.372,
    "FP": 79.376,
    "FN": 50.672,
    "roc_auc": 0.9829087961686738,
    "fpr_at_thresholds": [
        0.0,
        0.0,
        0.0,
        0.0010141987829614604,
        0.0010141987829614604,
        0.002028397565922921,
        0.002028397565922921,
        0.0030425963488843813,
        0.0030425963488843813,
        0.004056795131845842,
        0.004056795131845842,
        0.005070993914807302,
        0.005070993914807302,
        0.006085192697768763,
        0.006085192697768763,
        0.007099391480730223,
        0.007099391480730223,
        0.008113590263691683,
        0.008113590263691683,
        0.009127789046653144,
        0.009127789046653144,
        0.010141987829614604,
        0.010141987829614604,
        0.012170385395537525,
        0.012170385395537525,
        0.013184584178498986,
        0.013184584178498986,
        0.014198782961460446,
        0.014198782961460446,
        0.015212981744421906,
        0.015212981744421906,
        0.016227180527383367,
        0.016227180527383367,
        0.017241379310344827,
        0.017241379310344827,
        0.018255578093306288,
        0.018255578093306288,
        0.019269776876267748,
        0.019269776876267748,
        0.02028397565922921,
        0.02028397565922921,
        0.02231237322515213,
        0.02231237322515213,
        0.02332657200811359,
        0.02332657200811359,
        0.02434077079107505,
        0.02434077079107505,
        0.02535496957403651,
        0.02535496957403651,
        0.02636916835699797,
        0.02636916835699797,
        0.028397565922920892,
        0.028397565922920892,
        0.029411764705882353,
        0.029411764705882353,
        0.030425963488843813,
        0.030425963488843813,
        0.03144016227180527,
        0.03144016227180527,
        0.032454361054766734,
        0.032454361054766734,
        0.033468559837728194,
        0.033468559837728194,
        0.034482758620689655,
        0.034482758620689655,
        0.036511156186612576,
        0.036511156186612576,
        0.037525354969574036,
        0.037525354969574036,
        0.038539553752535496,
        0.038539553752535496,
        0.03955375253549696,
        0.03955375253549696,
        0.04158215010141988,
        0.04158215010141988,
        0.04259634888438134,
        0.04259634888438134,
        0.0436105476673428,
        0.0436105476673428,
        0.04563894523326572,
        0.04563894523326572,
        0.04665314401622718,
        0.04665314401622718,
        0.04766734279918864,
        0.04766734279918864,
        0.0486815415821501,
        0.0486815415821501,
        0.04969574036511156,
        0.04969574036511156,
        0.05273833671399594,
        0.05273833671399594,
        0.0537525354969574,
        0.0537525354969574,
        0.05476673427991886,
        0.05476673427991886,
        0.055780933062880324,
        0.055780933062880324,
        0.056795131845841784,
        0.056795131845841784,
        0.060851926977687626,
        0.060851926977687626,
        0.06490872210953347,
        0.06490872210953347,
        0.06693711967545639,
        0.06693711967545639,
        0.06795131845841786,
        0.06795131845841786,
        0.06896551724137931,
        0.06896551724137931,
        0.07505070993914807,
        0.07505070993914807,
        0.07606490872210954,
        0.07606490872210954,
        0.07809330628803246,
        0.07809330628803246,
        0.08012170385395538,
        0.08012170385395538,
        0.08113590263691683,
        0.08113590263691683,
        0.0821501014198783,
        0.0821501014198783,
        0.08316430020283976,
        0.08316430020283976,
        0.0872210953346856,
        0.0872210953346856,
        0.08924949290060852,
        0.08924949290060852,
        0.09026369168356999,
        0.09026369168356999,
        0.09127789046653144,
        0.09127789046653144,
        0.09330628803245436,
        0.09330628803245436,
        0.09634888438133875,
        0.09634888438133875,
        0.10141987829614604,
        0.10141987829614604,
        0.10547667342799188,
        0.10547667342799188,
        0.10953346855983773,
        0.10953346855983773,
        0.11561866125760649,
        0.11561866125760649,
        0.11764705882352941,
        0.11764705882352941,
        0.1206896551724138,
        0.1206896551724138,
        0.12271805273833672,
        0.12271805273833672,
        0.12677484787018256,
        0.12677484787018256,
        0.12880324543610547,
        0.12880324543610547,
        0.13387423935091278,
        0.13387423935091278,
        0.1359026369168357,
        0.1359026369168357,
        0.14300202839756593,
        0.14300202839756593,
        0.14503042596348883,
        0.14503042596348883,
        0.15720081135902636,
        0.15720081135902636,
        0.16024340770791076,
        0.16024340770791076,
        0.16328600405679514,
        0.16328600405679514,
        0.16835699797160245,
        0.16835699797160245,
        0.17038539553752535,
        0.17038539553752535,
        0.19066937119675456,
        0.19066937119675456,
        0.2028397565922921,
        0.2028397565922921,
        0.20588235294117646,
        0.20588235294117646,
        0.2281947261663286,
        0.2281947261663286,
        0.2778904665314402,
        0.2778904665314402,
        0.2799188640973631,
        0.2799188640973631,
        0.3012170385395537,
        0.3012170385395537,
        0.3133874239350913,
        0.3133874239350913,
        0.3924949290060852,
        0.3924949290060852,
        0.4300202839756592,
        0.4300202839756592,
        0.43204868154158216,
        0.43204868154158216,
        0.43914807302231235,
        0.43914807302231235,
        0.49797160243407707,
        0.49797160243407707,
        0.5720081135902637,
        0.5720081135902637,
        1.0
    ],