{
    "accuracy": 0.9422832108535896,
    "precision": 0.9364677365939025,
    "recall": 0.9490257380183253,
    "f1_score": 0.942674240408776,
    "fp_rate": 0.0644757292290529,
    "tp_rate": 0.9490257380183253,
    "std_accuracy": 0.005674880965411272,
    "std_precision": 0.008368104190174747,
    "std_recall": 0.007327380034715142,
    "std_f1_score": 0.005755930961642358,
    "std_fp_rate": 0.008630088512887994,
    "std_tp_rate": 0.007327380034715142,
    "TP": 839.895,
    "TN": 827.004,
    "FP": 56.989,
    "FN": 45.112,
    "roc_auc": 0.9885062760436638,
    "fpr_at_thresholds": [
        0.0,
        0.0,
        0.0,
        0.0011312217194570137,
        0.0011312217194570137,
        0.0022624434389140274,
        0.0022624434389140274,
        0.003393665158371041,
        0.003393665158371041,
        0.004524886877828055,
        0.004524886877828055,
        0.005656108597285068,
        0.005656108597285068,
        0.006787330316742082,
        0.006787330316742082,
        0.007918552036199095,
        0.007918552036199095,
        0.00904977375565611,
        0.00904977375565611,
        0.010180995475113122,
        0.010180995475113122,
        0.011312217194570135,
        0.011312217194570135,
        0.012443438914027148,
        0.012443438914027148,
        0.013574660633484163,
        0.013574660633484163,
        0.014705882352941176,
        0.014705882352941176,
        0.01583710407239819,
        0.01583710407239819,
        0.016968325791855202,
        0.016968325791855202,
        0.01809954751131222,
        0.01809954751131222,
        0.019230769230769232,
        0.019230769230769232,
        0.020361990950226245,
        0.020361990950226245,
        0.021493212669683258,
        0.021493212669683258,
        0.02262443438914027,
        0.02262443438914027,
        0.023755656108597284,
        0.023755656108597284,
        0.024886877828054297,
        0.024886877828054297,
        0.026018099547511313,
        0.026018099547511313,
        0.027149321266968326,
        0.027149321266968326,
        0.02828054298642534,
        0.02828054298642534,
        0.030542986425339366,
        0.030542986425339366,
        0.03167420814479638,
        0.03167420814479638,
        0.032805429864253395,
        0.032805429864253395,
        0.033936651583710405,
        0.033936651583710405,
        0.03506787330316742,
        0.03506787330316742,
        0.03619909502262444,
        0.03619909502262444,
        0.038461538461538464,
        0.038461538461538464,
        0.04072398190045249,
        0.04072398190045249,
        0.0418552036199095,
        0.0418552036199095,
        0.042986425339366516,
        0.042986425339366516,
        0.04411764705882353,
        0.04411764705882353,
        0.04524886877828054,
        0.04524886877828054,
        0.049773755656108594,
        0.049773755656108594,
        0.05090497737556561,
        0.05090497737556561,
        0.05995475113122172,
        0.05995475113122172,
        0.06108597285067873,
        0.06108597285067873,
        0.06447963800904978,
        0.06447963800904978,
        0.06787330316742081,
        0.06787330316742081,
        0.07126696832579185,
        0.07126696832579185,
        0.07352941176470588,
        0.07352941176470588,
        0.0757918552036199,
        0.0757918552036199,
        0.07805429864253394,
        0.07805429864253394,
        0.07918552036199095,
        0.07918552036199095,
        0.08144796380090498,
        0.08144796380090498,
        0.08257918552036199,
        0.08257918552036199,
        0.083710407239819,
        0.083710407239819,
        0.08484162895927602,
        0.08484162895927602,
        0.08597285067873303,
        0.08597285067873303,
        0.08823529411764706,
        0.08823529411764706,
        0.08936651583710407,
        0.08936651583710407,
        0.0916289592760181,
        0.0916289592760181,
        0.09276018099547512,
        0.09276018099547512,
        0.09502262443438914,
        0.09502262443438914,
        0.10180995475113122,
        0.10180995475113122,
        0.10294117647058823,
        0.10294117647058823,
        0.10520361990950226,
        0.10520361990950226,
        0.1085972850678733,
        0.1085972850678733,
        0.11877828054298642,
        0.11877828054298642,
        0.12330316742081449,
        0.12330316742081449,
        0.1436651583710407,
        0.1436651583710407,
        0.15271493212669685,
        0.15271493212669685,
        0.15384615384615385,
        0.15384615384615385,
        0.15497737556561086,
        0.15497737556561086,
        0.15610859728506787,
        0.15610859728506787,
        0.16515837104072398,
        0.16515837104072398,
        0.17194570135746606,
        0.17194570135746606,
        0.17307692307692307,
        0.17307692307692307,
        0.17760180995475114,
        0.17760180995475114,
        0.17873303167420815,
        0.17873303167420815,
        0.20701357466063347,
        0.20701357466063347,
        0.2319004524886878,
        0.2319004524886878,
        1.0
    ],