{
    "accuracy": 0.9529322289156625,
    "precision": 0.9249285502596253,
    "recall": 0.9860053382604831,
    "f1_score": 0.9544707785414367,
    "fp_rate": 0.08021778263170229,
    "tp_rate": 0.9860053382604831,
    "std_accuracy": 0.004657620647485745,
    "std_precision": 0.007863842945868027,
    "std_recall": 0.003686837169582329,
    "std_f1_score": 0.004577231390268783,
    "std_fp_rate": 0.00847434336089157,
    "std_tp_rate": 0.003686837169582329,
    "TP": 983.153,
    "TN": 915.088,
    "FP": 79.802,
    "FN": 13.957,
    "roc_auc": 0.9934688553410429,
    "fpr_at_thresholds": [
        0.0,
        0.0,
        0.0,
        0.001004016064257028,
        0.001004016064257028,
        0.002008032128514056,
        0.002008032128514056,
        0.0030120481927710845,
        0.0030120481927710845,
        0.004016064257028112,
        0.004016064257028112,
        0.0050200803212851405,
        0.0050200803212851405,
        0.006024096385542169,
        0.006024096385542169,
        0.008032128514056224,
        0.008032128514056224,
        0.009036144578313253,
        0.009036144578313253,
        0.010040160642570281,
        0.010040160642570281,
        0.01104417670682731,
        0.01104417670682731,
        0.012048192771084338,
        0.012048192771084338,
        0.013052208835341365,
        0.013052208835341365,
        0.014056224899598393,
        0.014056224899598393,
        0.015060240963855422,
        0.015060240963855422,
        0.01606425702811245,
        0.01606425702811245,
        0.01706827309236948,
        0.01706827309236948,
        0.018072289156626505,
        0.018072289156626505,
        0.02208835341365462,
        0.02208835341365462,
        0.023092369477911646,
        0.023092369477911646,
        0.024096385542168676,
        0.024096385542168676,
        0.025100401606425703,
        0.025100401606425703,
        0.02610441767068273,
        0.02610441767068273,
        0.029116465863453816,
        0.029116465863453816,
        0.03313253012048193,
        0.03313253012048193,
        0.03614457831325301,
        0.03614457831325301,
        0.03714859437751004,
        0.03714859437751004,
        0.0391566265060241,
        0.0391566265060241,
        0.04116465863453815,
        0.04116465863453815,
        0.04216867469879518,
        0.04216867469879518,
        0.04317269076305221,
        0.04317269076305221,
        0.045180722891566265,
        0.045180722891566265,
        0.04618473895582329,
        0.04618473895582329,
        0.04919678714859438,
        0.04919678714859438,
        0.05622489959839357,
        0.05622489959839357,
        0.0572289156626506,
        0.0572289156626506,
        0.06626506024096386,
        0.06626506024096386,
        0.06726907630522089,
        0.06726907630522089,
        0.07429718875502007,
        0.07429718875502007,
        0.0783132530120482,
        0.0783132530120482,
        0.0893574297188755,
        0.0893574297188755,
        0.09136546184738956,
        0.09136546184738956,
        0.0963855421686747,
        0.0963855421686747,
        0.09839357429718876,
        0.09839357429718876,
        0.10040160642570281,
        0.10040160642570281,
        0.10441767068273092,
        0.10441767068273092,
        0.14056224899598393,
        0.14056224899598393,
        0.14859437751004015,
        0.14859437751004015,
        0.1576305220883534,
        0.1576305220883534,
        0.19176706827309237,
        0.19176706827309237,
        0.20582329317269077,
        0.20582329317269077,
        0.25301204819277107,
        0.25301204819277107,
        0.5090361445783133,
        0.5090361445783133,
        1.0
    ],
    "tpr_at_thresholds": [
        0.0,
        0.001004016064257028,
        0.26506024096385544,
        0.26506024096385544,
        0.39156626506024095,
        0.39156626506024095,
        0.5100401606425703,
        0.5100401606425703,
        0.6024096385542169,
        0.6024096385542169,
        0.7811244979919679,
        0.7811244979919679,
        0.821285140562249,
        0.821285140562249,
        0.8433734939759037,
        0.8433734939759037,
        0.8795180722891566,
        0.8795180722891566,
        0.8825301204819277,
        0.8825301204819277,
        0.8945783132530121,
        0.8945783132530121,
        0.8965863453815262,
        0.8965863453815262,
        0.9136546184738956,
        0.9136546184738956,
        0.9226907630522089,
        0.9226907630522089,
        0.9307228915662651,
        0.9307228915662651,
        0.9407630522088354,
        0.9407630522088354,
        0.9427710843373494,
        0.9427710843373494,
        0.9447791164658634,
        0.9447791164658634,
        0.9508032128514057,
        0.9508032128514057,
        0.9568273092369478,
        0.9568273092369478,
        0.9578313253012049,
        0.9578313253012049,
        0.9598393574297188,
        0.9598393574297188,
        0.9608433734939759,
        0.9608433734939759,
        0.9618473895582329,
        0.9618473895582329,
        0.964859437751004,
        0.964859437751004,
        0.9668674698795181,
        0.9668674698795181,
        0.9698795180722891,
        0.9698795180722891,
        0.9718875502008032,
        0.9718875502008032,
        0.9728915662650602,
        0.9728915662650602,
        0.9738955823293173,
        0.9738955823293173,
        0.9748995983935743,
        0.9748995983935743,
        0.9759036144578314,
        0.9759036144578314,
        0.9769076305220884,
        0.9769076305220884,
        0.9789156626506024,
        0.9789156626506024,
        0.9799196787148594,
        0.9799196787148594,
        0.9809236947791165,
        0.9809236947791165,
        0.9819277108433735,
        0.9819277108433735,
        0.9829317269076305,
        0.9829317269076305,
        0.9849397590361446,
        0.9849397590361446,
        0.9859437751004017,
        0.9859437751004017,
        0.9869477911646586,
        0.9869477911646586,
        0.9879518072289156,
        0.9879518072289156,
        0.9889558232931727,
        0.9889558232931727,
        0.9899598393574297,
        0.9899598393574297,
        0.9909638554216867,
        0.9909638554216867,
        0.9919678714859438,
        0.9919678714859438,
        0.9929718875502008,
        0.9929718875502008,
        0.9939759036144579,
        0.9939759036144579,
        0.9949799196787149,
        0.9949799196787149,
        0.9959839357429718,
        0.9959839357429718,
        0.9969879518072289,
        0.9969879518072289,
        0.9979919678714859,
        0.9979919678714859,
        0.998995983935743,
        0.998995983935743,
        1.0,
        1.0
    ],