{
    "accuracy": 0.9480065261044176,
    "precision": 0.9228957481057481,
    "recall": 0.9778309118802424,
    "f1_score": 0.9495440113610787,
    "fp_rate": 0.08187664554195812,
    "tp_rate": 0.9778309118802424,
    "std_accuracy": 0.005032388500825583,
    "std_precision": 0.00843938223816717,
    "std_recall": 0.004735735399866468,
    "std_f1_score": 0.004995221302129646,
    "std_fp_rate": 0.008946380955171057,
    "std_tp_rate": 0.004735735399866468,
    "TP": 975.002,
    "TN": 913.427,
    "FP": 81.463,
    "FN": 22.108,
    "roc_auc": 0.990894300091934,
    "fpr_at_thresholds": [
        0.0,
        0.0,
        0.0,
        0.001004016064257028,
        0.001004016064257028,
        0.002008032128514056,
        0.002008032128514056,
        0.0030120481927710845,
        0.0030120481927710845,
        0.004016064257028112,
        0.004016064257028112,
        0.0050200803212851405,
        0.0050200803212851405,
        0.006024096385542169,
        0.006024096385542169,
        0.007028112449799197,
        0.007028112449799197,
        0.008032128514056224,
        0.008032128514056224,
        0.009036144578313253,
        0.009036144578313253,
        0.010040160642570281,
        0.010040160642570281,
        0.01104417670682731,
        0.01104417670682731,
        0.012048192771084338,
        0.012048192771084338,
        0.013052208835341365,
        0.013052208835341365,
        0.014056224899598393,
        0.014056224899598393,
        0.015060240963855422,
        0.015060240963855422,
        0.01606425702811245,
        0.01606425702811245,
        0.01706827309236948,
        0.01706827309236948,
        0.018072289156626505,
        0.018072289156626505,
        0.019076305220883535,
        0.019076305220883535,
        0.020080321285140562,
        0.020080321285140562,
        0.02108433734939759,
        0.02108433734939759,
        0.023092369477911646,
        0.023092369477911646,
        0.024096385542168676,
        0.024096385542168676,
        0.025100401606425703,
        0.025100401606425703,
        0.02610441767068273,
        0.02610441767068273,
        0.02710843373493976,
        0.02710843373493976,
        0.028112449799196786,
        0.028112449799196786,
        0.029116465863453816,
        0.029116465863453816,
        0.030120481927710843,
        0.030120481927710843,
        0.03313253012048193,
        0.03313253012048193,
        0.03413654618473896,
        0.03413654618473896,
        0.03714859437751004,
        0.03714859437751004,
        0.03815261044176707,
        0.03815261044176707,
        0.0391566265060241,
        0.0391566265060241,
        0.040160642570281124,
        0.040160642570281124,
        0.04216867469879518,
        0.04216867469879518,
        0.04317269076305221,
        0.04317269076305221,
        0.04417670682730924,
        0.04417670682730924,
        0.045180722891566265,
        0.045180722891566265,
        0.04718875502008032,
        0.04718875502008032,
        0.04819277108433735,
        0.04819277108433735,
        0.04919678714859438,
        0.04919678714859438,
        0.050200803212851405,
        0.050200803212851405,
        0.05120481927710843,
        0.05120481927710843,
        0.055220883534136546,
        0.055220883534136546,
        0.05823293172690763,
        0.05823293172690763,
        0.06626506024096386,
        0.06626506024096386,
        0.06726907630522089,
        0.06726907630522089,
        0.07730923694779117,
        0.07730923694779117,
        0.0823293172690763,
        0.0823293172690763,
        0.09337349397590361,
        0.09337349397590361,
        0.09839357429718876,
        0.09839357429718876,
        0.10140562248995984,
        0.10140562248995984,
        0.10441767068273092,
        0.10441767068273092,
        0.11044176706827309,
        0.11044176706827309,
        0.12550200803212852,
        0.12550200803212852,
        0.12650602409638553,
        0.12650602409638553,
        0.12751004016064257,
        0.12751004016064257,
        0.13353413654618473,
        0.13353413654618473,
        0.14156626506024098,
        0.14156626506024098,
        0.15963855421686746,
        0.15963855421686746,
        0.1706827309236948,
        0.1706827309236948,
        0.2419678714859438,
        0.2419678714859438,
        0.2469879518072289,
        0.2469879518072289,
        0.2680722891566265,
        0.2680722891566265,
        0.285140562248996,
        0.285140562248996,
        0.29518072289156627,
        0.29518072289156627,
        1.0
    ],