{
    "accuracy": 0.9509812942366026,
    "precision": 0.9255018979720726,
    "recall": 0.980920835270443,
    "f1_score": 0.9523834262690627,
    "fp_rate": 0.07896701654348706,
    "tp_rate": 0.980920835270443,
    "std_accuracy": 0.004865834408518364,
    "std_precision": 0.008080319891744117,
    "std_recall": 0.004444550353796049,
    "std_f1_score": 0.004821660926237118,
    "std_fp_rate": 0.008681612250779354,
    "std_tp_rate": 0.004444550353796049,
    "TP": 970.101,
    "TN": 910.94,
    "FP": 78.093,
    "FN": 18.866,
    "roc_auc": 0.9898427699640433,
    "fpr_at_thresholds": [
        0.0,
        0.0,
        0.0,
        0.0010111223458038423,
        0.0010111223458038423,
        0.0020222446916076846,
        0.0020222446916076846,
        0.003033367037411527,
        0.003033367037411527,
        0.004044489383215369,
        0.004044489383215369,
        0.005055611729019211,
        0.005055611729019211,
        0.006066734074823054,
        0.006066734074823054,
        0.007077856420626896,
        0.007077856420626896,
        0.008088978766430738,
        0.008088978766430738,
        0.00910010111223458,
        0.00910010111223458,
        0.010111223458038422,
        0.010111223458038422,
        0.011122345803842264,
        0.011122345803842264,
        0.012133468149646108,
        0.012133468149646108,
        0.01314459049544995,
        0.01314459049544995,
        0.014155712841253791,
        0.014155712841253791,
        0.015166835187057633,
        0.015166835187057633,
        0.016177957532861477,
        0.016177957532861477,
        0.017189079878665317,
        0.017189079878665317,
        0.019211324570273004,
        0.019211324570273004,
        0.020222446916076844,
        0.020222446916076844,
        0.021233569261880688,
        0.021233569261880688,
        0.022244691607684528,
        0.022244691607684528,
        0.023255813953488372,
        0.023255813953488372,
        0.024266936299292215,
        0.024266936299292215,
        0.025278058645096056,
        0.025278058645096056,
        0.0262891809908999,
        0.0262891809908999,
        0.027300303336703743,
        0.027300303336703743,
        0.028311425682507583,
        0.028311425682507583,
        0.03134479271991911,
        0.03134479271991911,
        0.032355915065722954,
        0.032355915065722954,
        0.033367037411526794,
        0.033367037411526794,
        0.034378159757330634,
        0.034378159757330634,
        0.03538928210313448,
        0.03538928210313448,
        0.03640040444893832,
        0.03640040444893832,
        0.03741152679474216,
        0.03741152679474216,
        0.03842264914054601,
        0.03842264914054601,
        0.04044489383215369,
        0.04044489383215369,
        0.041456016177957536,
        0.041456016177957536,
        0.042467138523761376,
        0.042467138523761376,
        0.044489383215369056,
        0.044489383215369056,
        0.0455005055611729,
        0.0455005055611729,
        0.046511627906976744,
        0.046511627906976744,
        0.04853387259858443,
        0.04853387259858443,
        0.0525783619817998,
        0.0525783619817998,
        0.05358948432760364,
        0.05358948432760364,
        0.055611729019211326,
        0.055611729019211326,
        0.056622851365015166,
        0.056622851365015166,
        0.06167846309403438,
        0.06167846309403438,
        0.06370070778564206,
        0.06370070778564206,
        0.06572295247724974,
        0.06572295247724974,
        0.06774519716885744,
        0.06774519716885744,
        0.07280080889787664,
        0.07280080889787664,
        0.07381193124368049,
        0.07381193124368049,
        0.07482305358948432,
        0.07482305358948432,
        0.07684529828109202,
        0.07684529828109202,
        0.0788675429726997,
        0.0788675429726997,
        0.08998988877654196,
        0.08998988877654196,
        0.09201213346814964,
        0.09201213346814964,
        0.09706774519716886,
        0.09706774519716886,
        0.09908998988877654,
        0.09908998988877654,
        0.10010111223458039,
        0.10010111223458039,
        0.10313447927199192,
        0.10313447927199192,
        0.10616784630940344,
        0.10616784630940344,
        0.1172901921132457,
        0.1172901921132457,
        0.11830131445904954,
        0.11830131445904954,
        0.1365015166835187,
        0.1365015166835187,
        0.15267947421638017,
        0.15267947421638017,
        0.16481294236602628,
        0.16481294236602628,
        0.17593528816986856,
        0.17593528816986856,
        0.2527805864509606,
        0.2527805864509606,
        0.2851365015166835,
        0.2851365015166835,
        0.3154701718907988,
        0.3154701718907988,
        0.6117290192113246,
        0.6117290192113246,
        1.0
    ],