{
    "accuracy": 0.9519171686746988,
    "precision": 0.9216785272748795,
    "recall": 0.9878919408299565,
    "f1_score": 0.9536151532427167,
    "fp_rate": 0.08413209232341173,
    "tp_rate": 0.9878919408299565,
    "std_accuracy": 0.004808572422459332,
    "std_precision": 0.008315223442173744,
    "std_recall": 0.0034339197849506445,
    "std_f1_score": 0.004746366588354843,
    "std_fp_rate": 0.008883455347926528,
    "std_tp_rate": 0.0034339197849506445,
    "TP": 985.036,
    "TN": 911.183,
    "FP": 83.707,
    "FN": 12.074,
    "roc_auc": 0.9953357607135368,
    "fpr_at_thresholds": [
        0.0,
        0.0,
        0.0,
        0.001004016064257028,
        0.001004016064257028,
        0.002008032128514056,
        0.002008032128514056,
        0.0030120481927710845,
        0.0030120481927710845,
        0.004016064257028112,
        0.004016064257028112,
        0.0050200803212851405,
        0.0050200803212851405,
        0.006024096385542169,
        0.006024096385542169,
        0.007028112449799197,
        0.007028112449799197,
        0.008032128514056224,
        0.008032128514056224,
        0.009036144578313253,
        0.009036144578313253,
        0.010040160642570281,
        0.010040160642570281,
        0.01104417670682731,
        0.01104417670682731,
        0.013052208835341365,
        0.013052208835341365,
        0.014056224899598393,
        0.014056224899598393,
        0.015060240963855422,
        0.015060240963855422,
        0.01706827309236948,
        0.01706827309236948,
        0.018072289156626505,
        0.018072289156626505,
        0.019076305220883535,
        0.019076305220883535,
        0.020080321285140562,
        0.020080321285140562,
        0.02208835341365462,
        0.02208835341365462,
        0.023092369477911646,
        0.023092369477911646,
        0.024096385542168676,
        0.024096385542168676,
        0.025100401606425703,
        0.025100401606425703,
        0.02610441767068273,
        0.02610441767068273,
        0.02710843373493976,
        0.02710843373493976,
        0.029116465863453816,
        0.029116465863453816,
        0.0321285140562249,
        0.0321285140562249,
        0.035140562248995984,
        0.035140562248995984,
        0.03815261044176707,
        0.03815261044176707,
        0.04618473895582329,
        0.04618473895582329,
        0.04718875502008032,
        0.04718875502008032,
        0.04819277108433735,
        0.04819277108433735,
        0.05321285140562249,
        0.05321285140562249,
        0.055220883534136546,
        0.055220883534136546,
        0.05622489959839357,
        0.05622489959839357,
        0.0642570281124498,
        0.0642570281124498,
        0.07429718875502007,
        0.07429718875502007,
        0.07730923694779117,
        0.07730923694779117,
        0.08333333333333333,
        0.08333333333333333,
        0.09236947791164658,
        0.09236947791164658,
        0.10441767068273092,
        0.10441767068273092,
        0.10943775100401607,
        0.10943775100401607,
        0.13353413654618473,
        0.13353413654618473,
        0.13654618473895583,
        0.13654618473895583,
        0.15060240963855423,
        0.15060240963855423,
        0.16265060240963855,
        0.16265060240963855,
        0.1897590361445783,
        0.1897590361445783,
        0.26907630522088355,
        0.26907630522088355,
        0.2720883534136546,
        0.2720883534136546,
        1.0
    ],
    "tpr_at_thresholds": [
        0.0,
        0.001004016064257028,
        0.6757028112449799,
        0.6757028112449799,
        0.7088353413654619,
        0.7088353413654619,
        0.7761044176706827,
        0.7761044176706827,
        0.8303212851405622,
        0.8303212851405622,
        0.8463855421686747,
        0.8463855421686747,
        0.8724899598393574,
        0.8724899598393574,
        0.8775100401606426,
        0.8775100401606426,
        0.8795180722891566,
        0.8795180722891566,
        0.893574297188755,
        0.893574297188755,
        0.9046184738955824,
        0.9046184738955824,
        0.9086345381526104,
        0.9086345381526104,
        0.9246987951807228,
        0.9246987951807228,
        0.9347389558232931,
        0.9347389558232931,
        0.9357429718875502,
        0.9357429718875502,
        0.9417670682730924,
        0.9417670682730924,
        0.9447791164658634,
        0.9447791164658634,
        0.9457831325301205,
        0.9457831325301205,
        0.9467871485943775,
        0.9467871485943775,
        0.9477911646586346,
        0.9477911646586346,
        0.9508032128514057,
        0.9508032128514057,
        0.9538152610441767,
        0.9538152610441767,
        0.9588353413654619,
        0.9588353413654619,
        0.9668674698795181,
        0.9668674698795181,
        0.9678714859437751,
        0.9678714859437751,
        0.9688755020080321,
        0.9688755020080321,
        0.9698795180722891,
        0.9698795180722891,
        0.9708835341365462,
        0.9708835341365462,
        0.9728915662650602,
        0.9728915662650602,
        0.9738955823293173,
        0.9738955823293173,
        0.9759036144578314,
        0.9759036144578314,
        0.9769076305220884,
        0.9769076305220884,
        0.9799196787148594,
        0.9799196787148594,
        0.9809236947791165,
        0.9809236947791165,
        0.9829317269076305,
        0.9829317269076305,
        0.9839357429718876,
        0.9839357429718876,
        0.9859437751004017,
        0.9859437751004017,
        0.9869477911646586,
        0.9869477911646586,
        0.9879518072289156,
        0.9879518072289156,
        0.9889558232931727,
        0.9889558232931727,
        0.9899598393574297,
        0.9899598393574297,
        0.9909638554216867,
        0.9909638554216867,
        0.9919678714859438,
        0.9919678714859438,
        0.9929718875502008,
        0.9929718875502008,
        0.9949799196787149,
        0.9949799196787149,
        0.9959839357429718,
        0.9959839357429718,
        0.9969879518072289,
        0.9969879518072289,
        0.9979919678714859,
        0.9979919678714859,
        0.998995983935743,
        0.998995983935743,
        1.0,
        1.0
    ],