{
    "accuracy": 0.9381084337349398,
    "precision": 0.9195306581950706,
    "recall": 0.9604239463097589,
    "f1_score": 0.9395052840883066,
    "fp_rate": 0.08425873469021385,
    "tp_rate": 0.9604239463097589,
    "std_accuracy": 0.005395291616424833,
    "std_precision": 0.008367736757234064,
    "std_recall": 0.005936391117247535,
    "std_f1_score": 0.005318068534142726,
    "std_fp_rate": 0.008969845875541243,
    "std_tp_rate": 0.005936391117247535,
    "TP": 957.64,
    "TN": 911.072,
    "FP": 83.818,
    "FN": 39.47,
    "roc_auc": 0.9881433363978,
    "fpr_at_thresholds": [
        0.0,
        0.0,
        0.0,
        0.001004016064257028,
        0.001004016064257028,
        0.002008032128514056,
        0.002008032128514056,
        0.0030120481927710845,
        0.0030120481927710845,
        0.004016064257028112,
        0.004016064257028112,
        0.0050200803212851405,
        0.0050200803212851405,
        0.006024096385542169,
        0.006024096385542169,
        0.008032128514056224,
        0.008032128514056224,
        0.009036144578313253,
        0.009036144578313253,
        0.010040160642570281,
        0.010040160642570281,
        0.012048192771084338,
        0.012048192771084338,
        0.013052208835341365,
        0.013052208835341365,
        0.014056224899598393,
        0.014056224899598393,
        0.015060240963855422,
        0.015060240963855422,
        0.01606425702811245,
        0.01606425702811245,
        0.01706827309236948,
        0.01706827309236948,
        0.018072289156626505,
        0.018072289156626505,
        0.019076305220883535,
        0.019076305220883535,
        0.020080321285140562,
        0.020080321285140562,
        0.02208835341365462,
        0.02208835341365462,
        0.023092369477911646,
        0.023092369477911646,
        0.024096385542168676,
        0.024096385542168676,
        0.025100401606425703,
        0.025100401606425703,
        0.02610441767068273,
        0.02610441767068273,
        0.028112449799196786,
        0.028112449799196786,
        0.029116465863453816,
        0.029116465863453816,
        0.03112449799196787,
        0.03112449799196787,
        0.0321285140562249,
        0.0321285140562249,
        0.03313253012048193,
        0.03313253012048193,
        0.035140562248995984,
        0.035140562248995984,
        0.03614457831325301,
        0.03614457831325301,
        0.03714859437751004,
        0.03714859437751004,
        0.040160642570281124,
        0.040160642570281124,
        0.04116465863453815,
        0.04116465863453815,
        0.04317269076305221,
        0.04317269076305221,
        0.04718875502008032,
        0.04718875502008032,
        0.05120481927710843,
        0.05120481927710843,
        0.05321285140562249,
        0.05321285140562249,
        0.06325301204819277,
        0.06325301204819277,
        0.0642570281124498,
        0.0642570281124498,
        0.06526104417670683,
        0.06526104417670683,
        0.06827309236947791,
        0.06827309236947791,
        0.07429718875502007,
        0.07429718875502007,
        0.07931726907630522,
        0.07931726907630522,
        0.08032128514056225,
        0.08032128514056225,
        0.09036144578313253,
        0.09036144578313253,
        0.0963855421686747,
        0.0963855421686747,
        0.10542168674698796,
        0.10542168674698796,
        0.10742971887550201,
        0.10742971887550201,
        0.10943775100401607,
        0.10943775100401607,
        0.11546184738955824,
        0.11546184738955824,
        0.11847389558232932,
        0.11847389558232932,
        0.13152610441767068,
        0.13152610441767068,
        0.13253012048192772,
        0.13253012048192772,
        0.13453815261044177,
        0.13453815261044177,
        0.14056224899598393,
        0.14056224899598393,
        0.1465863453815261,
        0.1465863453815261,
        0.15160642570281124,
        0.15160642570281124,
        0.1536144578313253,
        0.1536144578313253,
        0.15461847389558234,
        0.15461847389558234,
        0.15863453815261044,
        0.15863453815261044,
        0.1676706827309237,
        0.1676706827309237,
        0.1686746987951807,
        0.1686746987951807,
        0.1706827309236948,
        0.1706827309236948,
        0.17269076305220885,
        0.17269076305220885,
        0.17771084337349397,
        0.17771084337349397,
        0.17971887550200802,
        0.17971887550200802,
        0.1817269076305221,
        0.1817269076305221,
        0.1857429718875502,
        0.1857429718875502,
        0.20281124497991967,
        0.20281124497991967,
        0.24096385542168675,
        0.24096385542168675,
        0.26907630522088355,
        0.26907630522088355,
        0.2720883534136546,
        0.2720883534136546,
        0.32429718875502006,
        0.32429718875502006,
        0.3313253012048193,
        0.3313253012048193,
        0.37248995983935745,
        0.37248995983935745,
        0.3845381526104418,
        0.3845381526104418,
        0.40160642570281124,
        0.40160642570281124,
        0.4036144578313253,
        0.4036144578313253,
        0.5070281124497992,
        0.5070281124497992,
        1.0
    ],