{
    "accuracy": 0.9406850912778905,
    "precision": 0.9189814984196519,
    "recall": 0.9666322955158136,
    "f1_score": 0.9421806477760968,
    "fp_rate": 0.08528596168260927,
    "tp_rate": 0.9666322955158136,
    "std_accuracy": 0.005236940875628358,
    "std_precision": 0.008099943978311165,
    "std_recall": 0.005525265291966751,
    "std_f1_score": 0.005172872418122631,
    "std_fp_rate": 0.008757630763917676,
    "std_tp_rate": 0.005525265291966751,
    "TP": 953.343,
    "TN": 901.688,
    "FP": 84.06,
    "FN": 32.909,
    "roc_auc": 0.9913566811630576,
    "fpr_at_thresholds": [
        0.0,
        0.0,
        0.0,
        0.0010141987829614604,
        0.0010141987829614604,
        0.002028397565922921,
        0.002028397565922921,
        0.0030425963488843813,
        0.0030425963488843813,
        0.004056795131845842,
        0.004056795131845842,
        0.005070993914807302,
        0.005070993914807302,
        0.006085192697768763,
        0.006085192697768763,
        0.007099391480730223,
        0.007099391480730223,
        0.008113590263691683,
        0.008113590263691683,
        0.009127789046653144,
        0.009127789046653144,
        0.010141987829614604,
        0.010141987829614604,
        0.012170385395537525,
        0.012170385395537525,
        0.014198782961460446,
        0.014198782961460446,
        0.015212981744421906,
        0.015212981744421906,
        0.017241379310344827,
        0.017241379310344827,
        0.019269776876267748,
        0.019269776876267748,
        0.02028397565922921,
        0.02028397565922921,
        0.02129817444219067,
        0.02129817444219067,
        0.02231237322515213,
        0.02231237322515213,
        0.02332657200811359,
        0.02332657200811359,
        0.02434077079107505,
        0.02434077079107505,
        0.02535496957403651,
        0.02535496957403651,
        0.02636916835699797,
        0.02636916835699797,
        0.02738336713995943,
        0.02738336713995943,
        0.028397565922920892,
        0.028397565922920892,
        0.029411764705882353,
        0.029411764705882353,
        0.03144016227180527,
        0.03144016227180527,
        0.032454361054766734,
        0.032454361054766734,
        0.037525354969574036,
        0.037525354969574036,
        0.03955375253549696,
        0.03955375253549696,
        0.04056795131845842,
        0.04056795131845842,
        0.0436105476673428,
        0.0436105476673428,
        0.04766734279918864,
        0.04766734279918864,
        0.05273833671399594,
        0.05273833671399594,
        0.0537525354969574,
        0.0537525354969574,
        0.058823529411764705,
        0.058823529411764705,
        0.06490872210953347,
        0.06490872210953347,
        0.06997971602434078,
        0.06997971602434078,
        0.07099391480730223,
        0.07099391480730223,
        0.07809330628803246,
        0.07809330628803246,
        0.07910750507099391,
        0.07910750507099391,
        0.08012170385395538,
        0.08012170385395538,
        0.08823529411764706,
        0.08823529411764706,
        0.08924949290060852,
        0.08924949290060852,
        0.09127789046653144,
        0.09127789046653144,
        0.09432048681541583,
        0.09432048681541583,
        0.0973630831643002,
        0.0973630831643002,
        0.10040567951318459,
        0.10040567951318459,
        0.10547667342799188,
        0.10547667342799188,
        0.1075050709939148,
        0.1075050709939148,
        0.10851926977687627,
        0.10851926977687627,
        0.11156186612576065,
        0.11156186612576065,
        0.11663286004056796,
        0.11663286004056796,
        0.1328600405679513,
        0.1328600405679513,
        0.14198782961460446,
        0.14198782961460446,
        0.14807302231237324,
        0.14807302231237324,
        0.14908722109533468,
        0.14908722109533468,
        0.15314401622718052,
        0.15314401622718052,
        0.18356997971602435,
        0.18356997971602435,
        0.1926977687626775,
        0.1926977687626775,
        0.19371196754563894,
        0.19371196754563894,
        0.20486815415821502,
        0.20486815415821502,
        0.2079107505070994,
        0.2079107505070994,
        0.20892494929006086,
        0.20892494929006086,
        0.21095334685598377,
        0.21095334685598377,
        0.23427991886409735,
        0.23427991886409735,
        0.2565922920892495,
        0.2565922920892495,
        0.2748478701825558,
        0.2748478701825558,
        0.29918864097363085,
        0.29918864097363085,
        1.0
    ],