{
    "accuracy": 0.9480505561172902,
    "precision": 0.9212820641139433,
    "recall": 0.9798134505984378,
    "f1_score": 0.9496235711503626,
    "fp_rate": 0.08371569276201361,
    "tp_rate": 0.9798134505984378,
    "std_accuracy": 0.004962089067358154,
    "std_precision": 0.008309392757832055,
    "std_recall": 0.004325242224968845,
    "std_f1_score": 0.0049365678865885085,
    "std_fp_rate": 0.00886207546014682,
    "std_tp_rate": 0.004325242224968845,
    "TP": 969.006,
    "TN": 906.238,
    "FP": 82.795,
    "FN": 19.961,
    "roc_auc": 0.9938064922438021,
    "fpr_at_thresholds": [
        0.0,
        0.0,
        0.0,
        0.0010111223458038423,
        0.0010111223458038423,
        0.0020222446916076846,
        0.0020222446916076846,
        0.003033367037411527,
        0.003033367037411527,
        0.004044489383215369,
        0.004044489383215369,
        0.005055611729019211,
        0.005055611729019211,
        0.006066734074823054,
        0.006066734074823054,
        0.007077856420626896,
        0.007077856420626896,
        0.008088978766430738,
        0.008088978766430738,
        0.00910010111223458,
        0.00910010111223458,
        0.010111223458038422,
        0.010111223458038422,
        0.012133468149646108,
        0.012133468149646108,
        0.01314459049544995,
        0.01314459049544995,
        0.014155712841253791,
        0.014155712841253791,
        0.015166835187057633,
        0.015166835187057633,
        0.017189079878665317,
        0.017189079878665317,
        0.019211324570273004,
        0.019211324570273004,
        0.020222446916076844,
        0.020222446916076844,
        0.021233569261880688,
        0.021233569261880688,
        0.022244691607684528,
        0.022244691607684528,
        0.023255813953488372,
        0.023255813953488372,
        0.024266936299292215,
        0.024266936299292215,
        0.025278058645096056,
        0.025278058645096056,
        0.0262891809908999,
        0.0262891809908999,
        0.029322548028311426,
        0.029322548028311426,
        0.03134479271991911,
        0.03134479271991911,
        0.032355915065722954,
        0.032355915065722954,
        0.033367037411526794,
        0.033367037411526794,
        0.03741152679474216,
        0.03741152679474216,
        0.03842264914054601,
        0.03842264914054601,
        0.03943377148634985,
        0.03943377148634985,
        0.04044489383215369,
        0.04044489383215369,
        0.041456016177957536,
        0.041456016177957536,
        0.043478260869565216,
        0.043478260869565216,
        0.04954499494438827,
        0.04954499494438827,
        0.06370070778564206,
        0.06370070778564206,
        0.06673407482305359,
        0.06673407482305359,
        0.07482305358948432,
        0.07482305358948432,
        0.08695652173913043,
        0.08695652173913043,
        0.08998988877654196,
        0.08998988877654196,
        0.10414560161779575,
        0.10414560161779575,
        0.10717896865520728,
        0.10717896865520728,
        0.10819009100101112,
        0.10819009100101112,
        0.11425682507583418,
        0.11425682507583418,
        0.12335692618806876,
        0.12335692618806876,
        0.1263902932254803,
        0.1263902932254803,
        0.13043478260869565,
        0.13043478260869565,
        0.13953488372093023,
        0.13953488372093023,
        0.14256825075834176,
        0.14256825075834176,
        0.1435793731041456,
        0.1435793731041456,
        0.14560161779575329,
        0.14560161779575329,
        0.15470171890798787,
        0.15470171890798787,
        0.15672396359959556,
        0.15672396359959556,
        0.15874620829120323,
        0.15874620829120323,
        0.16582406471183014,
        0.16582406471183014,
        0.2871587462082912,
        0.2871587462082912,
        0.32962588473205257,
        0.32962588473205257,
        1.0
    ],
    "tpr_at_thresholds": [
        0.0,
        0.0010111223458038423,
        0.6461071789686552,
        0.6461071789686552,
        0.679474216380182,
        0.679474216380182,
        0.7421638018200202,
        0.7421638018200202,
        0.7937310414560161,
        0.7937310414560161,
        0.80788675429727,
        0.80788675429727,
        0.8513650151668352,
        0.8513650151668352,
        0.8564206268958544,
        0.8564206268958544,
        0.8584428715874621,
        0.8584428715874621,
        0.884732052578362,
        0.884732052578362,
        0.890798786653185,
        0.890798786653185,
        0.9029322548028311,
        0.9029322548028311,
        0.917087967644085,
        0.917087967644085,
        0.9201213346814965,
        0.9201213346814965,
        0.9241658240647118,
        0.9241658240647118,
        0.9261880687563195,
        0.9261880687563195,
        0.9302325581395349,
        0.9302325581395349,
        0.9312436804853387,
        0.9312436804853387,
        0.9332659251769464,
        0.9332659251769464,
        0.9342770475227502,
        0.9342770475227502,
        0.9393326592517695,
        0.9393326592517695,
        0.9403437815975733,
        0.9403437815975733,
        0.9453993933265925,
        0.9453993933265925,
        0.9514661274014156,
        0.9514661274014156,
        0.9524772497472194,
        0.9524772497472194,
        0.9534883720930233,
        0.9534883720930233,
        0.9565217391304348,
        0.9565217391304348,
        0.9575328614762386,
        0.9575328614762386,
        0.9595551061678463,
        0.9595551061678463,
        0.961577350859454,
        0.961577350859454,
        0.9625884732052579,
        0.9625884732052579,
        0.9646107178968655,
        0.9646107178968655,
        0.9656218402426694,
        0.9656218402426694,
        0.9666329625884732,
        0.9666329625884732,
        0.9716885743174924,
        0.9716885743174924,
        0.9726996966632963,
        0.9726996966632963,
        0.9737108190091001,
        0.9737108190091001,
        0.9777553083923155,
        0.9777553083923155,
        0.9787664307381193,
        0.9787664307381193,
        0.9797775530839231,
        0.9797775530839231,
        0.980788675429727,
        0.980788675429727,
        0.9828109201213346,
        0.9828109201213346,
        0.9838220424671386,
        0.9838220424671386,
        0.9848331648129424,
        0.9848331648129424,
        0.9858442871587462,
        0.9858442871587462,
        0.9868554095045501,
        0.9868554095045501,
        0.9878665318503539,
        0.9878665318503539,
        0.9888776541961577,
        0.9888776541961577,
        0.9908998988877654,
        0.9908998988877654,
        0.9919110212335692,
        0.9919110212335692,
        0.9929221435793731,
        0.9929221435793731,
        0.993933265925177,
        0.993933265925177,
        0.9949443882709808,
        0.9949443882709808,
        0.9959555106167847,
        0.9959555106167847,
        0.9969666329625885,
        0.9969666329625885,
        0.9979777553083923,
        0.9979777553083923,
        0.9989888776541962,
        0.9989888776541962,
        1.0,
        1.0
    ],