{
    "accuracy": 0.9475679999999999,
    "precision": 0.9283120189956967,
    "recall": 0.9702926157067655,
    "f1_score": 0.9487723378656336,
    "fp_rate": 0.07522942979551263,
    "tp_rate": 0.9702926157067655,
    "std_accuracy": 0.008330828850320555,
    "std_precision": 0.013353134980055754,
    "std_recall": 0.008765999794367343,
    "std_f1_score": 0.008293612019732078,
    "std_fp_rate": 0.014055144973747817,
    "std_tp_rate": 0.008765999794367343,
    "TP": 364.55,
    "TN": 346.126,
    "FP": 28.158,
    "FN": 11.166,
    "roc_auc": 0.995256888888889,
    "fpr_at_thresholds": [
        0.0,
        0.0,
        0.0,
        0.0026666666666666666,
        0.0026666666666666666,
        0.010666666666666666,
        0.010666666666666666,
        0.018666666666666668,
        0.018666666666666668,
        0.021333333333333333,
        0.021333333333333333,
        0.029333333333333333,
        0.029333333333333333,
        0.04533333333333334,
        0.050666666666666665,
        0.050666666666666665,
        0.07466666666666667,
        0.07466666666666667,
        0.08266666666666667,
        0.08266666666666667,
        0.09866666666666667,
        0.09866666666666667,
        0.10133333333333333,
        0.10133333333333333,
        0.10933333333333334,
        0.10933333333333334,
        0.15733333333333333,
        0.15733333333333333,
        0.17333333333333334,
        0.17333333333333334,
        0.18133333333333335,
        0.184,
        0.272,
        0.27466666666666667,
        0.5306666666666666,
        0.5333333333333333,
        0.5386666666666666,
        0.5626666666666666,
        0.568,
        0.616,
        0.6213333333333333,
        0.6373333333333333,
        0.6426666666666667,
        0.8026666666666666,
        0.808,
        0.848,
        0.8586666666666667,
        0.9146666666666666,
        0.92,
        0.9226666666666666,
        0.9546666666666667,
        0.9653333333333334,
        0.9893333333333333,
        0.992,
        1.0
    ],
    "tpr_at_thresholds": [
        0.0,
        0.0026666666666666666,
        0.872,
        0.872,
        0.888,
        0.888,
        0.952,
        0.952,
        0.9546666666666667,
        0.9546666666666667,
        0.96,
        0.96,
        0.9653333333333334,
        0.9653333333333334,
        0.9653333333333334,
        0.968,
        0.968,
        0.9733333333333334,
        0.9733333333333334,
        0.976,
        0.976,
        0.984,
        0.984,
        0.9866666666666667,
        0.9866666666666667,
        0.992,
        0.992,
        0.9973333333333333,
        0.9973333333333333,
        1.0,
        1.0,
        1.0,
        1.0,
        1.0,
        1.0,
        1.0,
        1.0,
        1.0,
        1.0,
        1.0,
        1.0,
        1.0,
        1.0,
        1.0,
        1.0,
        1.0,
        1.0,
        1.0,
        1.0,
        1.0,
        1.0,
        1.0,
        1.0,
        1.0,
        1.0
    ],
    "thresholds": [
        Infinity,
        4.415537357330322,
        1.7254542112350464,
        1.7191832065582275,
        1.6105998754501343,
        1.5889146327972412,
        0.928422212600708,
        0.8078511357307434,
        0.7724244594573975,
        0.7463096976280212,
        0.5881926417350769,
        0.5569443106651306,
        0.48406466841697693,
        0.37028858065605164,
        0.34728097915649414,
        0.26912227272987366,
        0.1580563634634018,
        -0.08539216965436935,
        -0.1349310576915741,
        -0.271446168422699,
        -0.4031868577003479,
        -0.5253384709358215,
        -0.5331344604492188,
        -0.5944268703460693,
        -0.6019241213798523,
        -0.7048891186714172,
        -0.9706791043281555,
        -1.0735810995101929,
        -1.1492087841033936,
        -1.2276395559310913,
        -1.2934752702713013,
        -1.296684980392456,
        -1.7159112691879272,
        -1.7733943462371826,
        -2.711573839187622,
        -2.714834451675415,
        -2.73152494430542,
        -2.773850679397583,
        -2.78200101852417,
        -2.876736640930176,
        -2.8851170539855957,
        -2.9066286087036133,
        -2.9159531593322754,
        -3.0999677181243896,
        -3.103982925415039,
        -3.165621757507324,
        -3.1744637489318848,
        -3.2592263221740723,
        -3.2851576805114746,
        -3.3007826805114746,
        -3.339545488357544,
        -3.3891191482543945,
        -3.4100606441497803,
        -3.4408786296844482,
        -3.4531776905059814
    ]
}