{
    "accuracy": 0.9159304691916336,
    "precision": 0.9248414376623403,
    "recall": 0.9055532848702242,
    "f1_score": 0.9150523934465968,
    "fp_rate": 0.07369083523062514,
    "tp_rate": 0.9055532848702242,
    "std_accuracy": 0.006416192202480333,
    "std_precision": 0.008826171925862828,
    "std_recall": 0.009546284302540635,
    "std_f1_score": 0.006720955902204394,
    "std_fp_rate": 0.008799206975566543,
    "std_tp_rate": 0.009546284302540635,
    "TP": 801.423,
    "TN": 818.858,
    "FP": 65.135,
    "FN": 83.584,
    "roc_auc": 0.9771365391006468,
    "fpr_at_thresholds": [
        0.0,
        0.0,
        0.0,
        0.0011312217194570137,
        0.0011312217194570137,
        0.0022624434389140274,
        0.0022624434389140274,
        0.003393665158371041,
        0.003393665158371041,
        0.004524886877828055,
        0.004524886877828055,
        0.005656108597285068,
        0.005656108597285068,
        0.006787330316742082,
        0.006787330316742082,
        0.007918552036199095,
        0.007918552036199095,
        0.00904977375565611,
        0.00904977375565611,
        0.011312217194570135,
        0.011312217194570135,
        0.012443438914027148,
        0.012443438914027148,
        0.013574660633484163,
        0.013574660633484163,
        0.014705882352941176,
        0.014705882352941176,
        0.01583710407239819,
        0.01583710407239819,
        0.016968325791855202,
        0.016968325791855202,
        0.01809954751131222,
        0.01809954751131222,
        0.019230769230769232,
        0.019230769230769232,
        0.020361990950226245,
        0.020361990950226245,
        0.021493212669683258,
        0.021493212669683258,
        0.02262443438914027,
        0.02262443438914027,
        0.023755656108597284,
        0.023755656108597284,
        0.026018099547511313,
        0.026018099547511313,
        0.027149321266968326,
        0.027149321266968326,
        0.02828054298642534,
        0.02828054298642534,
        0.029411764705882353,
        0.029411764705882353,
        0.03167420814479638,
        0.03167420814479638,
        0.033936651583710405,
        0.033936651583710405,
        0.03506787330316742,
        0.03506787330316742,
        0.03619909502262444,
        0.03619909502262444,
        0.03733031674208145,
        0.03733031674208145,
        0.038461538461538464,
        0.038461538461538464,
        0.042986425339366516,
        0.042986425339366516,
        0.04524886877828054,
        0.04524886877828054,
        0.04638009049773756,
        0.04638009049773756,
        0.048642533936651584,
        0.048642533936651584,
        0.049773755656108594,
        0.049773755656108594,
        0.05090497737556561,
        0.05090497737556561,
        0.05203619909502263,
        0.05203619909502263,
        0.05542986425339366,
        0.05542986425339366,
        0.057692307692307696,
        0.057692307692307696,
        0.058823529411764705,
        0.058823529411764705,
        0.06221719457013575,
        0.06221719457013575,
        0.06561085972850679,
        0.06561085972850679,
        0.0667420814479638,
        0.0667420814479638,
        0.06787330316742081,
        0.06787330316742081,
        0.07013574660633484,
        0.07013574660633484,
        0.07352941176470588,
        0.07352941176470588,
        0.0757918552036199,
        0.0757918552036199,
        0.07918552036199095,
        0.07918552036199095,
        0.08031674208144797,
        0.08031674208144797,
        0.08144796380090498,
        0.08144796380090498,
        0.08257918552036199,
        0.08257918552036199,
        0.083710407239819,
        0.083710407239819,
        0.08823529411764706,
        0.08823529411764706,
        0.08936651583710407,
        0.08936651583710407,
        0.09049773755656108,
        0.09049773755656108,
        0.09389140271493213,
        0.09389140271493213,
        0.09728506787330317,
        0.09728506787330317,
        0.09841628959276018,
        0.09841628959276018,
        0.09954751131221719,
        0.09954751131221719,
        0.10180995475113122,
        0.10180995475113122,
        0.10294117647058823,
        0.10294117647058823,
        0.10407239819004525,
        0.10407239819004525,
        0.10520361990950226,
        0.10520361990950226,
        0.11199095022624435,
        0.11199095022624435,
        0.11877828054298642,
        0.11877828054298642,
        0.11990950226244344,
        0.11990950226244344,
        0.12104072398190045,
        0.12104072398190045,
        0.12330316742081449,
        0.12330316742081449,
        0.1255656108597285,
        0.1255656108597285,
        0.12782805429864252,
        0.12782805429864252,
        0.12895927601809956,
        0.12895927601809956,
        0.13009049773755657,
        0.13009049773755657,
        0.13122171945701358,
        0.13122171945701358,
        0.1323529411764706,
        0.1323529411764706,
        0.13914027149321267,
        0.13914027149321267,
        0.1436651583710407,
        0.1436651583710407,
        0.14479638009049775,
        0.14479638009049775,
        0.14819004524886878,
        0.14819004524886878,
        0.1493212669683258,
        0.1493212669683258,
        0.15271493212669685,
        0.15271493212669685,
        0.15610859728506787,
        0.15610859728506787,
        0.16968325791855204,
        0.16968325791855204,
        0.17194570135746606,
        0.17194570135746606,
        0.17307692307692307,
        0.17307692307692307,
        0.1753393665158371,
        0.1753393665158371,
        0.18778280542986425,
        0.18778280542986425,
        0.19570135746606335,
        0.19570135746606335,
        0.21040723981900453,
        0.21040723981900453,
        0.21153846153846154,
        0.21153846153846154,
        0.22850678733031674,
        0.22850678733031674,
        0.22963800904977374,
        0.22963800904977374,
        0.23642533936651583,
        0.23642533936651583,
        0.2409502262443439,
        0.2409502262443439,
        0.24321266968325791,
        0.24321266968325791,
        0.24547511312217193,
        0.24547511312217193,
        0.26357466063348417,
        0.26357466063348417,
        0.27601809954751133,
        0.27601809954751133,
        0.3042986425339366,
        0.3042986425339366,
        0.3088235294117647,
        0.3088235294117647,
        0.3190045248868778,
        0.3190045248868778,
        0.3235294117647059,
        0.3235294117647059,
        0.333710407239819,
        0.333710407239819,
        0.4332579185520362,
        0.4332579185520362,
        0.48755656108597284,
        0.48755656108597284,
        0.49434389140271495,
        0.49434389140271495,
        1.0
    ],