{
    "accuracy": 0.9462259858442872,
    "precision": 0.9292169340903088,
    "recall": 0.9660373793249966,
    "f1_score": 0.9472442037358734,
    "fp_rate": 0.07358457937996427,
    "tp_rate": 0.9660373793249966,
    "std_accuracy": 0.005116563190255031,
    "std_precision": 0.008175245046008335,
    "std_recall": 0.005638115361138826,
    "std_f1_score": 0.005144738019328788,
    "std_fp_rate": 0.008522030705787454,
    "std_tp_rate": 0.005638115361138826,
    "TP": 955.379,
    "TN": 916.256,
    "FP": 72.777,
    "FN": 33.588,
    "roc_auc": 0.9927841238456182,
    "fpr_at_thresholds": [
        0.0,
        0.0,
        0.0,
        0.0010111223458038423,
        0.0010111223458038423,
        0.0020222446916076846,
        0.0020222446916076846,
        0.003033367037411527,
        0.003033367037411527,
        0.004044489383215369,
        0.004044489383215369,
        0.005055611729019211,
        0.005055611729019211,
        0.006066734074823054,
        0.006066734074823054,
        0.007077856420626896,
        0.007077856420626896,
        0.008088978766430738,
        0.008088978766430738,
        0.00910010111223458,
        0.00910010111223458,
        0.010111223458038422,
        0.010111223458038422,
        0.011122345803842264,
        0.011122345803842264,
        0.014155712841253791,
        0.014155712841253791,
        0.016177957532861477,
        0.016177957532861477,
        0.017189079878665317,
        0.017189079878665317,
        0.020222446916076844,
        0.020222446916076844,
        0.021233569261880688,
        0.021233569261880688,
        0.023255813953488372,
        0.023255813953488372,
        0.024266936299292215,
        0.024266936299292215,
        0.025278058645096056,
        0.025278058645096056,
        0.0262891809908999,
        0.0262891809908999,
        0.027300303336703743,
        0.027300303336703743,
        0.028311425682507583,
        0.028311425682507583,
        0.029322548028311426,
        0.029322548028311426,
        0.030333670374115267,
        0.030333670374115267,
        0.03134479271991911,
        0.03134479271991911,
        0.032355915065722954,
        0.032355915065722954,
        0.03741152679474216,
        0.03741152679474216,
        0.03943377148634985,
        0.03943377148634985,
        0.043478260869565216,
        0.043478260869565216,
        0.044489383215369056,
        0.044489383215369056,
        0.0455005055611729,
        0.0455005055611729,
        0.046511627906976744,
        0.046511627906976744,
        0.05055611729019211,
        0.05055611729019211,
        0.05358948432760364,
        0.05358948432760364,
        0.056622851365015166,
        0.056622851365015166,
        0.057633973710819006,
        0.057633973710819006,
        0.05864509605662285,
        0.05864509605662285,
        0.06774519716885744,
        0.06774519716885744,
        0.07077856420626896,
        0.07077856420626896,
        0.07583417593528817,
        0.07583417593528817,
        0.07684529828109202,
        0.07684529828109202,
        0.07987866531850354,
        0.07987866531850354,
        0.08088978766430738,
        0.08088978766430738,
        0.0839231547017189,
        0.0839231547017189,
        0.09302325581395349,
        0.09302325581395349,
        0.09403437815975733,
        0.09403437815975733,
        0.09504550050556117,
        0.09504550050556117,
        0.09706774519716886,
        0.09706774519716886,
        0.10313447927199192,
        0.10313447927199192,
        0.10920121334681497,
        0.10920121334681497,
        0.1102123356926188,
        0.1102123356926188,
        0.11425682507583418,
        0.11425682507583418,
        0.12335692618806876,
        0.12335692618806876,
        0.12942366026289182,
        0.12942366026289182,
        0.13346814964610718,
        0.13346814964610718,
        0.15267947421638017,
        0.15267947421638017,
        0.16582406471183014,
        0.16582406471183014,
        0.17593528816986856,
        0.17593528816986856,
        0.1789686552072801,
        0.1789686552072801,
        0.18099089989888775,
        0.18099089989888775,
        0.19817997977755308,
        0.19817997977755308,
        0.41253791708796766,
        0.41253791708796766,
        1.0
    ],
    "tpr_at_thresholds": [
        0.0,
        0.0010111223458038423,
        0.6663296258847321,
        0.6663296258847321,
        0.7633973710819009,
        0.7633973710819009,
        0.8179979777553084,
        0.8179979777553084,
        0.8220424671385238,
        0.8220424671385238,
        0.8351870576339737,
        0.8351870576339737,
        0.840242669362993,
        0.840242669362993,
        0.846309403437816,
        0.846309403437816,
        0.8645096056622852,
        0.8645096056622852,
        0.865520728008089,
        0.865520728008089,
        0.8665318503538928,
        0.8665318503538928,
        0.8776541961577351,
        0.8776541961577351,
        0.8816986855409504,
        0.8816986855409504,
        0.8928210313447927,
        0.8928210313447927,
        0.9039433771486349,
        0.9039433771486349,
        0.9140546006066734,
        0.9140546006066734,
        0.917087967644085,
        0.917087967644085,
        0.9180990899898888,
        0.9180990899898888,
        0.9191102123356926,
        0.9191102123356926,
        0.9221435793731041,
        0.9221435793731041,
        0.9322548028311426,
        0.9322548028311426,
        0.9342770475227502,
        0.9342770475227502,
        0.9352881698685541,
        0.9352881698685541,
        0.9362992922143579,
        0.9362992922143579,
        0.9383215369059656,
        0.9383215369059656,
        0.9393326592517695,
        0.9393326592517695,
        0.9403437815975733,
        0.9403437815975733,
        0.9413549039433772,
        0.9413549039433772,
        0.9443882709807887,
        0.9443882709807887,
        0.9474216380182002,
        0.9474216380182002,
        0.948432760364004,
        0.948432760364004,
        0.9494438827098078,
        0.9494438827098078,
        0.9534883720930233,
        0.9534883720930233,
        0.9544994944388271,
        0.9544994944388271,
        0.9565217391304348,
        0.9565217391304348,
        0.9585439838220424,
        0.9585439838220424,
        0.9605662285136501,
        0.9605662285136501,
        0.961577350859454,
        0.961577350859454,
        0.9625884732052579,
        0.9625884732052579,
        0.9635995955510617,
        0.9635995955510617,
        0.9666329625884732,
        0.9666329625884732,
        0.967644084934277,
        0.967644084934277,
        0.9686552072800809,
        0.9686552072800809,
        0.9696663296258847,
        0.9696663296258847,
        0.974721941354904,
        0.974721941354904,
        0.9767441860465116,
        0.9767441860465116,
        0.9777553083923155,
        0.9777553083923155,
        0.9797775530839231,
        0.9797775530839231,
        0.980788675429727,
        0.980788675429727,
        0.9817997977755308,
        0.9817997977755308,
        0.9828109201213346,
        0.9828109201213346,
        0.9858442871587462,
        0.9858442871587462,
        0.9868554095045501,
        0.9868554095045501,
        0.9878665318503539,
        0.9878665318503539,
        0.9898887765419616,
        0.9898887765419616,
        0.9908998988877654,
        0.9908998988877654,
        0.9929221435793731,
        0.9929221435793731,
        0.993933265925177,
        0.993933265925177,
        0.9949443882709808,
        0.9949443882709808,
        0.9959555106167847,
        0.9959555106167847,
        0.9969666329625885,
        0.9969666329625885,
        0.9979777553083923,
        0.9979777553083923,
        0.9989888776541962,
        0.9989888776541962,
        1.0,
        1.0
    ],