{
    "accuracy": 0.9092453363482194,
    "precision": 0.9346513066393833,
    "recall": 0.8801326333456312,
    "f1_score": 0.9065268453982571,
    "fp_rate": 0.06160658577827195,
    "tp_rate": 0.8801326333456312,
    "std_accuracy": 0.006706172651047046,
    "std_precision": 0.008395819995243825,
    "std_recall": 0.01056952412872051,
    "std_f1_score": 0.007166118165683537,
    "std_fp_rate": 0.007914873087578824,
    "std_tp_rate": 0.01056952412872051,
    "TP": 778.92,
    "TN": 829.535,
    "FP": 54.458,
    "FN": 106.087,
    "roc_auc": 0.9761037400618657,
    "fpr_at_thresholds": [
        0.0,
        0.0,
        0.0,
        0.0011312217194570137,
        0.0011312217194570137,
        0.0022624434389140274,
        0.0022624434389140274,
        0.003393665158371041,
        0.003393665158371041,
        0.004524886877828055,
        0.004524886877828055,
        0.005656108597285068,
        0.005656108597285068,
        0.006787330316742082,
        0.006787330316742082,
        0.007918552036199095,
        0.007918552036199095,
        0.00904977375565611,
        0.00904977375565611,
        0.010180995475113122,
        0.010180995475113122,
        0.012443438914027148,
        0.012443438914027148,
        0.013574660633484163,
        0.013574660633484163,
        0.014705882352941176,
        0.014705882352941176,
        0.01583710407239819,
        0.01583710407239819,
        0.016968325791855202,
        0.016968325791855202,
        0.01809954751131222,
        0.01809954751131222,
        0.019230769230769232,
        0.019230769230769232,
        0.020361990950226245,
        0.020361990950226245,
        0.021493212669683258,
        0.021493212669683258,
        0.02262443438914027,
        0.02262443438914027,
        0.023755656108597284,
        0.023755656108597284,
        0.024886877828054297,
        0.024886877828054297,
        0.026018099547511313,
        0.026018099547511313,
        0.02828054298642534,
        0.02828054298642534,
        0.030542986425339366,
        0.030542986425339366,
        0.03167420814479638,
        0.03167420814479638,
        0.032805429864253395,
        0.032805429864253395,
        0.033936651583710405,
        0.033936651583710405,
        0.03619909502262444,
        0.03619909502262444,
        0.03733031674208145,
        0.03733031674208145,
        0.03959276018099547,
        0.03959276018099547,
        0.0418552036199095,
        0.0418552036199095,
        0.042986425339366516,
        0.042986425339366516,
        0.04411764705882353,
        0.04411764705882353,
        0.04524886877828054,
        0.04524886877828054,
        0.04638009049773756,
        0.04638009049773756,
        0.04751131221719457,
        0.04751131221719457,
        0.05090497737556561,
        0.05090497737556561,
        0.05203619909502263,
        0.05203619909502263,
        0.053167420814479636,
        0.053167420814479636,
        0.05429864253393665,
        0.05429864253393665,
        0.05656108597285068,
        0.05656108597285068,
        0.057692307692307696,
        0.057692307692307696,
        0.058823529411764705,
        0.058823529411764705,
        0.05995475113122172,
        0.05995475113122172,
        0.06334841628959276,
        0.06334841628959276,
        0.06561085972850679,
        0.06561085972850679,
        0.0667420814479638,
        0.0667420814479638,
        0.06787330316742081,
        0.06787330316742081,
        0.07013574660633484,
        0.07013574660633484,
        0.07126696832579185,
        0.07126696832579185,
        0.07239819004524888,
        0.07239819004524888,
        0.0746606334841629,
        0.0746606334841629,
        0.07805429864253394,
        0.07805429864253394,
        0.08031674208144797,
        0.08031674208144797,
        0.08257918552036199,
        0.08257918552036199,
        0.08484162895927602,
        0.08484162895927602,
        0.08823529411764706,
        0.08823529411764706,
        0.08936651583710407,
        0.08936651583710407,
        0.09276018099547512,
        0.09276018099547512,
        0.09389140271493213,
        0.09389140271493213,
        0.09502262443438914,
        0.09502262443438914,
        0.09615384615384616,
        0.09615384615384616,
        0.10180995475113122,
        0.10180995475113122,
        0.10294117647058823,
        0.10294117647058823,
        0.10520361990950226,
        0.10520361990950226,
        0.10633484162895927,
        0.10633484162895927,
        0.1074660633484163,
        0.1074660633484163,
        0.11085972850678733,
        0.11085972850678733,
        0.11764705882352941,
        0.11764705882352941,
        0.12217194570135746,
        0.12217194570135746,
        0.1244343891402715,
        0.1244343891402715,
        0.12782805429864252,
        0.12782805429864252,
        0.13009049773755657,
        0.13009049773755657,
        0.13122171945701358,
        0.13122171945701358,
        0.13687782805429866,
        0.13687782805429866,
        0.13800904977375567,
        0.13800904977375567,
        0.13914027149321267,
        0.13914027149321267,
        0.1425339366515837,
        0.1425339366515837,
        0.1436651583710407,
        0.1436651583710407,
        0.14479638009049775,
        0.14479638009049775,
        0.1493212669683258,
        0.1493212669683258,
        0.1595022624434389,
        0.1595022624434389,
        0.16063348416289594,
        0.16063348416289594,
        0.16176470588235295,
        0.16176470588235295,
        0.16289592760180996,
        0.16289592760180996,
        0.16402714932126697,
        0.16402714932126697,
        0.16515837104072398,
        0.16515837104072398,
        0.17081447963800905,
        0.17081447963800905,
        0.17647058823529413,
        0.17647058823529413,
        0.1832579185520362,
        0.1832579185520362,
        0.19004524886877827,
        0.19004524886877827,
        0.19230769230769232,
        0.19230769230769232,
        0.19570135746606335,
        0.19570135746606335,
        0.20361990950226244,
        0.20361990950226244,
        0.20475113122171945,
        0.20475113122171945,
        0.20701357466063347,
        0.20701357466063347,
        0.22171945701357465,
        0.22171945701357465,
        0.23076923076923078,
        0.23076923076923078,
        0.23642533936651583,
        0.23642533936651583,
        0.2692307692307692,
        0.2692307692307692,
        0.28054298642533937,
        0.28054298642533937,
        0.2850678733031674,
        0.2850678733031674,
        0.2873303167420814,
        0.2873303167420814,
        0.29524886877828055,
        0.29524886877828055,
        0.29751131221719457,
        0.29751131221719457,
        0.32918552036199095,
        0.32918552036199095,
        0.3834841628959276,
        0.3834841628959276,
        0.3936651583710407,
        0.3936651583710407,
        1.0
    ],