{
    "accuracy": 0.9459914658634537,
    "precision": 0.928964965904787,
    "recall": 0.9659577779731585,
    "f1_score": 0.9470770577277815,
    "fp_rate": 0.07401229355233024,
    "tp_rate": 0.9659577779731585,
    "std_accuracy": 0.005197050730072483,
    "std_precision": 0.008100524044407144,
    "std_recall": 0.005625968273228366,
    "std_f1_score": 0.005263625163497645,
    "std_fp_rate": 0.00826983099752077,
    "std_tp_rate": 0.005625968273228366,
    "TP": 963.168,
    "TN": 921.247,
    "FP": 73.643,
    "FN": 33.942,
    "roc_auc": 0.9902380606764407,
    "fpr_at_thresholds": [
        0.0,
        0.0,
        0.0,
        0.001004016064257028,
        0.001004016064257028,
        0.002008032128514056,
        0.002008032128514056,
        0.0030120481927710845,
        0.0030120481927710845,
        0.004016064257028112,
        0.004016064257028112,
        0.0050200803212851405,
        0.0050200803212851405,
        0.006024096385542169,
        0.006024096385542169,
        0.007028112449799197,
        0.007028112449799197,
        0.008032128514056224,
        0.008032128514056224,
        0.009036144578313253,
        0.009036144578313253,
        0.010040160642570281,
        0.010040160642570281,
        0.01104417670682731,
        0.01104417670682731,
        0.014056224899598393,
        0.014056224899598393,
        0.015060240963855422,
        0.015060240963855422,
        0.01606425702811245,
        0.01606425702811245,
        0.01706827309236948,
        0.01706827309236948,
        0.018072289156626505,
        0.018072289156626505,
        0.020080321285140562,
        0.020080321285140562,
        0.02108433734939759,
        0.02108433734939759,
        0.023092369477911646,
        0.023092369477911646,
        0.024096385542168676,
        0.024096385542168676,
        0.025100401606425703,
        0.025100401606425703,
        0.02610441767068273,
        0.02610441767068273,
        0.029116465863453816,
        0.029116465863453816,
        0.030120481927710843,
        0.030120481927710843,
        0.03313253012048193,
        0.03313253012048193,
        0.035140562248995984,
        0.035140562248995984,
        0.03714859437751004,
        0.03714859437751004,
        0.03815261044176707,
        0.03815261044176707,
        0.040160642570281124,
        0.040160642570281124,
        0.04417670682730924,
        0.04417670682730924,
        0.04618473895582329,
        0.04618473895582329,
        0.04718875502008032,
        0.04718875502008032,
        0.05421686746987952,
        0.05421686746987952,
        0.0572289156626506,
        0.0572289156626506,
        0.05823293172690763,
        0.05823293172690763,
        0.05923694779116466,
        0.05923694779116466,
        0.06124497991967871,
        0.06124497991967871,
        0.06325301204819277,
        0.06325301204819277,
        0.06726907630522089,
        0.06726907630522089,
        0.06827309236947791,
        0.06827309236947791,
        0.07028112449799197,
        0.07028112449799197,
        0.07228915662650602,
        0.07228915662650602,
        0.07329317269076305,
        0.07329317269076305,
        0.07630522088353414,
        0.07630522088353414,
        0.07730923694779117,
        0.07730923694779117,
        0.0783132530120482,
        0.0783132530120482,
        0.07931726907630522,
        0.07931726907630522,
        0.08032128514056225,
        0.08032128514056225,
        0.0823293172690763,
        0.0823293172690763,
        0.0893574297188755,
        0.0893574297188755,
        0.09136546184738956,
        0.09136546184738956,
        0.09437751004016064,
        0.09437751004016064,
        0.09538152610441768,
        0.09538152610441768,
        0.09839357429718876,
        0.09839357429718876,
        0.10642570281124498,
        0.10642570281124498,
        0.10943775100401607,
        0.10943775100401607,
        0.11144578313253012,
        0.11144578313253012,
        0.11345381526104417,
        0.11345381526104417,
        0.1144578313253012,
        0.1144578313253012,
        0.11947791164658635,
        0.11947791164658635,
        0.12650602409638553,
        0.12650602409638553,
        0.13855421686746988,
        0.13855421686746988,
        0.14056224899598393,
        0.14056224899598393,
        0.1676706827309237,
        0.1676706827309237,
        0.178714859437751,
        0.178714859437751,
        0.17971887550200802,
        0.17971887550200802,
        0.2399598393574297,
        0.2399598393574297,
        0.3674698795180723,
        0.3674698795180723,
        0.5291164658634538,
        0.5291164658634538,
        0.5662650602409639,
        0.5662650602409639,
        0.8042168674698795,
        0.8042168674698795,
        1.0
    ],