{
    "accuracy": 0.9548079999999999,
    "precision": 0.9505198493688874,
    "recall": 0.9597266455373488,
    "f1_score": 0.9550430105192121,
    "fp_rate": 0.05012314194076489,
    "tp_rate": 0.9597266455373488,
    "std_accuracy": 0.00764789167752206,
    "std_precision": 0.011369866442096506,
    "std_recall": 0.010212931307916178,
    "std_f1_score": 0.007855690845701264,
    "std_fp_rate": 0.011355645827779716,
    "std_tp_rate": 0.010212931307916178,
    "TP": 360.589,
    "TN": 355.517,
    "FP": 18.767,
    "FN": 15.127,
    "roc_auc": 0.9926115555555555,
    "fpr_at_thresholds": [
        0.0,
        0.0,
        0.0,
        0.008,
        0.008,
        0.016,
        0.016,
        0.024,
        0.024,
        0.02666666666666667,
        0.02666666666666667,
        0.034666666666666665,
        0.034666666666666665,
        0.042666666666666665,
        0.042666666666666665,
        0.050666666666666665,
        0.050666666666666665,
        0.058666666666666666,
        0.06133333333333333,
        0.06133333333333333,
        0.08533333333333333,
        0.08533333333333333,
        0.09333333333333334,
        0.09333333333333334,
        0.10133333333333333,
        0.10133333333333333,
        0.10933333333333334,
        0.10933333333333334,
        0.13333333333333333,
        0.13866666666666666,
        0.14133333333333334,
        0.14133333333333334,
        0.14933333333333335,
        0.14933333333333335,
        0.17333333333333334,
        0.176,
        0.184,
        0.184,
        0.192,
        0.192,
        0.2,
        0.2,
        0.376,
        0.37866666666666665,
        0.4746666666666667,
        0.48,
        0.488,
        0.49333333333333335,
        0.5253333333333333,
        0.5306666666666666,
        0.6106666666666667,
        0.616,
        0.672,
        0.6746666666666666,
        0.7066666666666667,
        0.712,
        0.744,
        0.7466666666666667,
        0.7946666666666666,
        0.7973333333333333,
        0.8533333333333334,
        0.8586666666666667,
        0.8746666666666667,
        0.88,
        0.936,
        0.9466666666666667,
        0.9786666666666667,
        0.984,
        1.0
    ],
    "tpr_at_thresholds": [
        0.0,
        0.0026666666666666666,
        0.88,
        0.88,
        0.8826666666666667,
        0.8826666666666667,
        0.8933333333333333,
        0.8933333333333333,
        0.8986666666666666,
        0.8986666666666666,
        0.912,
        0.912,
        0.9413333333333334,
        0.9413333333333334,
        0.952,
        0.952,
        0.9626666666666667,
        0.9626666666666667,
        0.9626666666666667,
        0.9653333333333334,
        0.9653333333333334,
        0.968,
        0.968,
        0.9733333333333334,
        0.9733333333333334,
        0.9786666666666667,
        0.9786666666666667,
        0.984,
        0.984,
        0.984,
        0.984,
        0.9893333333333333,
        0.9893333333333333,
        0.992,
        0.992,
        0.992,
        0.992,
        0.9946666666666667,
        0.9946666666666667,
        0.9973333333333333,
        0.9973333333333333,
        1.0,
        1.0,
        1.0,
        1.0,
        1.0,
        1.0,
        1.0,
        1.0,
        1.0,
        1.0,
        1.0,
        1.0,
        1.0,
        1.0,
        1.0,
        1.0,
        1.0,
        1.0,
        1.0,
        1.0,
        1.0,
        1.0,
        1.0,
        1.0,
        1.0,
        1.0,
        1.0,
        1.0
    ],
    "thresholds": [
        Infinity,
        3.6517839431762695,
        0.7499103546142578,
        0.7464883327484131,
        0.7076767086982727,
        0.6702601313591003,
        0.5423794388771057,
        0.5369945168495178,
        0.5106794238090515,
        0.5062426328659058,
        0.47567319869995117,
        0.4686027765274048,
        0.2730151414871216,
        0.27046048641204834,
        0.16662931442260742,
        0.16181477904319763,
        0.02919609844684601,
        -3.2099662348628044e-05,
        -0.011725202202796936,
        -0.036959391087293625,
        -0.1499951332807541,
        -0.1852382868528366,
        -0.22481384873390198,
        -0.28155621886253357,
        -0.28650951385498047,
        -0.3477379083633423,
        -0.48885515332221985,
        -0.6049906015396118,
        -0.6373851299285889,
        -0.72141432762146,
        -0.7359314560890198,
        -0.8196800947189331,
        -0.8472336530685425,
        -0.9038388729095459,
        -1.03738534450531,
        -1.0928105115890503,
        -1.233601450920105,
        -1.2765876054763794,
        -1.2892894744873047,
        -1.3072090148925781,
        -1.3541157245635986,
        -1.3806554079055786,
        -2.207465648651123,
        -2.2268714904785156,
        -2.562028169631958,
        -2.580289602279663,
        -2.588991165161133,
        -2.600121021270752,
        -2.736175537109375,
        -2.7376034259796143,
        -2.871398448944092,
        -2.9112071990966797,
        -2.9730539321899414,
        -2.9832847118377686,
        -3.021918773651123,
        -3.0309927463531494,
        -3.0548899173736572,
        -3.106646776199341,
        -3.1732521057128906,
        -3.1795661449432373,
        -3.269606351852417,
        -3.3103458881378174,
        -3.337991952896118,
        -3.347822666168213,
        -3.4408156871795654,
        -3.458460569381714,
        -3.528346300125122,
        -3.5371289253234863,
        -3.563124418258667
    ]
}