{
    "accuracy": 0.9372354417670683,
    "precision": 0.9284943576627745,
    "recall": 0.9476119324035661,
    "f1_score": 0.9379270316254315,
    "fp_rate": 0.07318083781612489,
    "tp_rate": 0.9476119324035661,
    "std_accuracy": 0.005514696380521413,
    "std_precision": 0.008043322910746217,
    "std_recall": 0.007002979759820681,
    "std_f1_score": 0.005498689177145934,
    "std_fp_rate": 0.00856630657189264,
    "std_tp_rate": 0.007002979759820681,
    "TP": 944.871,
    "TN": 922.102,
    "FP": 72.788,
    "FN": 52.239,
    "roc_auc": 0.9875627006016033,
    "fpr_at_thresholds": [
        0.0,
        0.0,
        0.0,
        0.001004016064257028,
        0.001004016064257028,
        0.002008032128514056,
        0.002008032128514056,
        0.0030120481927710845,
        0.0030120481927710845,
        0.004016064257028112,
        0.004016064257028112,
        0.0050200803212851405,
        0.0050200803212851405,
        0.006024096385542169,
        0.006024096385542169,
        0.007028112449799197,
        0.007028112449799197,
        0.008032128514056224,
        0.008032128514056224,
        0.009036144578313253,
        0.009036144578313253,
        0.010040160642570281,
        0.010040160642570281,
        0.01104417670682731,
        0.01104417670682731,
        0.012048192771084338,
        0.012048192771084338,
        0.014056224899598393,
        0.014056224899598393,
        0.015060240963855422,
        0.015060240963855422,
        0.01606425702811245,
        0.01606425702811245,
        0.01706827309236948,
        0.01706827309236948,
        0.019076305220883535,
        0.019076305220883535,
        0.020080321285140562,
        0.020080321285140562,
        0.02108433734939759,
        0.02108433734939759,
        0.023092369477911646,
        0.023092369477911646,
        0.024096385542168676,
        0.024096385542168676,
        0.025100401606425703,
        0.025100401606425703,
        0.02610441767068273,
        0.02610441767068273,
        0.02710843373493976,
        0.02710843373493976,
        0.028112449799196786,
        0.028112449799196786,
        0.029116465863453816,
        0.029116465863453816,
        0.03112449799196787,
        0.03112449799196787,
        0.03413654618473896,
        0.03413654618473896,
        0.03614457831325301,
        0.03614457831325301,
        0.03714859437751004,
        0.03714859437751004,
        0.0391566265060241,
        0.0391566265060241,
        0.040160642570281124,
        0.040160642570281124,
        0.04216867469879518,
        0.04216867469879518,
        0.04317269076305221,
        0.04317269076305221,
        0.04417670682730924,
        0.04417670682730924,
        0.04618473895582329,
        0.04618473895582329,
        0.04819277108433735,
        0.04819277108433735,
        0.04919678714859438,
        0.04919678714859438,
        0.050200803212851405,
        0.050200803212851405,
        0.05220883534136546,
        0.05220883534136546,
        0.055220883534136546,
        0.055220883534136546,
        0.05622489959839357,
        0.05622489959839357,
        0.0572289156626506,
        0.0572289156626506,
        0.06224899598393574,
        0.06224899598393574,
        0.06325301204819277,
        0.06325301204819277,
        0.06726907630522089,
        0.06726907630522089,
        0.06927710843373494,
        0.06927710843373494,
        0.07028112449799197,
        0.07028112449799197,
        0.071285140562249,
        0.071285140562249,
        0.07228915662650602,
        0.07228915662650602,
        0.07329317269076305,
        0.07329317269076305,
        0.0783132530120482,
        0.0783132530120482,
        0.07931726907630522,
        0.07931726907630522,
        0.08032128514056225,
        0.08032128514056225,
        0.08333333333333333,
        0.08333333333333333,
        0.08433734939759036,
        0.08433734939759036,
        0.0853413654618474,
        0.0853413654618474,
        0.09236947791164658,
        0.09236947791164658,
        0.09337349397590361,
        0.09337349397590361,
        0.09437751004016064,
        0.09437751004016064,
        0.0963855421686747,
        0.0963855421686747,
        0.09738955823293173,
        0.09738955823293173,
        0.10240963855421686,
        0.10240963855421686,
        0.10341365461847389,
        0.10341365461847389,
        0.10843373493975904,
        0.10843373493975904,
        0.10943775100401607,
        0.10943775100401607,
        0.11044176706827309,
        0.11044176706827309,
        0.11345381526104417,
        0.11345381526104417,
        0.11847389558232932,
        0.11847389558232932,
        0.12248995983935743,
        0.12248995983935743,
        0.12951807228915663,
        0.12951807228915663,
        0.13152610441767068,
        0.13152610441767068,
        0.13654618473895583,
        0.13654618473895583,
        0.13855421686746988,
        0.13855421686746988,
        0.14457831325301204,
        0.14457831325301204,
        0.14759036144578314,
        0.14759036144578314,
        0.15461847389558234,
        0.15461847389558234,
        0.15562248995983935,
        0.15562248995983935,
        0.1576305220883534,
        0.1576305220883534,
        0.1646586345381526,
        0.1646586345381526,
        0.18072289156626506,
        0.18072289156626506,
        0.2178714859437751,
        0.2178714859437751,
        0.23493975903614459,
        0.23493975903614459,
        0.2469879518072289,
        0.2469879518072289,
        0.2991967871485944,
        0.2991967871485944,
        0.30120481927710846,
        0.30120481927710846,
        0.35642570281124497,
        0.35642570281124497,
        0.3985943775100402,
        0.3985943775100402,
        0.5562248995983936,
        0.5562248995983936,
        1.0
    ],