{
    "accuracy": 0.932106490872211,
    "precision": 0.9267615235906729,
    "recall": 0.9384135598029623,
    "f1_score": 0.9325195495075869,
    "fp_rate": 0.07420019801834365,
    "tp_rate": 0.9384135598029623,
    "std_accuracy": 0.005281994680306747,
    "std_precision": 0.008034248877297303,
    "std_recall": 0.007281332639009739,
    "std_f1_score": 0.005429900238426547,
    "std_fp_rate": 0.008183346230552455,
    "std_tp_rate": 0.007281332639009739,
    "TP": 925.512,
    "TN": 912.602,
    "FP": 73.146,
    "FN": 60.74,
    "roc_auc": 0.9845854128179914,
    "fpr_at_thresholds": [
        0.0,
        0.0,
        0.0,
        0.0010141987829614604,
        0.0010141987829614604,
        0.002028397565922921,
        0.002028397565922921,
        0.0030425963488843813,
        0.0030425963488843813,
        0.004056795131845842,
        0.004056795131845842,
        0.005070993914807302,
        0.005070993914807302,
        0.006085192697768763,
        0.006085192697768763,
        0.007099391480730223,
        0.007099391480730223,
        0.008113590263691683,
        0.008113590263691683,
        0.010141987829614604,
        0.010141987829614604,
        0.011156186612576065,
        0.011156186612576065,
        0.014198782961460446,
        0.014198782961460446,
        0.015212981744421906,
        0.015212981744421906,
        0.016227180527383367,
        0.016227180527383367,
        0.017241379310344827,
        0.017241379310344827,
        0.018255578093306288,
        0.018255578093306288,
        0.019269776876267748,
        0.019269776876267748,
        0.02028397565922921,
        0.02028397565922921,
        0.02129817444219067,
        0.02129817444219067,
        0.02332657200811359,
        0.02332657200811359,
        0.02434077079107505,
        0.02434077079107505,
        0.02535496957403651,
        0.02535496957403651,
        0.02636916835699797,
        0.02636916835699797,
        0.02738336713995943,
        0.02738336713995943,
        0.028397565922920892,
        0.028397565922920892,
        0.030425963488843813,
        0.030425963488843813,
        0.033468559837728194,
        0.033468559837728194,
        0.034482758620689655,
        0.034482758620689655,
        0.036511156186612576,
        0.036511156186612576,
        0.037525354969574036,
        0.037525354969574036,
        0.03955375253549696,
        0.03955375253549696,
        0.04056795131845842,
        0.04056795131845842,
        0.0436105476673428,
        0.0436105476673428,
        0.04462474645030426,
        0.04462474645030426,
        0.04665314401622718,
        0.04665314401622718,
        0.04969574036511156,
        0.04969574036511156,
        0.05070993914807302,
        0.05070993914807302,
        0.05273833671399594,
        0.05273833671399594,
        0.0537525354969574,
        0.0537525354969574,
        0.055780933062880324,
        0.055780933062880324,
        0.056795131845841784,
        0.056795131845841784,
        0.057809330628803245,
        0.057809330628803245,
        0.058823529411764705,
        0.058823529411764705,
        0.061866125760649086,
        0.061866125760649086,
        0.06288032454361055,
        0.06288032454361055,
        0.06795131845841786,
        0.06795131845841786,
        0.07099391480730223,
        0.07099391480730223,
        0.07403651115618662,
        0.07403651115618662,
        0.07910750507099391,
        0.07910750507099391,
        0.08113590263691683,
        0.08113590263691683,
        0.08417849898580122,
        0.08417849898580122,
        0.08519269776876268,
        0.08519269776876268,
        0.09533468559837728,
        0.09533468559837728,
        0.0973630831643002,
        0.0973630831643002,
        0.10040567951318459,
        0.10040567951318459,
        0.10141987829614604,
        0.10141987829614604,
        0.10446247464503043,
        0.10446247464503043,
        0.10953346855983773,
        0.10953346855983773,
        0.1105476673427992,
        0.1105476673427992,
        0.11156186612576065,
        0.11156186612576065,
        0.11460446247464504,
        0.11460446247464504,
        0.11561866125760649,
        0.11561866125760649,
        0.11663286004056796,
        0.11663286004056796,
        0.11967545638945233,
        0.11967545638945233,
        0.12373225152129817,
        0.12373225152129817,
        0.1328600405679513,
        0.1328600405679513,
        0.140973630831643,
        0.140973630831643,
        0.14300202839756593,
        0.14300202839756593,
        0.1440162271805274,
        0.1440162271805274,
        0.14503042596348883,
        0.14503042596348883,
        0.14908722109533468,
        0.14908722109533468,
        0.15415821501014199,
        0.15415821501014199,
        0.16024340770791076,
        0.16024340770791076,
        0.1643002028397566,
        0.1643002028397566,
        0.1744421906693712,
        0.1744421906693712,
        0.1815415821501014,
        0.1815415821501014,
        0.19066937119675456,
        0.19066937119675456,
        0.19371196754563894,
        0.19371196754563894,
        0.20081135902636918,
        0.20081135902636918,
        0.21196754563894524,
        0.21196754563894524,
        0.22515212981744423,
        0.22515212981744423,
        0.2281947261663286,
        0.2281947261663286,
        0.23529411764705882,
        0.23529411764705882,
        0.2363083164300203,
        0.2363083164300203,
        0.23935091277890466,
        0.23935091277890466,
        0.2484787018255578,
        0.2484787018255578,
        0.26369168356997974,
        0.26369168356997974,
        0.2657200811359026,
        0.2657200811359026,
        0.2778904665314402,
        0.2778904665314402,
        0.2870182555780933,
        0.2870182555780933,
        0.30831643002028397,
        0.30831643002028397,
        0.3184584178498986,
        0.3184584178498986,
        0.3691683569979716,
        0.3691683569979716,
        0.4127789046653144,
        0.4127789046653144,
        0.513184584178499,
        0.513184584178499,
        1.0
    ],