{"samples": 448, "accuracy": 0.6192814401622718, "std": 0.010969619127287543, "lower_bound": 0.5968433062880324, "upper_bound": 0.6404665314401623}
{"samples": 960, "accuracy": 0.6981886409736309, "std": 0.010285126020373148, "lower_bound": 0.6779918864097363, "upper_bound": 0.718052738336714}
{"samples": 1472, "accuracy": 0.7717733265720081, "std": 0.009277882359478705, "lower_bound": 0.7535496957403651, "upper_bound": 0.7890593306288033}
{"samples": 1984, "accuracy": 0.7727114604462474, "std": 0.009588063206512136, "lower_bound": 0.7535370182555781, "upper_bound": 0.7905679513184585}
{"samples": 2496, "accuracy": 0.7449183569979716, "std": 0.010116048967171906, "lower_bound": 0.723630831643002, "upper_bound": 0.7637043610547668}
{"samples": 3008, "accuracy": 0.8067723123732252, "std": 0.008930119270034552, "lower_bound": 0.789553752535497, "upper_bound": 0.8245562880324544}
{"samples": 3520, "accuracy": 0.7133199797160243, "std": 0.010053187704624376, "lower_bound": 0.6936992900608518, "upper_bound": 0.7332657200811359}
{"samples": 4032, "accuracy": 0.837171906693712, "std": 0.008516546565023932, "lower_bound": 0.8204868154158215, "upper_bound": 0.853460953346856}
{"samples": 4544, "accuracy": 0.8257707910750507, "std": 0.008580978814861168, "lower_bound": 0.8093306288032455, "upper_bound": 0.8417976673427993}
{"samples": 5056, "accuracy": 0.771118154158215, "std": 0.009172403013590479, "lower_bound": 0.7535496957403651, "upper_bound": 0.7890466531440162}
{"samples": 5568, "accuracy": 0.8289665314401623, "std": 0.008479495132098346, "lower_bound": 0.8113590263691683, "upper_bound": 0.845841784989858}
{"samples": 6080, "accuracy": 0.8319787018255578, "std": 0.008479328943586871, "lower_bound": 0.8149087221095335, "upper_bound": 0.847882860040568}
{"samples": 6592, "accuracy": 0.8535207910750507, "std": 0.007871328526775898, "lower_bound": 0.8372210953346856, "upper_bound": 0.8686612576064908}
{"samples": 7104, "accuracy": 0.8542210953346855, "std": 0.007936476865633582, "lower_bound": 0.8377281947261663, "upper_bound": 0.8686612576064908}
{"samples": 7616, "accuracy": 0.8507474645030426, "std": 0.00807046290221085, "lower_bound": 0.834685598377282, "upper_bound": 0.866645537525355}
{"samples": 8128, "accuracy": 0.8404193711967546, "std": 0.00841147439044503, "lower_bound": 0.8235294117647058, "upper_bound": 0.8565035496957404}
{"samples": 8640, "accuracy": 0.7905943204868153, "std": 0.009139238030498976, "lower_bound": 0.7728194726166329, "upper_bound": 0.808316430020284}
{"samples": 9152, "accuracy": 0.7905314401622718, "std": 0.00910523492535409, "lower_bound": 0.7733265720081136, "upper_bound": 0.8088362068965518}
{"samples": 9664, "accuracy": 0.7801947261663286, "std": 0.009304079434318886, "lower_bound": 0.7626648073022312, "upper_bound": 0.7966658215010142}
{"samples": 10176, "accuracy": 0.7531952332657201, "std": 0.009569523108776514, "lower_bound": 0.7352814401622718, "upper_bound": 0.7728194726166329}
{"samples": 10688, "accuracy": 0.8269543610547666, "std": 0.008625155209000914, "lower_bound": 0.8098250507099392, "upper_bound": 0.8433062880324543}
{"samples": 11200, "accuracy": 0.8000289046653145, "std": 0.008834209208412824, "lower_bound": 0.7834685598377282, "upper_bound": 0.8169371196754563}
{"samples": 11712, "accuracy": 0.7805116632860041, "std": 0.009502485677200375, "lower_bound": 0.7621703853955375, "upper_bound": 0.7986815415821501}
{"samples": 12224, "accuracy": 0.7953138945233266, "std": 0.009080621298839657, "lower_bound": 0.7773833671399595, "upper_bound": 0.8128930020283975}
{"samples": 12736, "accuracy": 0.8316348884381339, "std": 0.008514888035724652, "lower_bound": 0.8154031440162272, "upper_bound": 0.847870182555781}
{"samples": 13248, "accuracy": 0.7355725152129818, "std": 0.010105583739334609, "lower_bound": 0.7165314401622718, "upper_bound": 0.755578093306288}
{"samples": 13760, "accuracy": 0.8128387423935091, "std": 0.009146859670009283, "lower_bound": 0.795131845841785, "upper_bound": 0.8306288032454361}
{"samples": 14272, "accuracy": 0.7881125760649088, "std": 0.009196426576359685, "lower_bound": 0.7692570993914807, "upper_bound": 0.8057809330628803}
{"samples": 14784, "accuracy": 0.7883351926977687, "std": 0.009229718671142334, "lower_bound": 0.7697768762677485, "upper_bound": 0.8062880324543611}
{"samples": 15296, "accuracy": 0.7689117647058823, "std": 0.009510291353033887, "lower_bound": 0.7499873225152129, "upper_bound": 0.7865238336713997}
{"samples": 192, "loss": 0.6969470977783203}
{"samples": 448, "loss": 0.6754217147827148}
{"samples": 704, "loss": 0.6566228866577148}
{"samples": 960, "loss": 0.6412515640258789}
{"samples": 1216, "loss": 0.5737102031707764}
{"samples": 1472, "loss": 0.5337052345275879}
{"samples": 1728, "loss": 0.49095118045806885}
{"samples": 1984, "loss": 0.43034422397613525}
{"samples": 2240, "loss": 0.4578876942396164}
{"samples": 2496, "loss": 0.42140601575374603}
{"samples": 2752, "loss": 0.44911210238933563}
{"samples": 3008, "loss": 0.42364174127578735}
{"samples": 3264, "loss": 0.4089133068919182}
{"samples": 3520, "loss": 0.4424938037991524}
{"samples": 3776, "loss": 0.3685028702020645}
{"samples": 4032, "loss": 0.4345203712582588}
{"samples": 4288, "loss": 0.45625007152557373}
{"samples": 4544, "loss": 0.48857282102108}
{"samples": 4800, "loss": 0.4601762518286705}
{"samples": 5056, "loss": 0.3973164036870003}
{"samples": 5312, "loss": 0.39857272058725357}
{"samples": 5568, "loss": 0.4285437688231468}
{"samples": 5824, "loss": 0.4585944414138794}
{"samples": 6080, "loss": 0.4378392919898033}
{"samples": 6336, "loss": 0.3859093561768532}
{"samples": 6592, "loss": 0.4741591438651085}
{"samples": 6848, "loss": 0.387615866959095}
{"samples": 7104, "loss": 0.4451768398284912}
{"samples": 7360, "loss": 0.4665694460272789}
{"samples": 7616, "loss": 0.358775295317173}
{"samples": 7872, "loss": 0.44950416684150696}
{"samples": 8128, "loss": 0.40481558442115784}
{"samples": 8384, "loss": 0.3926073759794235}
{"samples": 8640, "loss": 0.3924596384167671}
{"samples": 8896, "loss": 0.3797379806637764}
{"samples": 9152, "loss": 0.3992609307169914}
{"samples": 9408, "loss": 0.3358265981078148}
{"samples": 9664, "loss": 0.3904265910387039}
{"samples": 9920, "loss": 0.36844920367002487}
{"samples": 10176, "loss": 0.32515085488557816}
{"samples": 10432, "loss": 0.4004852771759033}
{"samples": 10688, "loss": 0.4153474271297455}
{"samples": 10944, "loss": 0.34725797921419144}
{"samples": 11200, "loss": 0.37612804770469666}
{"samples": 11456, "loss": 0.36598241329193115}
{"samples": 11712, "loss": 0.38414810597896576}
{"samples": 11968, "loss": 0.36562301218509674}
{"samples": 12224, "loss": 0.3836275637149811}
{"samples": 12480, "loss": 0.3416823074221611}
{"samples": 12736, "loss": 0.4013091027736664}
{"samples": 12992, "loss": 0.39534566923975945}
{"samples": 13248, "loss": 0.405248261988163}
{"samples": 13504, "loss": 0.3440501391887665}
{"samples": 13760, "loss": 0.4047490656375885}
{"samples": 14016, "loss": 0.37164467573165894}
{"samples": 14272, "loss": 0.3694886267185211}
{"samples": 14528, "loss": 0.36550093442201614}
{"samples": 14784, "loss": 0.3659333661198616}
{"samples": 15040, "loss": 0.4195118844509125}
{"samples": 15296, "loss": 0.38878749310970306}
{"samples": 15552, "loss": 0.3591237887740135}
