{"samples": 496, "accuracy": 0.6010060851926977, "std": 0.011163930375319445, "lower_bound": 0.5790948275862069, "upper_bound": 0.6232251521298174}
{"samples": 1008, "accuracy": 0.7619371196754564, "std": 0.009908083673150407, "lower_bound": 0.7429006085192698, "upper_bound": 0.7809330628803245}
{"samples": 1520, "accuracy": 0.7946501014198784, "std": 0.009293397088662463, "lower_bound": 0.7758620689655172, "upper_bound": 0.8118661257606491}
{"samples": 2032, "accuracy": 0.8497322515212982, "std": 0.007971247843715426, "lower_bound": 0.8336713995943205, "upper_bound": 0.8646044624746451}
{"samples": 2544, "accuracy": 0.8535309330628804, "std": 0.007946304597927237, "lower_bound": 0.8377281947261663, "upper_bound": 0.8686612576064908}
{"samples": 3056, "accuracy": 0.8057302231237322, "std": 0.009582407512090415, "lower_bound": 0.7865111561866126, "upper_bound": 0.8240491886409737}
{"samples": 3568, "accuracy": 0.8729604462474645, "std": 0.007215358203079108, "lower_bound": 0.8585192697768763, "upper_bound": 0.8864097363083164}
{"samples": 4080, "accuracy": 0.9137398580121704, "std": 0.00626443206978903, "lower_bound": 0.9016227180527383, "upper_bound": 0.9259634888438134}
{"samples": 4592, "accuracy": 0.8010598377281947, "std": 0.009272432664684988, "lower_bound": 0.7824416835699797, "upper_bound": 0.8189655172413793}
{"samples": 5104, "accuracy": 0.8890273833671399, "std": 0.0072505594476919314, "lower_bound": 0.8737322515212982, "upper_bound": 0.9026369168356998}
{"samples": 5616, "accuracy": 0.9153879310344828, "std": 0.006034865734348748, "lower_bound": 0.904158215010142, "upper_bound": 0.9274847870182555}
{"samples": 6128, "accuracy": 0.9185207910750507, "std": 0.00647426467485207, "lower_bound": 0.9051724137931034, "upper_bound": 0.930540060851927}
{"samples": 6640, "accuracy": 0.834328093306288, "std": 0.008382645522909116, "lower_bound": 0.8179513184584178, "upper_bound": 0.8509127789046653}
{"samples": 7152, "accuracy": 0.9234741379310344, "std": 0.006119803511512668, "lower_bound": 0.9122591277890466, "upper_bound": 0.9355983772819473}
{"samples": 7664, "accuracy": 0.9419645030425964, "std": 0.0052152672356338215, "lower_bound": 0.9315415821501014, "upper_bound": 0.951331135902637}
{"samples": 8176, "accuracy": 0.908841784989858, "std": 0.006574955828557058, "lower_bound": 0.8960446247464503, "upper_bound": 0.920892494929006}
{"samples": 8688, "accuracy": 0.8772317444219067, "std": 0.007675334153269567, "lower_bound": 0.862563387423935, "upper_bound": 0.8920005070993915}
{"samples": 9200, "accuracy": 0.9290172413793102, "std": 0.005729808364246132, "lower_bound": 0.9173301217038539, "upper_bound": 0.9401622718052738}
{"samples": 9712, "accuracy": 0.8916769776876268, "std": 0.00734550983147404, "lower_bound": 0.8762550709939148, "upper_bound": 0.9051724137931034}
{"samples": 10224, "accuracy": 0.8701556795131846, "std": 0.00765727118366975, "lower_bound": 0.8554766734279919, "upper_bound": 0.885408215010142}
{"samples": 10736, "accuracy": 0.8968144016227181, "std": 0.006917394750565991, "lower_bound": 0.8818458417849898, "upper_bound": 0.9102434077079108}
{"samples": 11248, "accuracy": 0.9260096348884381, "std": 0.005691334386277889, "lower_bound": 0.9148073022312373, "upper_bound": 0.9371196754563894}
{"samples": 11760, "accuracy": 0.9069949290060851, "std": 0.006529053130512293, "lower_bound": 0.8940035496957404, "upper_bound": 0.9198782961460447}
{"samples": 12272, "accuracy": 0.8347074036511155, "std": 0.008144135438870444, "lower_bound": 0.8184330628803246, "upper_bound": 0.8509127789046653}
{"samples": 12784, "accuracy": 0.910119168356998, "std": 0.0066001859236946405, "lower_bound": 0.8970588235294118, "upper_bound": 0.9224137931034483}
{"samples": 13296, "accuracy": 0.9054426977687626, "std": 0.006614740041361759, "lower_bound": 0.8924949290060852, "upper_bound": 0.9173427991886409}
{"samples": 13808, "accuracy": 0.8691232251521298, "std": 0.0072858567924859625, "lower_bound": 0.8549695740365112, "upper_bound": 0.8833671399594321}
{"samples": 14320, "accuracy": 0.8921409736308317, "std": 0.006815740221560972, "lower_bound": 0.8787905679513184, "upper_bound": 0.9056795131845842}
{"samples": 14832, "accuracy": 0.8805121703853955, "std": 0.007328158206722012, "lower_bound": 0.8656186612576064, "upper_bound": 0.8950304259634888}
{"samples": 15344, "accuracy": 0.8735248478701826, "std": 0.007531437003996587, "lower_bound": 0.8585192697768763, "upper_bound": 0.8889452332657201}
{"samples": 192, "loss": 0.7154411902794471}
{"samples": 400, "loss": 0.7116417518028846}
{"samples": 608, "loss": 0.6833067673903245}
{"samples": 816, "loss": 0.6523144061748798}
{"samples": 1024, "loss": 0.6108210637019231}
{"samples": 1232, "loss": 0.5758963364821214}
{"samples": 1440, "loss": 0.5350886124830979}
{"samples": 1648, "loss": 0.472477546105018}
{"samples": 1856, "loss": 0.5573297647329477}
{"samples": 2064, "loss": 0.4795735799349271}
{"samples": 2272, "loss": 0.3981205866887019}
{"samples": 2480, "loss": 0.3491985614483173}
{"samples": 2688, "loss": 0.3649863096383902}
{"samples": 2896, "loss": 0.27267899880042445}
{"samples": 3104, "loss": 0.33130271618182844}
{"samples": 3312, "loss": 0.27435089074648344}
{"samples": 3520, "loss": 0.3221089289738582}
{"samples": 3728, "loss": 0.2431225868371817}
{"samples": 3936, "loss": 0.26820435890784633}
{"samples": 4144, "loss": 0.356229672065148}
{"samples": 4352, "loss": 0.2907930795962994}
{"samples": 4560, "loss": 0.18480577835669884}
{"samples": 4768, "loss": 0.19515814230992243}
{"samples": 4976, "loss": 0.2585742657001202}
{"samples": 5184, "loss": 0.14758239342616156}
{"samples": 5392, "loss": 0.24691637662740853}
{"samples": 5600, "loss": 0.24009402898641732}
{"samples": 5808, "loss": 0.2354313593644362}
{"samples": 6016, "loss": 0.16756343841552734}
{"samples": 6224, "loss": 0.20903864273658165}
{"samples": 6432, "loss": 0.19302723957942083}
{"samples": 6640, "loss": 0.14692916319920465}
{"samples": 6848, "loss": 0.15170577397713295}
{"samples": 7056, "loss": 0.1550635833006639}
{"samples": 7264, "loss": 0.18982179348285383}
{"samples": 7472, "loss": 0.18383557521379912}
{"samples": 7680, "loss": 0.17206850418677697}
{"samples": 7888, "loss": 0.2178334639622615}
{"samples": 8096, "loss": 0.13689020046821007}
{"samples": 8304, "loss": 0.14549335608115563}
{"samples": 8512, "loss": 0.07145022887449998}
{"samples": 8720, "loss": 0.15275510687094468}
{"samples": 8928, "loss": 0.10344937672981849}
{"samples": 9136, "loss": 0.11517469241068913}
{"samples": 9344, "loss": 0.1479275501691378}
{"samples": 9552, "loss": 0.17005723256331223}
{"samples": 9760, "loss": 0.21997697536761945}
{"samples": 9968, "loss": 0.1914673218360314}
{"samples": 10176, "loss": 0.13269707331290612}
{"samples": 10384, "loss": 0.13192661908956674}
{"samples": 10592, "loss": 0.11782382772519039}
{"samples": 10800, "loss": 0.15421373798297003}
{"samples": 11008, "loss": 0.15611158884488618}
{"samples": 11216, "loss": 0.10909037865125217}
{"samples": 11424, "loss": 0.16575887111517099}
{"samples": 11632, "loss": 0.11441275477409363}
{"samples": 11840, "loss": 0.10108104577431312}
{"samples": 12048, "loss": 0.14359202751746544}
{"samples": 12256, "loss": 0.12926399020048288}
{"samples": 12464, "loss": 0.13384093688084528}
{"samples": 12672, "loss": 0.11364120015731224}
{"samples": 12880, "loss": 0.13200436188624456}
{"samples": 13088, "loss": 0.10414395194787246}
{"samples": 13296, "loss": 0.1327469119658837}
{"samples": 13504, "loss": 0.08493630931927608}
{"samples": 13712, "loss": 0.10779402347711417}
{"samples": 13920, "loss": 0.07355777575419499}
{"samples": 14128, "loss": 0.1846420168876648}
{"samples": 14336, "loss": 0.1387098993246372}
{"samples": 14544, "loss": 0.13055730783022368}
{"samples": 14752, "loss": 0.14337643063985384}
{"samples": 14960, "loss": 0.09893007003344022}
{"samples": 15168, "loss": 0.11509224543204674}
{"samples": 15376, "loss": 0.16860678104253915}
{"samples": 15584,