{"samples": 448, "accuracy": 0.5001277890466531, "std": 0.010948257024919274, "lower_bound": 0.4787018255578093, "upper_bound": 0.5218179513184584}
{"samples": 960, "accuracy": 0.5451764705882354, "std": 0.011343919431226595, "lower_bound": 0.5233265720081136, "upper_bound": 0.565935598377282}
{"samples": 1472, "accuracy": 0.7046541582150101, "std": 0.01042914860267086, "lower_bound": 0.6850786004056795, "upper_bound": 0.7261663286004056}
{"samples": 1984, "accuracy": 0.7143504056795131, "std": 0.01022325954896662, "lower_bound": 0.6942190669371197, "upper_bound": 0.7347870182555781}
{"samples": 2496, "accuracy": 0.7499249492900608, "std": 0.009690112050020499, "lower_bound": 0.7307302231237323, "upper_bound": 0.7692697768762677}
{"samples": 3008, "accuracy": 0.6895131845841784, "std": 0.010446882550260956, "lower_bound": 0.6688514198782961, "upper_bound": 0.7094320486815415}
{"samples": 3520, "accuracy": 0.7762058823529412, "std": 0.009213959885213908, "lower_bound": 0.757606490872211, "upper_bound": 0.7946247464503042}
{"samples": 4032, "accuracy": 0.7689056795131847, "std": 0.00962982246447503, "lower_bound": 0.75, "upper_bound": 0.7865238336713997}
{"samples": 4544, "accuracy": 0.7303742393509128, "std": 0.010165631618381745, "lower_bound": 0.710446247464503, "upper_bound": 0.7495055780933063}
{"samples": 5056, "accuracy": 0.78673630831643, "std": 0.009118499667946896, "lower_bound": 0.7682555780933062, "upper_bound": 0.8037652129817444}
{"samples": 5568, "accuracy": 0.7885846855983772, "std": 0.009689090082993203, "lower_bound": 0.7702839756592292, "upper_bound": 0.8073022312373225}
{"samples": 6080, "accuracy": 0.7854036511156187, "std": 0.009252363571824216, "lower_bound": 0.7672287018255578, "upper_bound": 0.8042596348884381}
{"samples": 6592, "accuracy": 0.80727738336714, "std": 0.009315687710590163, "lower_bound": 0.789553752535497, "upper_bound": 0.8250507099391481}
{"samples": 7104, "accuracy": 0.7973296146044625, "std": 0.008530648430776343, "lower_bound": 0.7804259634888439, "upper_bound": 0.8144016227180527}
{"samples": 7616, "accuracy": 0.8125354969574037, "std": 0.009323703223935782, "lower_bound": 0.793090770791075, "upper_bound": 0.8306288032454361}
{"samples": 8128, "accuracy": 0.7640400608519269, "std": 0.009162137184945067, "lower_bound": 0.7469447261663286, "upper_bound": 0.781947261663286}
{"samples": 8640, "accuracy": 0.7707611561866127, "std": 0.009519560641423466, "lower_bound": 0.7515212981744422, "upper_bound": 0.7885395537525355}
{"samples": 9152, "accuracy": 0.7956673427991886, "std": 0.009079300780842606, "lower_bound": 0.7768762677484787, "upper_bound": 0.8118661257606491}
{"samples": 9664, "accuracy": 0.8110035496957404, "std": 0.008685942027430508, "lower_bound": 0.7936105476673428, "upper_bound": 0.8275988843813388}
{"samples": 10176, "accuracy": 0.7918078093306288, "std": 0.008741119417307769, "lower_bound": 0.7748478701825557, "upper_bound": 0.8088362068965518}
{"samples": 10688, "accuracy": 0.7990481744421907, "std": 0.008928381217692688, "lower_bound": 0.781947261663286, "upper_bound": 0.8169371196754563}
{"samples": 11200, "accuracy": 0.8165471602434078, "std": 0.008776184428349234, "lower_bound": 0.7996830628803245, "upper_bound": 0.8341784989858012}
{"samples": 11712, "accuracy": 0.8192327586206897, "std": 0.008790436985014007, "lower_bound": 0.8022312373225152, "upper_bound": 0.8356997971602435}
{"samples": 12224, "accuracy": 0.8234695740365112, "std": 0.008593592959290597, "lower_bound": 0.8062880324543611, "upper_bound": 0.840276369168357}
{"samples": 12736, "accuracy": 0.801698275862069, "std": 0.009235091618154608, "lower_bound": 0.7844827586206896, "upper_bound": 0.8199797160243407}
{"samples": 13248, "accuracy": 0.8271262677484787, "std": 0.008675733336350773, "lower_bound": 0.8103321501014198, "upper_bound": 0.8448275862068966}
{"samples": 13760, "accuracy": 0.8301470588235292, "std": 0.008517964197748, "lower_bound": 0.8128803245436106, "upper_bound": 0.847870182555781}
{"samples": 14272, "accuracy": 0.8296120689655172, "std": 0.008885460523686724, "lower_bound": 0.8113590263691683, "upper_bound": 0.8468559837728195}
{"samples": 14784, "accuracy": 0.8204442190669372, "std": 0.008475767662954999, "lower_bound": 0.802738336713996, "upper_bound": 0.8367139959432048}
{"samples": 15296, "accuracy": 0.8221501014198782, "std": 0.00831348584901206, "lower_bound": 0.806275354969574, "upper_bound": 0.8377281947261663}
{"samples": 192, "loss": 0.7549400329589844}
{"samples": 448, "loss": 0.7608475685119629}
{"samples": 704, "loss": 0.7011299133300781}
{"samples": 960, "loss": 0.6810942888259888}
{"samples": 1216, "loss": 0.6380638480186462}
{"samples": 1472, "loss": 0.6064006686210632}
{"samples": 1728, "loss": 0.6235218197107315}
{"samples": 1984, "loss": 0.5625879764556885}
{"samples": 2240, "loss": 0.5603102445602417}
{"samples": 2496, "loss": 0.5618380308151245}
{"samples": 2752, "loss": 0.5322911441326141}
{"samples": 3008, "loss": 0.5325386226177216}
{"samples": 3264, "loss": 0.5576272457838058}
{"samples": 3520, "loss": 0.5234644860029221}
{"samples": 3776, "loss": 0.5566389560699463}
{"samples": 4032, "loss": 0.5205883234739304}
{"samples": 4288, "loss": 0.5162070393562317}
{"samples": 4544, "loss": 0.5546145886182785}
{"samples": 4800, "loss": 0.46592824161052704}
{"samples": 5056, "loss": 0.4928259551525116}
{"samples": 5312, "loss": 0.46176912635564804}
{"samples": 5568, "loss": 0.49573393166065216}
{"samples": 5824, "loss": 0.49099089205265045}
{"samples": 6080, "loss": 0.49686646461486816}
{"samples": 6336, "loss": 0.4802713021636009}
{"samples": 6592, "loss": 0.4833652749657631}
{"samples": 6848, "loss": 0.5160216987133026}
{"samples": 7104, "loss": 0.4634155258536339}
{"samples": 7360, "loss": 0.4967285096645355}
{"samples": 7616, "loss": 0.47735031694173813}
{"samples": 7872, "loss": 0.47078177332878113}
{"samples": 8128, "loss": 0.4270319566130638}
{"samples": 8384, "loss": 0.5619906783103943}
{"samples": 8640, "loss": 0.5166095495223999}
{"samples": 8896, "loss": 0.4906450882554054}
{"samples": 9152, "loss": 0.48636142909526825}
{"samples": 9408, "loss": 0.46240925043821335}
{"samples": 9664, "loss": 0.4826318845152855}
{"samples": 9920, "loss": 0.46671725809574127}
{"samples": 10176, "loss": 0.46495305746793747}
{"samples": 10432, "loss": 0.4567839354276657}
{"samples": 10688, "loss": 0.4428917467594147}
{"samples": 10944, "loss": 0.4616246744990349}
{"samples": 11200, "loss": 0.4456230700016022}
{"samples": 11456, "loss": 0.492016963660717}
{"samples": 11712, "loss": 0.46976032108068466}
{"samples": 11968, "loss": 0.46163301914930344}
{"samples": 12224, "loss": 0.4725402966141701}
{"samples": 12480, "loss": 0.41314025968313217}
{"samples": 12736, "loss": 0.4940715581178665}
{"samples": 12992, "loss": 0.4668227583169937}
{"samples": 13248, "loss": 0.46208811551332474}
{"samples": 13504, "loss": 0.463360920548439}
{"samples": 13760, "loss": 0.4856666252017021}
{"samples": 14016, "loss": 0.4345490038394928}
{"samples": 14272, "loss": 0.470210462808609}
{"samples": 14528, "loss": 0.42887450009584427}
{"samples": 14784, "loss": 0.467618852853775}
{"samples": 15040, "loss": 0.4894788786768913}
{"samples": 15296, "loss": 0.5440045148134232}
{"samples": 15552, "loss": 0.4312063604593277}
