{"samples": 496, "accuracy": 0.7805763052208836, "std": 0.009480877709604821, "lower_bound": 0.7630522088353414, "upper_bound": 0.8002008032128514}
{"samples": 1000, "accuracy": 0.8204231927710843, "std": 0.00861459402479378, "lower_bound": 0.8032128514056225, "upper_bound": 0.8368473895582329}
{"samples": 1504, "accuracy": 0.9104764056224899, "std": 0.006453985178529812, "lower_bound": 0.8975903614457831, "upper_bound": 0.9231927710843374}
{"samples": 2008, "accuracy": 0.9373574297188755, "std": 0.005210479284043423, "lower_bound": 0.9267068273092369, "upper_bound": 0.947289156626506}
{"samples": 2512, "accuracy": 0.9258529116465863, "std": 0.005880517867096036, "lower_bound": 0.9146586345381527, "upper_bound": 0.9372489959839357}
{"samples": 3016, "accuracy": 0.9111777108433735, "std": 0.006335127431643987, "lower_bound": 0.8990963855421686, "upper_bound": 0.9236947791164659}
{"samples": 3520, "accuracy": 0.9602484939759035, "std": 0.004386952086965256, "lower_bound": 0.9513052208835341, "upper_bound": 0.9683734939759037}
{"samples": 4024, "accuracy": 0.9568308232931727, "std": 0.004619700132960874, "lower_bound": 0.947289156626506, "upper_bound": 0.9658634538152611}
{"samples": 4528, "accuracy": 0.939484437751004, "std": 0.005408511411057331, "lower_bound": 0.9292168674698795, "upper_bound": 0.9503012048192772}
{"samples": 5032, "accuracy": 0.9584191767068273, "std": 0.004572732691288609, "lower_bound": 0.9492971887550201, "upper_bound": 0.9673694779116466}
{"samples": 5536, "accuracy": 0.8831229919678715, "std": 0.007265085476605721, "lower_bound": 0.8684738955823293, "upper_bound": 0.8970883534136547}
{"samples": 6040, "accuracy": 0.9429352409638555, "std": 0.00516146464062436, "lower_bound": 0.9332329317269076, "upper_bound": 0.9533132530120482}
{"samples": 6544, "accuracy": 0.9453207831325301, "std": 0.005097316461502851, "lower_bound": 0.9342369477911646, "upper_bound": 0.9548192771084337}
{"samples": 7048, "accuracy": 0.9420868473895582, "std": 0.005113715876846482, "lower_bound": 0.9312248995983936, "upper_bound": 0.9518072289156626}
{"samples": 7552, "accuracy": 0.9489834337349398, "std": 0.004873626120952403, "lower_bound": 0.9392570281124498, "upper_bound": 0.9583333333333334}
{"samples": 8056, "accuracy": 0.9342429718875503, "std": 0.005510298110627006, "lower_bound": 0.9231927710843374, "upper_bound": 0.9447791164658634}
{"samples": 8560, "accuracy": 0.9370517068273093, "std": 0.005324706953727908, "lower_bound": 0.9267068273092369, "upper_bound": 0.947289156626506}
{"samples": 9064, "accuracy": 0.9626977911646586, "std": 0.004274101338402198, "lower_bound": 0.9538152610441767, "upper_bound": 0.9708835341365462}
{"samples": 9568, "accuracy": 0.9328900602409639, "std": 0.005502257908280972, "lower_bound": 0.9221887550200804, "upper_bound": 0.9432730923694779}
{"samples": 10072, "accuracy": 0.9739949799196789, "std": 0.0035378852141070083, "lower_bound": 0.9663654618473896, "upper_bound": 0.9809236947791165}
{"samples": 10576, "accuracy": 0.9462525100401605, "std": 0.005117990352746126, "lower_bound": 0.9357429718875502, "upper_bound": 0.9553338353413654}
{"samples": 11080, "accuracy": 0.9090943775100402, "std": 0.006215843587531235, "lower_bound": 0.8970758032128514, "upper_bound": 0.9211847389558233}
{"samples": 11584, "accuracy": 0.9368283132530121, "std": 0.0053946072769738744, "lower_bound": 0.9262048192771084, "upper_bound": 0.9467871485943775}
{"samples": 12088, "accuracy": 0.9479307228915662, "std": 0.004873066102314683, "lower_bound": 0.9382404618473895, "upper_bound": 0.9568273092369478}
{"samples": 12592, "accuracy": 0.9643654618473895, "std": 0.003887427289868868, "lower_bound": 0.9568273092369478, "upper_bound": 0.9718875502008032}
{"samples": 13096, "accuracy": 0.9354211847389559, "std": 0.005461702483571225, "lower_bound": 0.9246736947791164, "upper_bound": 0.945281124497992}
{"samples": 13600, "accuracy": 0.9438995983935743, "std": 0.00530056053648437, "lower_bound": 0.9337223895582328, "upper_bound": 0.9543172690763052}
{"samples": 14104, "accuracy": 0.9569578313253012, "std": 0.004574238128605261, "lower_bound": 0.9477911646586346, "upper_bound": 0.9653614457831325}
{"samples": 14608, "accuracy": 0.9663293172690762, "std": 0.00402768199119819, "lower_bound": 0.9588353413654619, "upper_bound": 0.9743975903614458}
{"samples": 15112, "accuracy": 0.9524342369477911, "std": 0.004715322698064756, "lower_bound": 0.9432605421686746, "upper_bound": 0.9613453815261044}
{"samples": 15616, "accuracy": 0.9524081325301205, "std": 0.004528774445371365, "lower_bound": 0.9432730923694779, "upper_bound": 0.9613453815261044}
{"samples": 192, "loss": 0.6905078125}
{"samples": 392, "loss": 0.68537109375}
{"samples": 592, "loss": 0.6721240234375}
{"samples": 792, "loss": 0.602366943359375}
{"samples": 992, "loss": 0.4472308349609375}
{"samples": 1192, "loss": 0.2739658737182617}
{"samples": 1392, "loss": 0.24584463119506836}
{"samples": 1592, "loss": 0.2074107551574707}
{"samples": 1792, "loss": 0.30391130447387693}
{"samples": 1992, "loss": 0.17209256172180176}
{"samples": 2192, "loss": 0.17926777124404908}
{"samples": 2392, "loss": 0.1591373062133789}
{"samples": 2592, "loss": 0.10882066249847412}
{"samples": 2792, "loss": 0.1398968493938446}
{"samples": 2992, "loss": 0.1603557860851288}
{"samples": 3192, "loss": 0.15278947114944458}
{"samples": 3392, "loss": 0.11891693115234375}
{"samples": 3592, "loss": 0.10994482517242432}
{"samples": 3792, "loss": 0.1813194513320923}
{"samples": 3992, "loss": 0.14058744192123412}
{"samples": 4192, "loss": 0.12287335157394409}
{"samples": 4392, "loss": 0.10401628732681274}
{"samples": 4592, "loss": 0.1233393156528473}
{"samples": 4792, "loss": 0.12174732983112335}
{"samples": 4992, "loss": 0.1782141673564911}
{"samples": 5192, "loss": 0.11080469846725464}
{"samples": 5392, "loss": 0.08891971707344055}
{"samples": 5592, "loss": 0.19235147595405577}
{"samples": 5792, "loss": 0.18011262655258178}
{"samples": 5992, "loss": 0.1674450707435608}
{"samples": 6192, "loss": 0.10728729248046875}
{"samples": 6392, "loss": 0.062421157360076904}
{"samples": 6592, "loss": 0.10584261894226074}
{"samples": 6792, "loss": 0.13005518198013305}
{"samples": 6992, "loss": 0.09027877330780029}
{"samples": 7192, "loss": 0.11208420991897583}
{"samples": 7392, "loss": 0.14157476186752319}
{"samples": 7592, "loss": 0.10780911684036255}
{"samples": 7792, "loss": 0.1125539368391037}
{"samples": 7992, "loss": 0.1040552031993866}
{"samples": 8192, "loss": 0.11631328403949738}
{"samples": 8392, "loss": 0.17740703105926514}
{"samples": 8592, "loss": 0.18936503291130066}
{"samples": 8792, "loss": 0.09880327463150024}
{"samples": 8992, "loss": 0.08887984633445739}
{"samples": 9192, "loss": 0.0856950330734253}
{"samples": 9392, "loss": 0.07229735851287841}
{"samples": 9592, "loss": 0.07263287782669067}
{"samples": 9792, "loss": 0.09112637996673584}
{"samples": 9992, "loss": 0.1135342037677765}
{"samples": 10192, "loss": 0.07343173265457154}
{"samples": 10392, "loss": 0.06342621862888337}
{"samples": 10592, "loss": 0.09017374098300934}
{"samples": 10792, "loss": 0.054290514588356015}
{"samples": 10992, "loss": 0.0893988287448883}
{"samples": 11192, "loss": 0.0895568734407425}
{"samples": 11392, "loss": 0.07450883507728577}
{"samples": 11592, "loss": 0.07286557853221894}
{"samples": 11792, "loss": 0.07445780813694}
{"samples": 11992, "loss": 0.09264874458312988}
{"samples": 12192, "loss": 0.061682666540145877}
{"samples": 12392, "loss": 0.03220544397830963}
{"samples": 12592, "loss": 0.06938913583755493}
{"samples": 12792, "loss": 0.11421964466571807}
{"samples": 12992, "loss": 0.10836594104766846}
{"samples": 13192, "loss": 0.12712049543857573}
{"samples": 13392, "loss": 0.08851927876472473}
{"samples": 13592, "loss": 0.09176982760429382}
{"samples": 13792, "loss": 0.04674839198589325}
{"samples": 13992, "loss": 0.04478581845760345}
{"samples": 14192, "loss": 0.08020306885242462}
{"samples": 14392,