{"samples": 192, "accuracy": 0.5159583333333333, "std": 0.011265137186183537, "lower_bound": 0.4939759036144578, "upper_bound": 0.5386546184738956}
{"samples": 400, "accuracy": 0.6771897590361445, "std": 0.010171908636974012, "lower_bound": 0.6566265060240963, "upper_bound": 0.6967871485943775}
{"samples": 608, "accuracy": 0.8064628514056225, "std": 0.009042937596125135, "lower_bound": 0.7886546184738956, "upper_bound": 0.8237951807228916}
{"samples": 816, "accuracy": 0.8391666666666667, "std": 0.008355676004657827, "lower_bound": 0.8227911646586346, "upper_bound": 0.856425702811245}
{"samples": 1024, "accuracy": 0.6586827309236948, "std": 0.01073340582991559, "lower_bound": 0.6385542168674698, "upper_bound": 0.6802208835341366}
{"samples": 1232, "accuracy": 0.8594272088353414, "std": 0.007351025490013385, "lower_bound": 0.8453689759036144, "upper_bound": 0.8734939759036144}
{"samples": 1440, "accuracy": 0.8628689759036144, "std": 0.007734081381279944, "lower_bound": 0.8478915662650602, "upper_bound": 0.8775100401606426}
{"samples": 1648, "accuracy": 0.921035140562249, "std": 0.005954483918512739, "lower_bound": 0.9096385542168675, "upper_bound": 0.9322289156626506}
{"samples": 1856, "accuracy": 0.8200235943775102, "std": 0.00871139198630778, "lower_bound": 0.8022088353413654, "upper_bound": 0.836859939759036}
{"samples": 2064, "accuracy": 0.7207951807228915, "std": 0.010287184850993667, "lower_bound": 0.7007906626506024, "upper_bound": 0.7404743975903614}
{"samples": 2272, "accuracy": 0.9441360441767067, "std": 0.005163465324886365, "lower_bound": 0.9337223895582328, "upper_bound": 0.9538152610441767}
{"samples": 2480, "accuracy": 0.8130476907630522, "std": 0.00889676246568654, "lower_bound": 0.7956827309236948, "upper_bound": 0.8298318273092369}
{"samples": 2688, "accuracy": 0.7546320281124498, "std": 0.009475213381465158, "lower_bound": 0.7359437751004017, "upper_bound": 0.7730923694779116}
{"samples": 2896, "accuracy": 0.9159051204819277, "std": 0.0065096663343201305, "lower_bound": 0.9031124497991968, "upper_bound": 0.927710843373494}
{"samples": 3104, "accuracy": 0.9095140562248996, "std": 0.006279165269780529, "lower_bound": 0.8965863453815262, "upper_bound": 0.9216867469879518}
{"samples": 3312, "accuracy": 0.9418102409638555, "std": 0.005257599024503453, "lower_bound": 0.9312123493975903, "upper_bound": 0.9513052208835341}
{"samples": 3520, "accuracy": 0.9584332329317269, "std": 0.004507892341148055, "lower_bound": 0.9497991967871486, "upper_bound": 0.9663654618473896}
{"samples": 3728, "accuracy": 0.9406967871485944, "std": 0.005301798448568688, "lower_bound": 0.929718875502008, "upper_bound": 0.9497991967871486}
{"samples": 3936, "accuracy": 0.952402610441767, "std": 0.00469642946230003, "lower_bound": 0.9432730923694779, "upper_bound": 0.960855923694779}
{"samples": 4144, "accuracy": 0.8868017068273093, "std": 0.007146837115786572, "lower_bound": 0.8719879518072289, "upper_bound": 0.9006149598393574}
{"samples": 4352, "accuracy": 0.8917665662650602, "std": 0.006669452059255947, "lower_bound": 0.8785140562248996, "upper_bound": 0.9041164658634538}
{"samples": 4560, "accuracy": 0.9072871485943775, "std": 0.006456224262564035, "lower_bound": 0.8945783132530121, "upper_bound": 0.9196787148594378}
{"samples": 4768, "accuracy": 0.9266270080321285, "std": 0.005943184003191284, "lower_bound": 0.9146586345381527, "upper_bound": 0.9382655622489959}
{"samples": 4976, "accuracy": 0.9392038152610441, "std": 0.005330719359147104, "lower_bound": 0.928714859437751, "upper_bound": 0.9492971887550201}
{"samples": 5184, "accuracy": 0.9428388554216868, "std": 0.00528017897284194, "lower_bound": 0.9317269076305221, "upper_bound": 0.9528237951807228}
{"samples": 5392, "accuracy": 0.8609809236947791, "std": 0.007755114644955336, "lower_bound": 0.8453815261044176, "upper_bound": 0.8765060240963856}
{"samples": 5600, "accuracy": 0.934676204819277, "std": 0.005435830850400034, "lower_bound": 0.9241967871485943, "upper_bound": 0.9447791164658634}
{"samples": 5808, "accuracy": 0.8739131526104418, "std": 0.00728617188536842, "lower_bound": 0.8599397590361446, "upper_bound": 0.8880522088353414}
{"samples": 6016, "accuracy": 0.8332469879518071, "std": 0.008478058371491869, "lower_bound": 0.8162650602409639, "upper_bound": 0.8498995983935743}
{"samples": 6224, "accuracy": 0.9279553212851406, "std": 0.005563595170599582, "lower_bound": 0.9166666666666666, "upper_bound": 0.9382530120481928}
{"samples": 6432, "accuracy": 0.9391792168674699, "std": 0.005237966698091969, "lower_bound": 0.928714859437751, "upper_bound": 0.9492971887550201}
{"samples": 6640, "accuracy": 0.9197545180722893, "std": 0.005973056009816218, "lower_bound": 0.9081325301204819, "upper_bound": 0.9312248995983936}
{"samples": 6848, "accuracy": 0.9072665662650602, "std": 0.006424396182884135, "lower_bound": 0.8945783132530121, "upper_bound": 0.9196787148594378}
{"samples": 7056, "accuracy": 0.8866772088353414, "std": 0.0070609687915838696, "lower_bound": 0.8719879518072289, "upper_bound": 0.9001004016064257}
{"samples": 7264, "accuracy": 0.9385527108433734, "std": 0.005471348463736234, "lower_bound": 0.9282003012048192, "upper_bound": 0.9492971887550201}
{"samples": 7472, "accuracy": 0.9191159638554217, "std": 0.00613679634177425, "lower_bound": 0.9061244979919679, "upper_bound": 0.9307228915662651}
{"samples": 7680, "accuracy": 0.9433182730923695, "std": 0.005129723823656768, "lower_bound": 0.9327309236947792, "upper_bound": 0.9528363453815261}
{"samples": 7888, "accuracy": 0.8650296184738957, "std": 0.007238804018232376, "lower_bound": 0.8509036144578314, "upper_bound": 0.8785140562248996}
{"samples": 8096, "accuracy": 0.9050868473895582, "std": 0.006613343973893998, "lower_bound": 0.8925577309236947, "upper_bound": 0.9176706827309237}
{"samples": 8304, "accuracy": 0.9405587349397592, "std": 0.005208737972378623, "lower_bound": 0.9302208835341366, "upper_bound": 0.9503012048192772}
{"samples": 8512, "accuracy": 0.8834648594377509, "std": 0.0072524604716062676, "lower_bound": 0.8689759036144579, "upper_bound": 0.8975903614457831}
{"samples": 8720, "accuracy": 0.9281385542168674, "std": 0.00561387966641191, "lower_bound": 0.9166666666666666, "upper_bound": 0.9387550200803213}
{"samples": 8928, "accuracy": 0.9364779116465863, "std": 0.005456268560007456, "lower_bound": 0.9262048192771084, "upper_bound": 0.9467871485943775}
{"samples": 9136, "accuracy": 0.8651164658634538, "std": 0.0075737134421807436, "lower_bound": 0.8504016064257028, "upper_bound": 0.8800200803212851}
{"samples": 9344, "accuracy": 0.9142751004016064, "std": 0.006326343064575337, "lower_bound": 0.9021084337349398, "upper_bound": 0.9267068273092369}
{"samples": 9552, "accuracy": 0.9329814257028112, "std": 0.005676510047227003, "lower_bound": 0.9211847389558233, "upper_bound": 0.9442771084337349}
{"samples": 9760, "accuracy": 0.9353810240963856, "std": 0.005870557546100902, "lower_bound": 0.9236947791164659, "upper_bound": 0.9467871485943775}
{"samples": 9968, "accuracy": 0.935097891566265, "std": 0.005528605477929152, "lower_bound": 0.9246862449799196, "upper_bound": 0.9452936746987951}
{"samples": 10176, "accuracy": 0.9075582329317269, "std": 0.0061630817678976395, "lower_bound": 0.8955823293172691, "upper_bound": 0.9186746987951807}
{"samples": 10384, "accuracy": 0.9119829317269076, "std": 0.006402976172158384, "lower_bound": 0.8990963855421686, "upper_bound": 0.9241967871485943}
{"samples": 10592, "accuracy": 0.9303458835341365, "std": 0.0057800507872362685, "lower_bound": 0.9191767068273092, "upper_bound": 0.9417670682730924}
{"samples": 10800, "accuracy": 0.9544051204819277, "std": 0.0046551704496756744, "lower_bound": 0.9447791164658634, "upper_bound": 0.9633534136546185}
{"samples": 11008, "accuracy": 0.9064553212851406, "std": 0.006494647677159108, "lower_bound": 0.8940763052208835, "upper_bound": 0.9186872489959839}
{"samples": 11216, "accuracy": 0.9486726907630523, "std": 0.004856845702533993, "lower_bound": 0.9392570281124498,