{"train/loss": 0.4491402879357338, "train/learning_rate": 0.0, "train/epoch": 0, "_timestamp": 1718007562.631689, "_runtime": 157.23822116851807, "_step": 15808, "eval/accuracy": 0.7992922143579373, "eval/loss": 0.40511318560569515, "_wandb": {"runtime": 156}}