{"samples": 448, "accuracy": 0.7350401606425703, "std": 0.00991798149797841, "lower_bound": 0.7153614457831325, "upper_bound": 0.7540286144578313}
{"samples": 960, "accuracy": 0.7584764056224899, "std": 0.009676857863461013, "lower_bound": 0.7394578313253012, "upper_bound": 0.7771209839357429}
{"samples": 1472, "accuracy": 0.7978192771084337, "std": 0.009213816418473878, "lower_bound": 0.7796059236947791, "upper_bound": 0.8162650602409639}
{"samples": 1984, "accuracy": 0.8178368473895582, "std": 0.008669430744925379, "lower_bound": 0.8001882530120481, "upper_bound": 0.8333333333333334}
{"samples": 2496, "accuracy": 0.847187751004016, "std": 0.007879485769208643, "lower_bound": 0.8313253012048193, "upper_bound": 0.8619477911646586}
{"samples": 3008, "accuracy": 0.6480712851405621, "std": 0.010732131442733453, "lower_bound": 0.6274974899598393, "upper_bound": 0.6686746987951807}
{"samples": 3520, "accuracy": 0.8340853413654619, "std": 0.008470915069488183, "lower_bound": 0.8177710843373494, "upper_bound": 0.8509036144578314}
{"samples": 4032, "accuracy": 0.8437530120481926, "std": 0.008100214440138373, "lower_bound": 0.8273092369477911, "upper_bound": 0.8589357429718876}
{"samples": 4544, "accuracy": 0.8620712851405623, "std": 0.007622649116941374, "lower_bound": 0.8463855421686747, "upper_bound": 0.8770080321285141}
{"samples": 5056, "accuracy": 0.7778925702811246, "std": 0.00930785919329539, "lower_bound": 0.7600401606425703, "upper_bound": 0.7961847389558233}
{"samples": 5568, "accuracy": 0.8554769076305221, "std": 0.007785235019983792, "lower_bound": 0.8403614457831325, "upper_bound": 0.8704819277108434}
{"samples": 6080, "accuracy": 0.8525311244979918, "std": 0.00780801539403436, "lower_bound": 0.8378388554216867, "upper_bound": 0.8684738955823293}
{"samples": 6592, "accuracy": 0.8571340361445782, "std": 0.00755628118018565, "lower_bound": 0.8423694779116466, "upper_bound": 0.8719879518072289}
{"samples": 7104, "accuracy": 0.8574211847389559, "std": 0.007741554896854545, "lower_bound": 0.8428714859437751, "upper_bound": 0.8719879518072289}
{"samples": 7616, "accuracy": 0.8677098393574297, "std": 0.007677630096266586, "lower_bound": 0.8529116465863453, "upper_bound": 0.8830321285140562}
{"samples": 8128, "accuracy": 0.8677771084337349, "std": 0.007500669582966283, "lower_bound": 0.8534136546184738, "upper_bound": 0.8825426706827308}
{"samples": 8640, "accuracy": 0.8776044176706828, "std": 0.00755922514602585, "lower_bound": 0.8624497991967871, "upper_bound": 0.892570281124498}
{"samples": 9152, "accuracy": 0.8529779116465863, "std": 0.008174050142020326, "lower_bound": 0.8368473895582329, "upper_bound": 0.867984437751004}
{"samples": 9664, "accuracy": 0.7539241967871486, "std": 0.009525905144111812, "lower_bound": 0.7354417670682731, "upper_bound": 0.773117469879518}
{"samples": 10176, "accuracy": 0.7246566265060241, "std": 0.009538571962880342, "lower_bound": 0.7058232931726908, "upper_bound": 0.7434738955823293}
{"samples": 10688, "accuracy": 0.843039156626506, "std": 0.008300311442203844, "lower_bound": 0.8263052208835341, "upper_bound": 0.8589357429718876}
{"samples": 11200, "accuracy": 0.8395476907630521, "std": 0.008241488338656379, "lower_bound": 0.8242971887550201, "upper_bound": 0.8549447791164658}
{"samples": 11712, "accuracy": 0.8591546184738955, "std": 0.00792810247117219, "lower_bound": 0.8438755020080321, "upper_bound": 0.875}
{"samples": 12224, "accuracy": 0.8221420682730923, "std": 0.009163938358349277, "lower_bound": 0.8032003012048192, "upper_bound": 0.838855421686747}
{"samples": 12736, "accuracy": 0.8290923694779117, "std": 0.008360073708163636, "lower_bound": 0.8127510040160643, "upper_bound": 0.8453815261044176}
{"samples": 13248, "accuracy": 0.8789051204819277, "std": 0.0071542425391857515, "lower_bound": 0.8644578313253012, "upper_bound": 0.8930722891566265}
{"samples": 13760, "accuracy": 0.8296511044176706, "std": 0.00832499423989523, "lower_bound": 0.8132530120481928, "upper_bound": 0.8453815261044176}
{"samples": 14272, "accuracy": 0.8743539156626506, "std": 0.007448767894685723, "lower_bound": 0.8599397590361446, "upper_bound": 0.8880647590361446}
{"samples": 14784, "accuracy": 0.8461385542168676, "std": 0.007969255936207054, "lower_bound": 0.8298192771084337, "upper_bound": 0.8614457831325302}
{"samples": 15296, "accuracy": 0.8664804216867469, "std": 0.007419572725194137, "lower_bound": 0.8523970883534137, "upper_bound": 0.8810240963855421}
{"samples": 15808, "accuracy": 0.8735737951807229, "std": 0.007523251870739491, "lower_bound": 0.8594377510040161, "upper_bound": 0.8890562248995983}
{"samples": 192, "loss": 0.7105007171630859}
{"samples": 448, "loss": 0.6745443344116211}
{"samples": 704, "loss": 0.6436378955841064}
{"samples": 960, "loss": 0.6058827638626099}
{"samples": 1216, "loss": 0.5772081613540649}
{"samples": 1472, "loss": 0.5490964651107788}
{"samples": 1728, "loss": 0.4836954176425934}
{"samples": 1984, "loss": 0.5550243258476257}
{"samples": 2240, "loss": 0.4809299409389496}
{"samples": 2496, "loss": 0.47507011890411377}
{"samples": 2752, "loss": 0.5160770937800407}
{"samples": 3008, "loss": 0.4798816964030266}
{"samples": 3264, "loss": 0.46137145161628723}
{"samples": 3520, "loss": 0.4661925584077835}
{"samples": 3776, "loss": 0.5004391372203827}
{"samples": 4032, "loss": 0.4767066389322281}
{"samples": 4288, "loss": 0.4706129804253578}
{"samples": 4544, "loss": 0.5177080258727074}
{"samples": 4800, "loss": 0.46858230978250504}
{"samples": 5056, "loss": 0.4533744305372238}
{"samples": 5312, "loss": 0.45280902832746506}
{"samples": 5568, "loss": 0.44121239334344864}
{"samples": 5824, "loss": 0.5046307742595673}
{"samples": 6080, "loss": 0.464434877038002}
{"samples": 6336, "loss": 0.44219981133937836}
{"samples": 6592, "loss": 0.412680484354496}
{"samples": 6848, "loss": 0.4908945709466934}
{"samples": 7104, "loss": 0.4698266535997391}
{"samples": 7360, "loss": 0.41517373919487}
{"samples": 7616, "loss": 0.4441210553050041}
{"samples": 7872, "loss": 0.4373069778084755}
{"samples": 8128, "loss": 0.4307979717850685}
{"samples": 8384, "loss": 0.4179832860827446}
{"samples": 8640, "loss": 0.4659740924835205}
{"samples": 8896, "loss": 0.4126352444291115}
{"samples": 9152, "loss": 0.4877375215291977}
{"samples": 9408, "loss": 0.4234885573387146}
{"samples": 9664, "loss": 0.42021988332271576}
{"samples": 9920, "loss": 0.5040954574942589}
{"samples": 10176, "loss": 0.43220172822475433}
{"samples": 10432, "loss": 0.45966411381959915}
{"samples": 10688, "loss": 0.4286191910505295}
{"samples": 10944, "loss": 0.4928003177046776}
{"samples": 11200, "loss": 0.41576550155878067}
{"samples": 11456, "loss": 0.41713055968284607}
{"samples": 11712, "loss": 0.4843749552965164}
{"samples": 11968, "loss": 0.4247887283563614}
{"samples": 12224, "loss": 0.4883587807416916}
{"samples": 12480, "loss": 0.4252640977501869}
{"samples": 12736, "loss": 0.4260801002383232}
{"samples": 12992, "loss": 0.42570810765028}
{"samples": 13248, "loss": 0.3796786591410637}
{"samples": 13504, "loss": 0.38097044080495834}
{"samples": 13760, "loss": 0.3785296604037285}
{"samples": 14016, "loss": 0.3670261725783348}
{"samples": 14272, "loss": 0.3898567259311676}
{"samples": 14528, "loss": 0.440833255648613}
{"samples": 14784, "loss": 0.3705306127667427}
{"samples": 15040, "loss": 0.4065564349293709}
{"samples": 15296, "loss": 0.4403325915336609}
{"samples": 15552, "loss": 0.39259790629148483}
{"samples": 15808, "loss": 0.43578624725341797}
