{"samples": 496, "accuracy": 0.6070273833671399, "std": 0.010852337341296082, "lower_bound": 0.584685598377282, "upper_bound": 0.6283088235294118}
{"samples": 1008, "accuracy": 0.7783331643002029, "std": 0.009627637805061548, "lower_bound": 0.7601419878296146, "upper_bound": 0.7976800202839757}
{"samples": 1520, "accuracy": 0.7909528397565924, "std": 0.00886770143112547, "lower_bound": 0.7738336713995944, "upper_bound": 0.808316430020284}
{"samples": 2032, "accuracy": 0.7359361054766734, "std": 0.010217533596302831, "lower_bound": 0.7155172413793104, "upper_bound": 0.7545765720081136}
{"samples": 2544, "accuracy": 0.8132712981744421, "std": 0.008298361348542099, "lower_bound": 0.7971475659229208, "upper_bound": 0.8296146044624746}
{"samples": 3056, "accuracy": 0.8706206896551724, "std": 0.007451557751375592, "lower_bound": 0.8554766734279919, "upper_bound": 0.8848884381338742}
{"samples": 3568, "accuracy": 0.887642494929006, "std": 0.007075649212378862, "lower_bound": 0.8742393509127789, "upper_bound": 0.9011282961460446}
{"samples": 4080, "accuracy": 0.9056820486815416, "std": 0.006385526640219263, "lower_bound": 0.8935091277890467, "upper_bound": 0.9178498985801217}
{"samples": 4592, "accuracy": 0.7863762677484788, "std": 0.009703015837797814, "lower_bound": 0.7677484787018256, "upper_bound": 0.8057936105476674}
{"samples": 5104, "accuracy": 0.8830892494929007, "std": 0.007346218091688338, "lower_bound": 0.8681541582150102, "upper_bound": 0.896551724137931}
{"samples": 5616, "accuracy": 0.8837261663286003, "std": 0.007140397656199511, "lower_bound": 0.8691683569979716, "upper_bound": 0.8980730223123732}
{"samples": 6128, "accuracy": 0.8603737322515214, "std": 0.007804346144444851, "lower_bound": 0.845841784989858, "upper_bound": 0.8752535496957403}
{"samples": 6640, "accuracy": 0.8467297160243409, "std": 0.008045240105159966, "lower_bound": 0.8301217038539553, "upper_bound": 0.8620816430020284}
{"samples": 7152, "accuracy": 0.9053843813387423, "std": 0.0063727137552844195, "lower_bound": 0.8924822515212981, "upper_bound": 0.917355476673428}
{"samples": 7664, "accuracy": 0.9234518255578094, "std": 0.006060904685959342, "lower_bound": 0.9112576064908722, "upper_bound": 0.9350912778904665}
{"samples": 8176, "accuracy": 0.8952418864097363, "std": 0.006873789975687703, "lower_bound": 0.8813387423935092, "upper_bound": 0.9087347870182556}
{"samples": 8688, "accuracy": 0.9046120689655172, "std": 0.0066019194601948635, "lower_bound": 0.8914807302231237, "upper_bound": 0.9173427991886409}
{"samples": 9200, "accuracy": 0.881713995943205, "std": 0.007062101428193197, "lower_bound": 0.8676470588235294, "upper_bound": 0.8950304259634888}
{"samples": 9712, "accuracy": 0.9382809330628804, "std": 0.00532623125963786, "lower_bound": 0.9279792089249492, "upper_bound": 0.9487956389452333}
{"samples": 10224, "accuracy": 0.8229102434077079, "std": 0.00843512485783924, "lower_bound": 0.8062880324543611, "upper_bound": 0.8392494929006086}
{"samples": 10736, "accuracy": 0.8537292089249493, "std": 0.008095871308824805, "lower_bound": 0.8387423935091278, "upper_bound": 0.8691683569979716}
{"samples": 11248, "accuracy": 0.8932814401622718, "std": 0.00688680179363555, "lower_bound": 0.8798047667342799, "upper_bound": 0.9066937119675457}
{"samples": 11760, "accuracy": 0.9088260649087221, "std": 0.006713141307604504, "lower_bound": 0.896551724137931, "upper_bound": 0.9224137931034483}
{"samples": 12272, "accuracy": 0.8197920892494929, "std": 0.008753997031635721, "lower_bound": 0.8027256592292089, "upper_bound": 0.8367139959432048}
{"samples": 12784, "accuracy": 0.9102378296146044, "std": 0.006404263376337422, "lower_bound": 0.8975659229208925, "upper_bound": 0.922920892494929}
{"samples": 13296, "accuracy": 0.8946861054766735, "std": 0.0069699507904022965, "lower_bound": 0.8808316430020284, "upper_bound": 0.907707910750507}
{"samples": 13808, "accuracy": 0.8563975659229208, "std": 0.007888487161587965, "lower_bound": 0.8407707910750507, "upper_bound": 0.8722109533468559}
{"samples": 14320, "accuracy": 0.8798433062880324, "std": 0.007381395580087375, "lower_bound": 0.8656186612576064, "upper_bound": 0.8940162271805274}
{"samples": 14832, "accuracy": 0.8608174442190669, "std": 0.007780712294372017, "lower_bound": 0.8463488843813387, "upper_bound": 0.8762677484787018}
{"samples": 15344, "accuracy": 0.8686648073022314, "std": 0.007258201844082212, "lower_bound": 0.8539553752535497, "upper_bound": 0.8818458417849898}
{"samples": 192, "loss": 0.7107215294471154}
{"samples": 400, "loss": 0.6881479116586539}
{"samples": 608, "loss": 0.6774221567007211}
{"samples": 816, "loss": 0.6348360501802884}
{"samples": 1024, "loss": 0.6131735581618089}
{"samples": 1232, "loss": 0.5239335573636569}
{"samples": 1440, "loss": 0.519586430146144}
{"samples": 1648, "loss": 0.45123621133657604}
{"samples": 1856, "loss": 0.4552575441507193}
{"samples": 2064, "loss": 0.39836356273064244}
{"samples": 2272, "loss": 0.39296976648844206}
{"samples": 2480, "loss": 0.45745980510344875}
{"samples": 2688, "loss": 0.3885578421445993}
{"samples": 2896, "loss": 0.28081375589737523}
{"samples": 3104, "loss": 0.3390107527375221}
{"samples": 3312, "loss": 0.2831191007907574}
{"samples": 3520, "loss": 0.30023356355153596}
{"samples": 3728, "loss": 0.30815644218371463}
{"samples": 3936, "loss": 0.2986302954646257}
{"samples": 4144, "loss": 0.3517641700231112}
{"samples": 4352, "loss": 0.42569796626384443}
{"samples": 4560, "loss": 0.29634025463691127}
{"samples": 4768, "loss": 0.24230279601537263}
{"samples": 4976, "loss": 0.306721809391792}
{"samples": 5184, "loss": 0.18083789486151475}
{"samples": 5392, "loss": 0.24493963099442995}
{"samples": 5600, "loss": 0.2235206474478428}
{"samples": 5808, "loss": 0.2992289668092361}
{"samples": 6016, "loss": 0.18810815994556135}
{"samples": 6224, "loss": 0.22802039579703257}
{"samples": 6432, "loss": 0.21283951516334826}
{"samples": 6640, "loss": 0.17106095816080386}
{"samples": 6848, "loss": 0.15629575630793205}
{"samples": 7056, "loss": 0.15732153677023375}
{"samples": 7264, "loss": 0.21741149574518204}
{"samples": 7472, "loss": 0.19621437501448852}
{"samples": 7680, "loss": 0.1683079101718389}
{"samples": 7888, "loss": 0.2353936920945461}
{"samples": 8096, "loss": 0.2042275329048817}
{"samples": 8304, "loss": 0.1646002559707715}
{"samples": 8512, "loss": 0.13677940918849066}
{"samples": 8720, "loss": 0.14834785346801466}
{"samples": 8928, "loss": 0.1736716954753949}
{"samples": 9136, "loss": 0.13696051904788384}
{"samples": 9344, "loss": 0.15040287375450134}
{"samples": 9552, "loss": 0.202603640464636}
{"samples": 9760, "loss": 0.28916787986571973}
{"samples": 9968, "loss": 0.2256370519216244}
{"samples": 10176, "loss": 0.1836229356435629}
{"samples": 10384, "loss": 0.17046071359744439}
{"samples": 10592, "loss": 0.13223351079684037}
{"samples": 10800, "loss": 0.1383263090482125}
{"samples": 11008, "loss": 0.15917502114405999}
{"samples": 11216, "loss": 0.14979200810194016}
{"samples": 11424, "loss": 0.2917458821947758}
{"samples": 11632, "loss": 0.13923847274138376}
{"samples": 11840, "loss": 0.1424925929078689}
{"samples": 12048, "loss": 0.17526166886091232}
{"samples": 12256, "loss": 0.18851484988744444}
{"samples": 12464, "loss": 0.1862893087359575}
{"samples": 12672, "loss": 0.11700182981215991}
{"samples": 12880, "loss": 0.17245498872720277}
{"samples": 13088, "loss": 0.1522087168235045}
{"samples": 13296, "loss": 0.1812400072813034}
{"samples": 13504, "loss": 0.13118234964517447}
{"samples": 13712, "loss": 0.12625782363689864}
{"samples": 13920, "loss": 0.09187154873059346}
{"samples": 14128, "loss": 0.2145464913203166}
{"samples": 14336, "loss": 0.2013507789144149}
{"samples": 14544, "loss": 0.1471084081209623}
{"samples": 14752, "loss": 0.13362207607581064}
{"samples": 14960, "loss": 0.12205065557589898}
{"samples": 15168, "loss": 0.1431411418777246}
{"samples": 15376, "loss": 0.14183840728723085}
{"samples": 15584, "loss": 0.17192892672923896}
