{"samples": 496, "accuracy": 0.7794964859437751, "std": 0.009371078893764104, "lower_bound": 0.7605421686746988, "upper_bound": 0.7981927710843374}
{"samples": 1008, "accuracy": 0.8404583333333334, "std": 0.008267628044309736, "lower_bound": 0.8242971887550201, "upper_bound": 0.8569402610441766}
{"samples": 1520, "accuracy": 0.8324126506024098, "std": 0.008436400599480687, "lower_bound": 0.8152610441767069, "upper_bound": 0.8483935742971888}
{"samples": 2032, "accuracy": 0.8849221887550202, "std": 0.0069148171548595976, "lower_bound": 0.8709839357429718, "upper_bound": 0.8980923694779116}
{"samples": 2544, "accuracy": 0.845875, "std": 0.008171338667719666, "lower_bound": 0.829304718875502, "upper_bound": 0.8614457831325302}
{"samples": 3056, "accuracy": 0.860187751004016, "std": 0.007669262718390818, "lower_bound": 0.8448795180722891, "upper_bound": 0.876004016064257}
{"samples": 3568, "accuracy": 0.9430165662650601, "std": 0.005155353124085567, "lower_bound": 0.9327309236947792, "upper_bound": 0.9528112449799196}
{"samples": 4080, "accuracy": 0.8906852409638555, "std": 0.006966507377063263, "lower_bound": 0.8770080321285141, "upper_bound": 0.9041164658634538}
{"samples": 4592, "accuracy": 0.9156676706827309, "std": 0.006137977709849309, "lower_bound": 0.9041164658634538, "upper_bound": 0.927710843373494}
{"samples": 5104, "accuracy": 0.9461661646586346, "std": 0.004968125501804217, "lower_bound": 0.9362449799196787, "upper_bound": 0.9558232931726908}
{"samples": 5616, "accuracy": 0.9444733935742972, "std": 0.005196016403393202, "lower_bound": 0.9337349397590361, "upper_bound": 0.9538278112449798}
{"samples": 6128, "accuracy": 0.8699814257028113, "std": 0.007419213221970858, "lower_bound": 0.8549196787148594, "upper_bound": 0.8840361445783133}
{"samples": 6640, "accuracy": 0.8387058232931727, "std": 0.008051232239048108, "lower_bound": 0.8227911646586346, "upper_bound": 0.854430220883534}
{"samples": 7152, "accuracy": 0.8784302208835341, "std": 0.00719388389134059, "lower_bound": 0.8644578313253012, "upper_bound": 0.892570281124498}
{"samples": 7664, "accuracy": 0.9019769076305221, "std": 0.0066776759721787265, "lower_bound": 0.8885416666666666, "upper_bound": 0.9136546184738956}
{"samples": 8176, "accuracy": 0.8256114457831325, "std": 0.008331398805310435, "lower_bound": 0.8092243975903614, "upper_bound": 0.8418674698795181}
{"samples": 8688, "accuracy": 0.8954236947791164, "std": 0.0070512410598321746, "lower_bound": 0.8805220883534136, "upper_bound": 0.9086345381526104}
{"samples": 9200, "accuracy": 0.8272881526104416, "std": 0.008440041089953484, "lower_bound": 0.8097389558232931, "upper_bound": 0.8438755020080321}
{"samples": 9712, "accuracy": 0.8344638554216868, "std": 0.00825711650055047, "lower_bound": 0.8187751004016064, "upper_bound": 0.8504016064257028}
{"samples": 10224, "accuracy": 0.8574523092369478, "std": 0.00818262274486848, "lower_bound": 0.8413654618473896, "upper_bound": 0.8734939759036144}
{"samples": 10736, "accuracy": 0.8571370481927711, "std": 0.007647925734605934, "lower_bound": 0.8413654618473896, "upper_bound": 0.8719879518072289}
{"samples": 11248, "accuracy": 0.8725100401606426, "std": 0.007338876694928769, "lower_bound": 0.858433734939759, "upper_bound": 0.8865461847389559}
{"samples": 11760, "accuracy": 0.8678373493975903, "std": 0.0075205792296742175, "lower_bound": 0.8523970883534137, "upper_bound": 0.8815261044176707}
{"samples": 12272, "accuracy": 0.884304718875502, "std": 0.007242929978039245, "lower_bound": 0.8694779116465864, "upper_bound": 0.8981049196787148}
{"samples": 12784, "accuracy": 0.8268092369477912, "std": 0.008384375543953413, "lower_bound": 0.8107304216867469, "upper_bound": 0.8433734939759037}
{"samples": 13296, "accuracy": 0.8525346385542169, "std": 0.007557863868790788, "lower_bound": 0.8378514056224899, "upper_bound": 0.8664784136546184}
{"samples": 13808, "accuracy": 0.8497515060240963, "std": 0.008077307286947433, "lower_bound": 0.8338227911646586, "upper_bound": 0.8649598393574297}
{"samples": 14320, "accuracy": 0.9050070281124498, "std": 0.00642705424731758, "lower_bound": 0.8930722891566265, "upper_bound": 0.9181852409638553}
{"samples": 14832, "accuracy": 0.8930180722891566, "std": 0.006939238996765292, "lower_bound": 0.8790160642570282, "upper_bound": 0.9061244979919679}
{"samples": 15344, "accuracy": 0.8798092369477911, "std": 0.00727083034818122, "lower_bound": 0.8659638554216867, "upper_bound": 0.8940888554216867}
{"samples": 15856, "accuracy": 0.8795557228915664, "std": 0.007327587114242163, "lower_bound": 0.8649598393574297, "upper_bound": 0.8945783132530121}
{"samples": 192, "loss": 0.6979417067307693}
{"samples": 400, "loss": 0.6954228327824519}
{"samples": 608, "loss": 0.6812626765324519}
{"samples": 816, "loss": 0.6417623666616586}
{"samples": 1024, "loss": 0.45124806807591367}
{"samples": 1232, "loss": 0.38056960243445176}
{"samples": 1440, "loss": 0.3078496398834082}
{"samples": 1648, "loss": 0.2956109224603726}
{"samples": 1856, "loss": 0.2547646136238025}
{"samples": 2064, "loss": 0.1953526632143901}
{"samples": 2272, "loss": 0.22143921599938318}
{"samples": 2480, "loss": 0.20913463487074926}
{"samples": 2688, "loss": 0.20681542387375465}
{"samples": 2896, "loss": 0.24628516343923715}
{"samples": 3104, "loss": 0.2001134157180786}
{"samples": 3312, "loss": 0.1307292070526343}
{"samples": 3520, "loss": 0.2056676258261387}
{"samples": 3728, "loss": 0.2219167621089862}
{"samples": 3936, "loss": 0.16060662556153077}
{"samples": 4144, "loss": 0.19941653024691802}
{"samples": 4352, "loss": 0.14890663153850114}
{"samples": 4560, "loss": 0.18791141704871103}
{"samples": 4768, "loss": 0.19690918463927048}
{"samples": 4976, "loss": 0.1792676288347978}
{"samples": 5184, "loss": 0.20791257574008062}
{"samples": 5392, "loss": 0.1555158868432045}
{"samples": 5600, "loss": 0.22292206436395645}
{"samples": 5808, "loss": 0.18931004519645983}
{"samples": 6016, "loss": 0.1500457485134785}
{"samples": 6224, "loss": 0.16581094494232765}
{"samples": 6432, "loss": 0.16088785976171494}
{"samples": 6640, "loss": 0.16295141268234986}
{"samples": 6848, "loss": 0.15945417892474395}
{"samples": 7056, "loss": 0.14225432104789293}
{"samples": 7264, "loss": 0.2252659694506572}
{"samples": 7472, "loss": 0.13241912539188677}
{"samples": 7680, "loss": 0.18431033996435311}
{"samples": 7888, "loss": 0.15196358928313622}
{"samples": 8096, "loss": 0.13682489097118378}
{"samples": 8304, "loss": 0.17709847940848425}
{"samples": 8512, "loss": 0.11573671778807273}
{"samples": 8720, "loss": 0.1389244353541961}
{"samples": 8928, "loss": 0.14856072859122202}
{"samples": 9136, "loss": 0.16686705213326675}
{"samples": 9344, "loss": 0.12440162438612717}
{"samples": 9552, "loss": 0.10259783096038379}
{"samples": 9760, "loss": 0.14238973305775568}
{"samples": 9968, "loss": 0.17506861285521433}
{"samples": 10176, "loss": 0.1093487676519614}
{"samples": 10384, "loss": 0.08076629157249744}
{"samples": 10592, "loss": 0.05434264414585554}
{"samples": 10800, "loss": 0.10209912405564235}
{"samples": 11008, "loss": 0.1815701086933796}
{"samples": 11216, "loss": 0.0705514859694701}
{"samples": 11424, "loss": 0.09329361984362969}
{"samples": 11632, "loss": 0.08975622516412002}
{"samples": 11840, "loss": 0.14429167199593324}
{"samples": 12048, "loss": 0.11333447866714917}
{"samples": 12256, "loss": 0.15080352528737143}
{"samples": 12464, "loss": 0.08731162949250294}
{"samples": 12672, "loss": 0.122579014645173}
{"samples": 12880, "loss": 0.170623867557599}
{"samples": 13088, "loss": 0.17230685169880205}
{"samples": 13296, "loss": 0.10780653414817956}
{"samples": 13504, "loss": 0.11107156196465859}
{"samples": 13712, "loss": 0.06931556360079692}
{"samples": 13920, "loss": 0.06530465758763827}
{"samples": 14128, "loss": 0.1084549822486364}
{"samples": 14336, "loss": 0.06975431109850223}
{"samples": 14544, "loss": 0.09899852596796475}
{"samples": 14752, "loss": 0.12293705286887976}
{"samples": 14960,