{"samples": 448, "accuracy": 0.4995162271805274, "std": 0.01128411672185788, "lower_bound": 0.4776876267748479, "upper_bound": 0.5213108519269777}
{"samples": 960, "accuracy": 0.5017150101419878, "std": 0.011030176187633987, "lower_bound": 0.47920892494929007, "upper_bound": 0.5243407707910751}
{"samples": 1472, "accuracy": 0.7649447261663286, "std": 0.009119829172416745, "lower_bound": 0.7464503042596349, "upper_bound": 0.7824543610547667}
{"samples": 1984, "accuracy": 0.7695948275862069, "std": 0.008998522910381862, "lower_bound": 0.7525228194726166, "upper_bound": 0.7865111561866126}
{"samples": 2496, "accuracy": 0.7589183569979716, "std": 0.009726166738404391, "lower_bound": 0.7393382352941176, "upper_bound": 0.7783975659229209}
{"samples": 3008, "accuracy": 0.7555902636916835, "std": 0.009217574861906701, "lower_bound": 0.7363083164300203, "upper_bound": 0.7733265720081136}
{"samples": 3520, "accuracy": 0.7238853955375253, "std": 0.010221141375060493, "lower_bound": 0.7033468559837728, "upper_bound": 0.7434077079107505}
{"samples": 4032, "accuracy": 0.7650740365111562, "std": 0.009576755928893507, "lower_bound": 0.7454234279918863, "upper_bound": 0.783975659229209}
{"samples": 4544, "accuracy": 0.7811987829614604, "std": 0.009096371217307388, "lower_bound": 0.7626648073022312, "upper_bound": 0.7986815415821501}
{"samples": 5056, "accuracy": 0.7634913793103448, "std": 0.009578018548570643, "lower_bound": 0.744421906693712, "upper_bound": 0.7824543610547667}
{"samples": 5568, "accuracy": 0.7000096348884381, "std": 0.009749946064330165, "lower_bound": 0.6810344827586207, "upper_bound": 0.7185598377281948}
{"samples": 6080, "accuracy": 0.7047657200811359, "std": 0.010217935664397082, "lower_bound": 0.6855983772819473, "upper_bound": 0.7246577079107506}
{"samples": 6592, "accuracy": 0.7370334685598378, "std": 0.01021448606206595, "lower_bound": 0.7170385395537525, "upper_bound": 0.7565922920892495}
{"samples": 7104, "accuracy": 0.768578093306288, "std": 0.009509668621993773, "lower_bound": 0.7499873225152129, "upper_bound": 0.7865111561866126}
{"samples": 7616, "accuracy": 0.8169082150101419, "std": 0.009011396620429334, "lower_bound": 0.7996957403651116, "upper_bound": 0.834698275862069}
{"samples": 8128, "accuracy": 0.7779026369168357, "std": 0.009491532858592635, "lower_bound": 0.7596348884381339, "upper_bound": 0.7956516227180528}
{"samples": 8640, "accuracy": 0.7460760649087221, "std": 0.009657272972365993, "lower_bound": 0.7271678498985801, "upper_bound": 0.7652256592292089}
{"samples": 9152, "accuracy": 0.7701997971602434, "std": 0.009146201341745326, "lower_bound": 0.7530425963488844, "upper_bound": 0.7885395537525355}
{"samples": 9664, "accuracy": 0.7382535496957404, "std": 0.01054458411794142, "lower_bound": 0.7175202839756593, "upper_bound": 0.7581135902636917}
{"samples": 10176, "accuracy": 0.7907525354969575, "std": 0.008981093918552759, "lower_bound": 0.7738336713995944, "upper_bound": 0.8078093306288032}
{"samples": 10688, "accuracy": 0.7800674442190669, "std": 0.009465158562146175, "lower_bound": 0.7616506085192697, "upper_bound": 0.7981744421906694}
{"samples": 11200, "accuracy": 0.7603306288032454, "std": 0.009933941385735121, "lower_bound": 0.7408722109533469, "upper_bound": 0.7804259634888439}
{"samples": 11712, "accuracy": 0.7659650101419879, "std": 0.009198197444303027, "lower_bound": 0.7484787018255578, "upper_bound": 0.7839883367139959}
{"samples": 12224, "accuracy": 0.7964680527383368, "std": 0.008453177643710405, "lower_bound": 0.7789046653144016, "upper_bound": 0.8123732251521298}
{"samples": 12736, "accuracy": 0.7898083164300203, "std": 0.009042621544568261, "lower_bound": 0.7728194726166329, "upper_bound": 0.8078093306288032}
{"samples": 13248, "accuracy": 0.7910917849898581, "std": 0.0094815912846815, "lower_bound": 0.7728194726166329, "upper_bound": 0.8093306288032455}
{"samples": 13760, "accuracy": 0.7773717038539553, "std": 0.009573365964223085, "lower_bound": 0.7586080121703853, "upper_bound": 0.7946247464503042}
{"samples": 14272, "accuracy": 0.7875471602434077, "std": 0.009234071771850354, "lower_bound": 0.7697641987829614, "upper_bound": 0.8052738336713996}
{"samples": 14784, "accuracy": 0.7956186612576065, "std": 0.009133173980658814, "lower_bound": 0.7778904665314401, "upper_bound": 0.813894523326572}
{"samples": 15296, "accuracy": 0.7886668356997972, "std": 0.00944136814937979, "lower_bound": 0.7707783975659229, "upper_bound": 0.8057936105476674}
{"samples": 192, "loss": 0.7056474685668945}
{"samples": 448, "loss": 0.7055177688598633}
{"samples": 704, "loss": 0.6873941421508789}
{"samples": 960, "loss": 0.6867561340332031}
{"samples": 1216, "loss": 0.6604433059692383}
{"samples": 1472, "loss": 0.6309623718261719}
{"samples": 1728, "loss": 0.6174774169921875}
{"samples": 1984, "loss": 0.5976772308349609}
{"samples": 2240, "loss": 0.5676863789558411}
{"samples": 2496, "loss": 0.5562750697135925}
{"samples": 2752, "loss": 0.5234426259994507}
{"samples": 3008, "loss": 0.5352799296379089}
{"samples": 3264, "loss": 0.5177283138036728}
{"samples": 3520, "loss": 0.5336877703666687}
{"samples": 3776, "loss": 0.4920094236731529}
{"samples": 4032, "loss": 0.513229638338089}
{"samples": 4288, "loss": 0.5235819965600967}
{"samples": 4544, "loss": 0.4767352268099785}
{"samples": 4800, "loss": 0.5025819092988968}
{"samples": 5056, "loss": 0.4941393584012985}
{"samples": 5312, "loss": 0.479057639837265}
{"samples": 5568, "loss": 0.489430695772171}
{"samples": 5824, "loss": 0.5143059492111206}
{"samples": 6080, "loss": 0.5347751528024673}
{"samples": 6336, "loss": 0.4513545110821724}
{"samples": 6592, "loss": 0.45348546653985977}
{"samples": 6848, "loss": 0.4736538678407669}
{"samples": 7104, "loss": 0.4648587256669998}
{"samples": 7360, "loss": 0.47238050401210785}
{"samples": 7616, "loss": 0.43175286054611206}
{"samples": 7872, "loss": 0.4568290114402771}
{"samples": 8128, "loss": 0.42448101937770844}
{"samples": 8384, "loss": 0.4978678822517395}
{"samples": 8640, "loss": 0.4070681631565094}
{"samples": 8896, "loss": 0.4235549196600914}
{"samples": 9152, "loss": 0.40554913878440857}
{"samples": 9408, "loss": 0.42762336134910583}
{"samples": 9664, "loss": 0.43680357933044434}
{"samples": 9920, "loss": 0.4388953894376755}
{"samples": 10176, "loss": 0.46344559639692307}
{"samples": 10432, "loss": 0.42929793894290924}
{"samples": 10688, "loss": 0.439830906689167}
{"samples": 10944, "loss": 0.45390067249536514}
{"samples": 11200, "loss": 0.4100852385163307}
{"samples": 11456, "loss": 0.4529041275382042}
{"samples": 11712, "loss": 0.45315855741500854}
{"samples": 11968, "loss": 0.39819159358739853}
{"samples": 12224, "loss": 0.4734865203499794}
{"samples": 12480, "loss": 0.4047403559088707}
{"samples": 12736, "loss": 0.4562738537788391}
{"samples": 12992, "loss": 0.42535577714443207}
{"samples": 13248, "loss": 0.44573166966438293}
{"samples": 13504, "loss": 0.4090472161769867}
{"samples": 13760, "loss": 0.41659294068813324}
{"samples": 14016, "loss": 0.44848422706127167}
{"samples": 14272, "loss": 0.40790680795907974}
{"samples": 14528, "loss": 0.342809222638607}
{"samples": 14784, "loss": 0.44354239106178284}
{"samples": 15040, "loss": 0.45274315029382706}
{"samples": 15296, "loss": 0.47823983430862427}
{"samples": 15552, "loss": 0.40366125106811523}
{"samples": 0, "degrad_loss": 6.081963551044464, "std": 0.03714460491051848}
{"samples": 448, "degrad_loss": 6.139910876750946, "std": 0.04954889991369626}
{"samples": 960, "degrad_loss": 6.028040432929993, "std": 0.1206674738984453}
{"samples": 1472, "degrad_loss": 6.036222547292709, "std": 0.08919691107493298}
{"samples": 1984, "degrad_loss": 6.121485304832459, "std": 0.0555953596641845}
{"samples": 2496, "degrad_loss": 6.045572137832641, "std": 0.12930377495702003}
{"samples": 3008, "degrad_loss": 6.18514084815979, "std": 0.05257252352493645}
{"samples": 3520, "degrad_loss": 6.100124090909958, "std": 0.14529924343840667}
{"samples": 4032, "degrad_loss": 6.0311507165431975,