{
    "accuracy": 0.9123860938383267,
    "precision": 0.9320625157433283,
    "recall": 0.8897264179673243,
    "f1_score": 0.9103583495183684,
    "fp_rate": 0.06493049710741472,
    "tp_rate": 0.8897264179673243,
    "std_accuracy": 0.006416561739854089,
    "std_precision": 0.00881692033164089,
    "std_recall": 0.009694656977688084,
    "std_f1_score": 0.006816456411215676,
    "std_fp_rate": 0.008471951612573964,
    "std_tp_rate": 0.009694656977688084,
    "TP": 787.416,
    "TN": 826.595,
    "FP": 57.398,
    "FN": 97.591,
    "roc_auc": 0.9757509522713909,
    "fpr_at_thresholds": [
        0.0,
        0.0,
        0.0,
        0.0011312217194570137,
        0.0011312217194570137,
        0.0022624434389140274,
        0.0022624434389140274,
        0.003393665158371041,
        0.003393665158371041,
        0.004524886877828055,
        0.004524886877828055,
        0.005656108597285068,
        0.005656108597285068,
        0.006787330316742082,
        0.006787330316742082,
        0.007918552036199095,
        0.007918552036199095,
        0.00904977375565611,
        0.00904977375565611,
        0.010180995475113122,
        0.010180995475113122,
        0.011312217194570135,
        0.011312217194570135,
        0.012443438914027148,
        0.012443438914027148,
        0.013574660633484163,
        0.013574660633484163,
        0.014705882352941176,
        0.014705882352941176,
        0.01583710407239819,
        0.01583710407239819,
        0.016968325791855202,
        0.016968325791855202,
        0.01809954751131222,
        0.01809954751131222,
        0.021493212669683258,
        0.021493212669683258,
        0.02262443438914027,
        0.02262443438914027,
        0.023755656108597284,
        0.023755656108597284,
        0.024886877828054297,
        0.024886877828054297,
        0.026018099547511313,
        0.026018099547511313,
        0.027149321266968326,
        0.027149321266968326,
        0.02828054298642534,
        0.02828054298642534,
        0.029411764705882353,
        0.029411764705882353,
        0.030542986425339366,
        0.030542986425339366,
        0.03167420814479638,
        0.03167420814479638,
        0.032805429864253395,
        0.032805429864253395,
        0.033936651583710405,
        0.033936651583710405,
        0.03506787330316742,
        0.03506787330316742,
        0.03733031674208145,
        0.03733031674208145,
        0.038461538461538464,
        0.038461538461538464,
        0.03959276018099547,
        0.03959276018099547,
        0.04072398190045249,
        0.04072398190045249,
        0.0418552036199095,
        0.0418552036199095,
        0.042986425339366516,
        0.042986425339366516,
        0.04411764705882353,
        0.04411764705882353,
        0.04524886877828054,
        0.04524886877828054,
        0.04751131221719457,
        0.04751131221719457,
        0.048642533936651584,
        0.048642533936651584,
        0.05090497737556561,
        0.05090497737556561,
        0.05203619909502263,
        0.05203619909502263,
        0.053167420814479636,
        0.053167420814479636,
        0.05429864253393665,
        0.05429864253393665,
        0.05542986425339366,
        0.05542986425339366,
        0.05656108597285068,
        0.05656108597285068,
        0.057692307692307696,
        0.057692307692307696,
        0.058823529411764705,
        0.058823529411764705,
        0.05995475113122172,
        0.05995475113122172,
        0.06221719457013575,
        0.06221719457013575,
        0.06334841628959276,
        0.06334841628959276,
        0.06447963800904978,
        0.06447963800904978,
        0.07013574660633484,
        0.07013574660633484,
        0.07352941176470588,
        0.07352941176470588,
        0.0746606334841629,
        0.0746606334841629,
        0.0757918552036199,
        0.0757918552036199,
        0.07805429864253394,
        0.07805429864253394,
        0.07918552036199095,
        0.07918552036199095,
        0.08031674208144797,
        0.08031674208144797,
        0.08144796380090498,
        0.08144796380090498,
        0.08257918552036199,
        0.08257918552036199,
        0.083710407239819,
        0.083710407239819,
        0.08484162895927602,
        0.08484162895927602,
        0.08597285067873303,
        0.08597285067873303,
        0.08823529411764706,
        0.08823529411764706,
        0.08936651583710407,
        0.08936651583710407,
        0.09389140271493213,
        0.09389140271493213,
        0.09502262443438914,
        0.09502262443438914,
        0.09728506787330317,
        0.09728506787330317,
        0.10520361990950226,
        0.10520361990950226,
        0.1074660633484163,
        0.1074660633484163,
        0.1085972850678733,
        0.1085972850678733,
        0.11199095022624435,
        0.11199095022624435,
        0.11425339366515837,
        0.11425339366515837,
        0.11538461538461539,
        0.11538461538461539,
        0.1165158371040724,
        0.1165158371040724,
        0.12217194570135746,
        0.12217194570135746,
        0.12330316742081449,
        0.12330316742081449,
        0.1244343891402715,
        0.1244343891402715,
        0.12782805429864252,
        0.12782805429864252,
        0.13122171945701358,
        0.13122171945701358,
        0.13800904977375567,
        0.13800904977375567,
        0.1414027149321267,
        0.1414027149321267,
        0.1425339366515837,
        0.1425339366515837,
        0.1436651583710407,
        0.1436651583710407,
        0.15271493212669685,
        0.15271493212669685,
        0.15723981900452488,
        0.15723981900452488,
        0.1583710407239819,
        0.1583710407239819,
        0.16176470588235295,
        0.16176470588235295,
        0.16289592760180996,
        0.16289592760180996,
        0.17194570135746606,
        0.17194570135746606,
        0.1832579185520362,
        0.1832579185520362,
        0.2228506787330317,
        0.2228506787330317,
        0.2251131221719457,
        0.2251131221719457,
        0.24434389140271492,
        0.24434389140271492,
        0.2658371040723982,
        0.2658371040723982,
        0.2703619909502262,
        0.2703619909502262,
        0.3042986425339366,
        0.3042986425339366,
        0.3076923076923077,
        0.3076923076923077,
        0.31334841628959276,
        0.31334841628959276,
        0.3190045248868778,
        0.3190045248868778,
        0.33031674208144796,
        0.33031674208144796,
        0.34728506787330315,
        0.34728506787330315,
        0.37104072398190047,
        0.37104072398190047,
        0.3778280542986425,
        0.3778280542986425,
        0.38574660633484165,
        0.38574660633484165,
        0.45361990950226244,
        0.45361990950226244,
        0.4683257918552036,
        0.4683257918552036,
        0.48868778280542985,
        0.48868778280542985,
        0.5214932126696833,
        0.5214932126696833,
        0.6255656108597285,
        0.6255656108597285,
        1.0
    ],