{
    "accuracy": 0.9263700707785643,
    "precision": 0.9281091257259168,
    "recall": 0.9243398231743643,
    "f1_score": 0.9261847170320504,
    "fp_rate": 0.07160985006095676,
    "tp_rate": 0.9243398231743643,
    "std_accuracy": 0.005829109361684733,
    "std_precision": 0.008163267059749759,
    "std_recall": 0.008500113156074319,
    "std_f1_score": 0.0060181822108521825,
    "std_fp_rate": 0.008298194670602542,
    "std_tp_rate": 0.008500113156074319,
    "TP": 914.143,
    "TN": 918.217,
    "FP": 70.816,
    "FN": 74.824,
    "roc_auc": 0.9829417832763022,
    "fpr_at_thresholds": [
        0.0,
        0.0,
        0.0,
        0.0010111223458038423,
        0.0010111223458038423,
        0.0020222446916076846,
        0.0020222446916076846,
        0.003033367037411527,
        0.003033367037411527,
        0.004044489383215369,
        0.004044489383215369,
        0.005055611729019211,
        0.005055611729019211,
        0.006066734074823054,
        0.006066734074823054,
        0.007077856420626896,
        0.007077856420626896,
        0.008088978766430738,
        0.008088978766430738,
        0.00910010111223458,
        0.00910010111223458,
        0.010111223458038422,
        0.010111223458038422,
        0.011122345803842264,
        0.011122345803842264,
        0.012133468149646108,
        0.012133468149646108,
        0.01314459049544995,
        0.01314459049544995,
        0.014155712841253791,
        0.014155712841253791,
        0.016177957532861477,
        0.016177957532861477,
        0.017189079878665317,
        0.017189079878665317,
        0.01820020222446916,
        0.01820020222446916,
        0.019211324570273004,
        0.019211324570273004,
        0.020222446916076844,
        0.020222446916076844,
        0.022244691607684528,
        0.022244691607684528,
        0.024266936299292215,
        0.024266936299292215,
        0.025278058645096056,
        0.025278058645096056,
        0.0262891809908999,
        0.0262891809908999,
        0.027300303336703743,
        0.027300303336703743,
        0.028311425682507583,
        0.028311425682507583,
        0.029322548028311426,
        0.029322548028311426,
        0.03134479271991911,
        0.03134479271991911,
        0.033367037411526794,
        0.033367037411526794,
        0.03538928210313448,
        0.03538928210313448,
        0.03640040444893832,
        0.03640040444893832,
        0.03842264914054601,
        0.03842264914054601,
        0.03943377148634985,
        0.03943377148634985,
        0.04044489383215369,
        0.04044489383215369,
        0.042467138523761376,
        0.042467138523761376,
        0.044489383215369056,
        0.044489383215369056,
        0.0455005055611729,
        0.0455005055611729,
        0.046511627906976744,
        0.046511627906976744,
        0.04853387259858443,
        0.04853387259858443,
        0.0525783619817998,
        0.0525783619817998,
        0.055611729019211326,
        0.055611729019211326,
        0.056622851365015166,
        0.056622851365015166,
        0.05864509605662285,
        0.05864509605662285,
        0.06066734074823053,
        0.06066734074823053,
        0.06167846309403438,
        0.06167846309403438,
        0.06370070778564206,
        0.06370070778564206,
        0.06572295247724974,
        0.06572295247724974,
        0.06673407482305359,
        0.06673407482305359,
        0.07077856420626896,
        0.07077856420626896,
        0.0717896865520728,
        0.0717896865520728,
        0.07280080889787664,
        0.07280080889787664,
        0.07583417593528817,
        0.07583417593528817,
        0.07785642062689585,
        0.07785642062689585,
        0.0788675429726997,
        0.0788675429726997,
        0.08291203235591507,
        0.08291203235591507,
        0.0839231547017189,
        0.0839231547017189,
        0.08493427704752275,
        0.08493427704752275,
        0.08695652173913043,
        0.08695652173913043,
        0.0910010111223458,
        0.0910010111223458,
        0.09201213346814964,
        0.09201213346814964,
        0.09403437815975733,
        0.09403437815975733,
        0.09504550050556117,
        0.09504550050556117,
        0.09605662285136501,
        0.09605662285136501,
        0.09706774519716886,
        0.09706774519716886,
        0.10111223458038422,
        0.10111223458038422,
        0.10212335692618807,
        0.10212335692618807,
        0.1051567239635996,
        0.1051567239635996,
        0.10616784630940344,
        0.10616784630940344,
        0.10717896865520728,
        0.10717896865520728,
        0.1102123356926188,
        0.1102123356926188,
        0.11931243680485339,
        0.11931243680485339,
        0.12234580384226491,
        0.12234580384226491,
        0.12335692618806876,
        0.12335692618806876,
        0.12537917087967643,
        0.12537917087967643,
        0.1263902932254803,
        0.1263902932254803,
        0.13043478260869565,
        0.13043478260869565,
        0.13346814964610718,
        0.13346814964610718,
        0.134479271991911,
        0.134479271991911,
        0.13751263902932254,
        0.13751263902932254,
        0.1385237613751264,
        0.1385237613751264,
        0.14459049544994945,
        0.14459049544994945,
        0.15369059656218403,
        0.15369059656218403,
        0.15470171890798787,
        0.15470171890798787,
        0.1557128412537917,
        0.1557128412537917,
        0.15874620829120323,
        0.15874620829120323,
        0.16177957532861476,
        0.16177957532861476,
        0.16582406471183014,
        0.16582406471183014,
        0.18099089989888775,
        0.18099089989888775,
        0.18806875631951467,
        0.18806875631951467,
        0.2123356926188069,
        0.2123356926188069,
        0.21334681496461072,
        0.21334681496461072,
        0.224469160768453,
        0.224469160768453,
        0.24064711830131447,
        0.24064711830131447,
        0.24671385237613752,
        0.24671385237613752,
        0.2568250758341759,
        0.2568250758341759,
        0.268958543983822,
        0.268958543983822,
        0.2810920121334681,
        0.2810920121334681,
        0.3083923154701719,
        0.3083923154701719,
        0.40141557128412536,
        0.40141557128412536,
        0.4752275025278059,
        0.4752275025278059,
        0.5156723963599595,
        0.5156723963599595,
        0.5338725985844287,
        0.5338725985844287,
        1.0
    ],