{
    "accuracy": 0.9553448795180722,
    "precision": 0.929986613526482,
    "recall": 0.9849431092103667,
    "f1_score": 0.95665499614134,
    "fp_rate": 0.07430687095291812,
    "tp_rate": 0.9849431092103667,
    "std_accuracy": 0.004823688341531022,
    "std_precision": 0.008157387037094347,
    "std_recall": 0.003881571904718297,
    "std_f1_score": 0.004775820242956899,
    "std_fp_rate": 0.008566979377042525,
    "std_tp_rate": 0.003881571904718297,
    "TP": 982.093,
    "TN": 920.954,
    "FP": 73.936,
    "FN": 15.017,
    "roc_auc": 0.9956129739842906,
    "fpr_at_thresholds": [
        0.0,
        0.0,
        0.0,
        0.001004016064257028,
        0.001004016064257028,
        0.002008032128514056,
        0.002008032128514056,
        0.0030120481927710845,
        0.0030120481927710845,
        0.004016064257028112,
        0.004016064257028112,
        0.0050200803212851405,
        0.0050200803212851405,
        0.006024096385542169,
        0.006024096385542169,
        0.007028112449799197,
        0.007028112449799197,
        0.009036144578313253,
        0.009036144578313253,
        0.010040160642570281,
        0.010040160642570281,
        0.012048192771084338,
        0.012048192771084338,
        0.013052208835341365,
        0.013052208835341365,
        0.014056224899598393,
        0.014056224899598393,
        0.015060240963855422,
        0.015060240963855422,
        0.01606425702811245,
        0.01606425702811245,
        0.018072289156626505,
        0.018072289156626505,
        0.019076305220883535,
        0.019076305220883535,
        0.020080321285140562,
        0.020080321285140562,
        0.02108433734939759,
        0.02108433734939759,
        0.02208835341365462,
        0.02208835341365462,
        0.02710843373493976,
        0.02710843373493976,
        0.028112449799196786,
        0.028112449799196786,
        0.029116465863453816,
        0.029116465863453816,
        0.030120481927710843,
        0.030120481927710843,
        0.03112449799196787,
        0.03112449799196787,
        0.03313253012048193,
        0.03313253012048193,
        0.035140562248995984,
        0.035140562248995984,
        0.0391566265060241,
        0.0391566265060241,
        0.04819277108433735,
        0.04819277108433735,
        0.050200803212851405,
        0.050200803212851405,
        0.05220883534136546,
        0.05220883534136546,
        0.05923694779116466,
        0.05923694779116466,
        0.06224899598393574,
        0.06224899598393574,
        0.06325301204819277,
        0.06325301204819277,
        0.07329317269076305,
        0.07329317269076305,
        0.07530120481927711,
        0.07530120481927711,
        0.08032128514056225,
        0.08032128514056225,
        0.0853413654618474,
        0.0853413654618474,
        0.09437751004016064,
        0.09437751004016064,
        0.0963855421686747,
        0.0963855421686747,
        0.10341365461847389,
        0.10341365461847389,
        0.1144578313253012,
        0.1144578313253012,
        0.11847389558232932,
        0.11847389558232932,
        0.12349397590361445,
        0.12349397590361445,
        0.13453815261044177,
        0.13453815261044177,
        0.1465863453815261,
        0.1465863453815261,
        0.15963855421686746,
        0.15963855421686746,
        0.22289156626506024,
        0.22289156626506024,
        0.2399598393574297,
        0.2399598393574297,
        1.0
    ],
    "tpr_at_thresholds": [
        0.0,
        0.001004016064257028,
        0.8052208835341366,
        0.8052208835341366,
        0.8192771084337349,
        0.8192771084337349,
        0.8263052208835341,
        0.8263052208835341,
        0.8403614457831325,
        0.8403614457831325,
        0.8534136546184738,
        0.8534136546184738,
        0.8604417670682731,
        0.8604417670682731,
        0.8614457831325302,
        0.8614457831325302,
        0.8845381526104418,
        0.8845381526104418,
        0.893574297188755,
        0.893574297188755,
        0.9186746987951807,
        0.9186746987951807,
        0.9206827309236948,
        0.9206827309236948,
        0.9246987951807228,
        0.9246987951807228,
        0.929718875502008,
        0.929718875502008,
        0.9347389558232931,
        0.9347389558232931,
        0.9357429718875502,
        0.9357429718875502,
        0.9377510040160643,
        0.9377510040160643,
        0.9417670682730924,
        0.9417670682730924,
        0.9447791164658634,
        0.9447791164658634,
        0.9467871485943775,
        0.9467871485943775,
        0.9568273092369478,
        0.9568273092369478,
        0.9578313253012049,
        0.9578313253012049,
        0.9598393574297188,
        0.9598393574297188,
        0.9628514056224899,
        0.9628514056224899,
        0.9658634538152611,
        0.9658634538152611,
        0.9688755020080321,
        0.9688755020080321,
        0.9708835341365462,
        0.9708835341365462,
        0.9728915662650602,
        0.9728915662650602,
        0.9738955823293173,
        0.9738955823293173,
        0.9769076305220884,
        0.9769076305220884,
        0.9789156626506024,
        0.9789156626506024,
        0.9799196787148594,
        0.9799196787148594,
        0.9809236947791165,
        0.9809236947791165,
        0.9819277108433735,
        0.9819277108433735,
        0.9839357429718876,
        0.9839357429718876,
        0.9849397590361446,
        0.9849397590361446,
        0.9859437751004017,
        0.9859437751004017,
        0.9869477911646586,
        0.9869477911646586,
        0.9879518072289156,
        0.9879518072289156,
        0.9899598393574297,
        0.9899598393574297,
        0.9909638554216867,
        0.9909638554216867,
        0.9919678714859438,
        0.9919678714859438,
        0.9929718875502008,
        0.9929718875502008,
        0.9939759036144579,
        0.9939759036144579,
        0.9949799196787149,
        0.9949799196787149,
        0.9959839357429718,
        0.9959839357429718,
        0.9969879518072289,
        0.9969879518072289,
        0.9979919678714859,
        0.9979919678714859,
        0.998995983935743,
        0.998995983935743,
        1.0,
        1.0
    ],