{
    "accuracy": 0.9463724899598392,
    "precision": 0.9306432429463398,
    "recall": 0.9647682271274362,
    "f1_score": 0.9473750180780345,
    "fp_rate": 0.07207376785527116,
    "tp_rate": 0.9647682271274362,
    "std_accuracy": 0.005087541795688628,
    "std_precision": 0.007731679217935967,
    "std_recall": 0.0059323782153110445,
    "std_f1_score": 0.0050920010217653825,
    "std_fp_rate": 0.008159548010979581,
    "std_tp_rate": 0.0059323782153110445,
    "TP": 961.982,
    "TN": 923.192,
    "FP": 71.698,
    "FN": 35.128,
    "roc_auc": 0.9895223464137676,
    "fpr_at_thresholds": [
        0.0,
        0.0,
        0.0,
        0.001004016064257028,
        0.001004016064257028,
        0.002008032128514056,
        0.002008032128514056,
        0.0030120481927710845,
        0.0030120481927710845,
        0.004016064257028112,
        0.004016064257028112,
        0.0050200803212851405,
        0.0050200803212851405,
        0.006024096385542169,
        0.006024096385542169,
        0.007028112449799197,
        0.007028112449799197,
        0.008032128514056224,
        0.008032128514056224,
        0.009036144578313253,
        0.009036144578313253,
        0.010040160642570281,
        0.010040160642570281,
        0.01104417670682731,
        0.01104417670682731,
        0.012048192771084338,
        0.012048192771084338,
        0.013052208835341365,
        0.013052208835341365,
        0.014056224899598393,
        0.014056224899598393,
        0.015060240963855422,
        0.015060240963855422,
        0.01606425702811245,
        0.01606425702811245,
        0.01706827309236948,
        0.01706827309236948,
        0.018072289156626505,
        0.018072289156626505,
        0.019076305220883535,
        0.019076305220883535,
        0.020080321285140562,
        0.020080321285140562,
        0.02108433734939759,
        0.02108433734939759,
        0.025100401606425703,
        0.025100401606425703,
        0.02610441767068273,
        0.02610441767068273,
        0.028112449799196786,
        0.028112449799196786,
        0.029116465863453816,
        0.029116465863453816,
        0.030120481927710843,
        0.030120481927710843,
        0.0321285140562249,
        0.0321285140562249,
        0.03413654618473896,
        0.03413654618473896,
        0.03614457831325301,
        0.03614457831325301,
        0.03714859437751004,
        0.03714859437751004,
        0.0391566265060241,
        0.0391566265060241,
        0.040160642570281124,
        0.040160642570281124,
        0.04116465863453815,
        0.04116465863453815,
        0.045180722891566265,
        0.045180722891566265,
        0.04718875502008032,
        0.04718875502008032,
        0.04819277108433735,
        0.04819277108433735,
        0.05120481927710843,
        0.05120481927710843,
        0.05321285140562249,
        0.05321285140562249,
        0.05622489959839357,
        0.05622489959839357,
        0.05923694779116466,
        0.05923694779116466,
        0.06124497991967871,
        0.06124497991967871,
        0.0642570281124498,
        0.0642570281124498,
        0.06526104417670683,
        0.06526104417670683,
        0.07228915662650602,
        0.07228915662650602,
        0.07329317269076305,
        0.07329317269076305,
        0.0783132530120482,
        0.0783132530120482,
        0.07931726907630522,
        0.07931726907630522,
        0.08634538152610442,
        0.08634538152610442,
        0.08734939759036145,
        0.08734939759036145,
        0.0893574297188755,
        0.0893574297188755,
        0.09236947791164658,
        0.09236947791164658,
        0.09337349397590361,
        0.09337349397590361,
        0.0963855421686747,
        0.0963855421686747,
        0.09839357429718876,
        0.09839357429718876,
        0.09939759036144578,
        0.09939759036144578,
        0.10341365461847389,
        0.10341365461847389,
        0.10843373493975904,
        0.10843373493975904,
        0.1465863453815261,
        0.1465863453815261,
        0.15562248995983935,
        0.15562248995983935,
        0.15963855421686746,
        0.15963855421686746,
        0.18072289156626506,
        0.18072289156626506,
        0.18373493975903615,
        0.18373493975903615,
        0.19377510040160642,
        0.19377510040160642,
        0.21184738955823293,
        0.21184738955823293,
        0.21385542168674698,
        0.21385542168674698,
        0.24096385542168675,
        0.24096385542168675,
        0.2560240963855422,
        0.2560240963855422,
        0.3102409638554217,
        0.3102409638554217,
        0.3192771084337349,
        0.3192771084337349,
        0.463855421686747,
        0.463855421686747,
        0.6004016064257028,
        0.6004016064257028,
        1.0
    ],