{
    "accuracy": 0.9402520080321285,
    "precision": 0.9298512490763026,
    "recall": 0.9524948576099894,
    "f1_score": 0.9410116825056527,
    "fp_rate": 0.07202799556918772,
    "tp_rate": 0.9524948576099894,
    "std_accuracy": 0.005205067466905975,
    "std_precision": 0.007690953208928336,
    "std_recall": 0.006562496338665159,
    "std_f1_score": 0.00526554430037178,
    "std_fp_rate": 0.008016844672335778,
    "std_tp_rate": 0.006562496338665159,
    "TP": 949.745,
    "TN": 923.237,
    "FP": 71.653,
    "FN": 47.365,
    "roc_auc": 0.9867965839260658,
    "fpr_at_thresholds": [
        0.0,
        0.0,
        0.0,
        0.001004016064257028,
        0.001004016064257028,
        0.002008032128514056,
        0.002008032128514056,
        0.0030120481927710845,
        0.0030120481927710845,
        0.004016064257028112,
        0.004016064257028112,
        0.0050200803212851405,
        0.0050200803212851405,
        0.006024096385542169,
        0.006024096385542169,
        0.007028112449799197,
        0.007028112449799197,
        0.008032128514056224,
        0.008032128514056224,
        0.009036144578313253,
        0.009036144578313253,
        0.010040160642570281,
        0.010040160642570281,
        0.01104417670682731,
        0.01104417670682731,
        0.012048192771084338,
        0.012048192771084338,
        0.013052208835341365,
        0.013052208835341365,
        0.014056224899598393,
        0.014056224899598393,
        0.015060240963855422,
        0.015060240963855422,
        0.01606425702811245,
        0.01606425702811245,
        0.01706827309236948,
        0.01706827309236948,
        0.018072289156626505,
        0.018072289156626505,
        0.019076305220883535,
        0.019076305220883535,
        0.020080321285140562,
        0.020080321285140562,
        0.02108433734939759,
        0.02108433734939759,
        0.023092369477911646,
        0.023092369477911646,
        0.02610441767068273,
        0.02610441767068273,
        0.02710843373493976,
        0.02710843373493976,
        0.028112449799196786,
        0.028112449799196786,
        0.029116465863453816,
        0.029116465863453816,
        0.030120481927710843,
        0.030120481927710843,
        0.03112449799196787,
        0.03112449799196787,
        0.0321285140562249,
        0.0321285140562249,
        0.03413654618473896,
        0.03413654618473896,
        0.03614457831325301,
        0.03614457831325301,
        0.03714859437751004,
        0.03714859437751004,
        0.03815261044176707,
        0.03815261044176707,
        0.0391566265060241,
        0.0391566265060241,
        0.040160642570281124,
        0.040160642570281124,
        0.04417670682730924,
        0.04417670682730924,
        0.04618473895582329,
        0.04618473895582329,
        0.04718875502008032,
        0.04718875502008032,
        0.04819277108433735,
        0.04819277108433735,
        0.04919678714859438,
        0.04919678714859438,
        0.05120481927710843,
        0.05120481927710843,
        0.05220883534136546,
        0.05220883534136546,
        0.05321285140562249,
        0.05321285140562249,
        0.05421686746987952,
        0.05421686746987952,
        0.05622489959839357,
        0.05622489959839357,
        0.060240963855421686,
        0.060240963855421686,
        0.06124497991967871,
        0.06124497991967871,
        0.06626506024096386,
        0.06626506024096386,
        0.06927710843373494,
        0.06927710843373494,
        0.071285140562249,
        0.071285140562249,
        0.07228915662650602,
        0.07228915662650602,
        0.07329317269076305,
        0.07329317269076305,
        0.07630522088353414,
        0.07630522088353414,
        0.0783132530120482,
        0.0783132530120482,
        0.0823293172690763,
        0.0823293172690763,
        0.08333333333333333,
        0.08333333333333333,
        0.08734939759036145,
        0.08734939759036145,
        0.08835341365461848,
        0.08835341365461848,
        0.09236947791164658,
        0.09236947791164658,
        0.09337349397590361,
        0.09337349397590361,
        0.09538152610441768,
        0.09538152610441768,
        0.10040160642570281,
        0.10040160642570281,
        0.10240963855421686,
        0.10240963855421686,
        0.10642570281124498,
        0.10642570281124498,
        0.10742971887550201,
        0.10742971887550201,
        0.10843373493975904,
        0.10843373493975904,
        0.1214859437751004,
        0.1214859437751004,
        0.12248995983935743,
        0.12248995983935743,
        0.1285140562248996,
        0.1285140562248996,
        0.13052208835341367,
        0.13052208835341367,
        0.15461847389558234,
        0.15461847389558234,
        0.15963855421686746,
        0.15963855421686746,
        0.16265060240963855,
        0.16265060240963855,
        0.1897590361445783,
        0.1897590361445783,
        0.19477911646586346,
        0.19477911646586346,
        0.21285140562248997,
        0.21285140562248997,
        0.22088353413654618,
        0.22088353413654618,
        0.2359437751004016,
        0.2359437751004016,
        0.23795180722891565,
        0.23795180722891565,
        0.2740963855421687,
        0.2740963855421687,
        0.3042168674698795,
        0.3042168674698795,
        0.30823293172690763,
        0.30823293172690763,
        0.3353413654618474,
        0.3353413654618474,
        0.3463855421686747,
        0.3463855421686747,
        0.39959839357429716,
        0.39959839357429716,
        0.4397590361445783,
        0.4397590361445783,
        1.0
    ],