{
    "accuracy": 0.9346866666666668,
    "precision": 0.9205868278179253,
    "recall": 0.951705946102851,
    "f1_score": 0.9358061034854193,
    "fp_rate": 0.08239655703969094,
    "tp_rate": 0.951705946102851,
    "std_accuracy": 0.00905300686696598,
    "std_precision": 0.01404376618337555,
    "std_recall": 0.011086622672331946,
    "std_f1_score": 0.009279923202380405,
    "std_fp_rate": 0.01438324894033798,
    "std_tp_rate": 0.011086622672331946,
    "TP": 357.577,
    "TN": 343.438,
    "FP": 30.846,
    "FN": 18.139,
    "roc_auc": 0.9855217777777777,
    "fpr_at_thresholds": [
        0.0,
        0.0,
        0.0,
        0.008,
        0.008,
        0.016,
        0.018666666666666668,
        0.018666666666666668,
        0.02666666666666667,
        0.02666666666666667,
        0.032,
        0.032,
        0.04,
        0.04,
        0.048,
        0.048,
        0.056,
        0.056,
        0.064,
        0.064,
        0.08,
        0.08,
        0.08266666666666667,
        0.08266666666666667,
        0.09066666666666667,
        0.09066666666666667,
        0.09866666666666667,
        0.09866666666666667,
        0.11466666666666667,
        0.11466666666666667,
        0.12266666666666666,
        0.12266666666666666,
        0.13866666666666666,
        0.13866666666666666,
        0.15466666666666667,
        0.15466666666666667,
        0.15733333333333333,
        0.17333333333333334,
        0.17333333333333334,
        0.18933333333333333,
        0.18933333333333333,
        0.23733333333333334,
        0.23733333333333334,
        0.24,
        0.328,
        0.3333333333333333,
        0.43733333333333335,
        0.44266666666666665,
        0.45066666666666666,
        0.45066666666666666,
        0.5066666666666667,
        0.5066666666666667,
        0.6906666666666667,
        0.7013333333333334,
        0.7093333333333334,
        0.7146666666666667,
        0.7306666666666667,
        0.7333333333333333,
        0.7386666666666667,
        0.7466666666666667,
        0.752,
        0.84,
        0.8426666666666667,
        0.8586666666666667,
        0.864,
        0.92,
        0.9226666666666666,
        0.9546666666666667,
        0.9573333333333334,
        0.9813333333333333,
        0.9866666666666667,
        0.9946666666666667,
        1.0
    ],
    "tpr_at_thresholds": [
        0.0,
        0.0026666666666666666,
        0.6906666666666667,
        0.6906666666666667,
        0.7973333333333333,
        0.7973333333333333,
        0.7973333333333333,
        0.8133333333333334,
        0.8133333333333334,
        0.8346666666666667,
        0.8346666666666667,
        0.8666666666666667,
        0.8666666666666667,
        0.9253333333333333,
        0.9253333333333333,
        0.9386666666666666,
        0.9386666666666666,
        0.9413333333333334,
        0.9413333333333334,
        0.944,
        0.944,
        0.952,
        0.952,
        0.9573333333333334,
        0.9573333333333334,
        0.9706666666666667,
        0.9706666666666667,
        0.9733333333333334,
        0.9733333333333334,
        0.9786666666666667,
        0.9786666666666667,
        0.9813333333333333,
        0.9813333333333333,
        0.984,
        0.984,
        0.9866666666666667,
        0.9866666666666667,
        0.9866666666666667,
        0.9893333333333333,
        0.9893333333333333,
        0.992,
        0.992,
        0.9946666666666667,
        0.9946666666666667,
        0.9946666666666667,
        0.9946666666666667,
        0.9946666666666667,
        0.9946666666666667,
        0.9946666666666667,
        0.9973333333333333,
        0.9973333333333333,
        1.0,
        1.0,
        1.0,
        1.0,
        1.0,
        1.0,
        1.0,
        1.0,
        1.0,
        1.0,
        1.0,
        1.0,
        1.0,
        1.0,
        1.0,
        1.0,
        1.0,
        1.0,
        1.0,
        1.0,
        1.0,
        1.0
    ],
    "thresholds": [
        Infinity,
        3.6750190258026123,
        1.836478590965271,
        1.8354519605636597,
        1.366848111152649,
        1.3364640474319458,
        1.3359200954437256,
        1.2997994422912598,
        1.2771165370941162,
        1.1024916172027588,
        1.1007318496704102,
        0.9435322284698486,
        0.9390881061553955,
        0.3796938359737396,
        0.3362911343574524,
        0.18050934374332428,
        0.16298839449882507,
        0.12688811123371124,
        0.004177845548838377,
        -0.01829100213944912,
        -0.03668294847011566,
        -0.09487119317054749,
        -0.10174844413995743,
        -0.4374113380908966,
        -0.46511077880859375,
        -1.033474326133728,
        -1.0762420892715454,
        -1.0773838758468628,
        -1.185274600982666,
        -1.344430923461914,
        -1.3655993938446045,
        -1.4679654836654663,
        -1.512266993522644,
        -1.5450434684753418,
        -1.6083134412765503,
        -1.7205930948257446,
        -1.7536100149154663,
        -1.899814486503601,
        -1.9037774801254272,
        -1.9173353910446167,
        -1.9722371101379395,
        -2.1160595417022705,
        -2.156709909439087,
        -2.178126335144043,
        -2.489086627960205,
        -2.49661922454834,
        -2.850468158721924,
        -2.858454465866089,
        -2.9794986248016357,
        -2.995201587677002,
        -3.106931686401367,
        -3.1082544326782227,
        -3.5199620723724365,
        -3.535902261734009,
        -3.5433475971221924,
        -3.559553623199463,
        -3.6057755947113037,
        -3.611968994140625,
        -3.642421007156372,
        -3.649688243865967,
        -3.6504878997802734,
        -3.7171857357025146,
        -3.7315640449523926,
        -3.753541946411133,
        -3.7858612537384033,
        -3.8703994750976562,
        -3.8846616744995117,
        -3.9354445934295654,
        -3.9410953521728516,
        -3.9727087020874023,
        -4.011353969573975,
        -4.023931980133057,
        -4.0637078285217285
    ]
}