{"train/loss": 0.133261413528369, "train/learning_rate": 1.8338727076591154e-07, "train/epoch": 0, "_timestamp": 1714653503.4027317, "_runtime": 1159.3975975513458, "_step": 15584, "eval/accuracy": 0.9087221095334685, "_wandb": {"runtime": 1162}}