{"samples": 192, "accuracy": 0.499212, "std": 0.018653410483519272, "lower_bound": 0.4639666666666667, "upper_bound": 0.536}
{"samples": 400, "accuracy": 0.7347720000000001, "std": 0.01614758373393507, "lower_bound": 0.7026666666666667, "upper_bound": 0.7653333333333333}
{"samples": 608, "accuracy": 0.8168946666666665, "std": 0.01448976705586854, "lower_bound": 0.788, "upper_bound": 0.8453333333333334}
{"samples": 816, "accuracy": 0.8135293333333333, "std": 0.013827469664885664, "lower_bound": 0.7866666666666666, "upper_bound": 0.84}
{"samples": 1024, "accuracy": 0.833176, "std": 0.013799328550492757, "lower_bound": 0.8066666666666666, "upper_bound": 0.8587}
{"samples": 1232, "accuracy": 0.8061826666666666, "std": 0.014410936032518263, "lower_bound": 0.7786666666666666, "upper_bound": 0.8333333333333334}
{"samples": 1440, "accuracy": 0.895996, "std": 0.011029736855932283, "lower_bound": 0.8733333333333333, "upper_bound": 0.9173333333333333}
{"samples": 1648, "accuracy": 0.838856, "std": 0.013321984236591788, "lower_bound": 0.8133333333333334, "upper_bound": 0.864}
{"samples": 1856, "accuracy": 0.6851853333333333, "std": 0.01678637961099547, "lower_bound": 0.6533333333333333, "upper_bound": 0.7173333333333334}
{"samples": 2064, "accuracy": 0.93204, "std": 0.009187730949478216, "lower_bound": 0.9146666666666666, "upper_bound": 0.9493333333333334}
{"samples": 2272, "accuracy": 0.8792506666666668, "std": 0.011935393192797074, "lower_bound": 0.856, "upper_bound": 0.9013333333333333}
{"samples": 2480, "accuracy": 0.9252386666666667, "std": 0.009532536936432216, "lower_bound": 0.9066666666666666, "upper_bound": 0.944}
{"samples": 2688, "accuracy": 0.8509573333333332, "std": 0.012423381253820465, "lower_bound": 0.8253333333333334, "upper_bound": 0.8733666666666666}
{"samples": 2896, "accuracy": 0.9081053333333334, "std": 0.01026881007928594, "lower_bound": 0.8866666666666667, "upper_bound": 0.928}
{"samples": 3104, "accuracy": 0.9172906666666668, "std": 0.010067944819519474, "lower_bound": 0.8973333333333333, "upper_bound": 0.936}
{"samples": 3312, "accuracy": 0.93066, "std": 0.009131043508578606, "lower_bound": 0.912, "upper_bound": 0.948}
{"samples": 3520, "accuracy": 0.9137586666666666, "std": 0.010447178375044625, "lower_bound": 0.892, "upper_bound": 0.9333333333333333}
{"samples": 3728, "accuracy": 0.9560866666666668, "std": 0.007346990313500269, "lower_bound": 0.94, "upper_bound": 0.9693333333333334}
{"samples": 3936, "accuracy": 0.9171266666666665, "std": 0.009618036297614098, "lower_bound": 0.8986666666666666, "upper_bound": 0.9346666666666666}
{"samples": 4144, "accuracy": 0.8808146666666666, "std": 0.012354301383189045, "lower_bound": 0.856, "upper_bound": 0.904}
{"samples": 4352, "accuracy": 0.9564386666666667, "std": 0.007618545676323161, "lower_bound": 0.94, "upper_bound": 0.9706666666666667}
{"samples": 4560, "accuracy": 0.9267799999999999, "std": 0.009365826771359328, "lower_bound": 0.908, "upper_bound": 0.944}
{"samples": 4768, "accuracy": 0.9014506666666666, "std": 0.01081877019094335, "lower_bound": 0.88, "upper_bound": 0.9213333333333333}
{"samples": 4976, "accuracy": 0.8933386666666666, "std": 0.011349164159140137, "lower_bound": 0.8706666666666667, "upper_bound": 0.9146666666666666}
{"samples": 5184, "accuracy": 0.9509693333333332, "std": 0.008172960404760189, "lower_bound": 0.9346666666666666, "upper_bound": 0.9653333333333334}
{"samples": 5392, "accuracy": 0.8851680000000001, "std": 0.01148050513793806, "lower_bound": 0.8626333333333334, "upper_bound": 0.9066666666666666}
{"samples": 5600, "accuracy": 0.94426, "std": 0.008043987402609061, "lower_bound": 0.9293, "upper_bound": 0.96}
{"samples": 5808, "accuracy": 0.8595333333333333, "std": 0.011832272252896592, "lower_bound": 0.8373333333333334, "upper_bound": 0.8826666666666667}
{"samples": 6016, "accuracy": 0.9330346666666667, "std": 0.009166685963616049, "lower_bound": 0.9146666666666666, "upper_bound": 0.9506666666666667}
{"samples": 6224, "accuracy": 0.92972, "std": 0.009331990379573074, "lower_bound": 0.912, "upper_bound": 0.948}
{"samples": 6432, "accuracy": 0.920768, "std": 0.009769451161656938, "lower_bound": 0.9013333333333333, "upper_bound": 0.9400333333333333}
{"samples": 6640, "accuracy": 0.9173373333333333, "std": 0.010369270069671147, "lower_bound": 0.8959666666666667, "upper_bound": 0.9373333333333334}
{"samples": 6848, "accuracy": 0.9216120000000001, "std": 0.009835203799503997, "lower_bound": 0.9013333333333333, "upper_bound": 0.94}
{"samples": 7056, "accuracy": 0.925016, "std": 0.009652758362250661, "lower_bound": 0.9053333333333333, "upper_bound": 0.9426666666666667}
{"samples": 7264, "accuracy": 0.9332146666666666, "std": 0.008750271513247773, "lower_bound": 0.9146666666666666, "upper_bound": 0.9493333333333334}
{"samples": 7472, "accuracy": 0.941128, "std": 0.008662797495292404, "lower_bound": 0.924, "upper_bound": 0.9573333333333334}
{"samples": 192, "loss": 0.7114797738882211}
{"samples": 400, "loss": 0.6850832425631009}
{"samples": 608, "loss": 0.6599719707782452}
{"samples": 816, "loss": 0.6090815617487981}
{"samples": 1024, "loss": 0.5028087909405048}
{"samples": 1232, "loss": 0.38027132474459135}
{"samples": 1440, "loss": 0.3770790100097656}
{"samples": 1648, "loss": 0.3419336172250601}
{"samples": 1856, "loss": 0.3515372643103966}
{"samples": 2064, "loss": 0.39164968637319714}
{"samples": 2272, "loss": 0.26851375286395734}
{"samples": 2480, "loss": 0.2966417165902945}
{"samples": 2688, "loss": 0.3267420255220853}
{"samples": 2896, "loss": 0.23211361811711237}
{"samples": 3104, "loss": 0.26482288654033953}
{"samples": 3312, "loss": 0.15799111586350661}
{"samples": 3520, "loss": 0.2089968461256761}
{"samples": 3728, "loss": 0.20913131420428938}
{"samples": 3936, "loss": 0.15703861530010516}
{"samples": 4144, "loss": 0.13951602348914513}
{"samples": 4352, "loss": 0.20246769831730768}
{"samples": 4560, "loss": 0.19423404106727013}
{"samples": 4768, "loss": 0.1576364957369291}
{"samples": 4976, "loss": 0.1618179174569937}
{"samples": 5184, "loss": 0.27263355255126953}
{"samples": 5392, "loss": 0.16679697770338792}
{"samples": 5600, "loss": 0.12151197286752555}
{"samples": 5808, "loss": 0.1280210201556866}
{"samples": 6016, "loss": 0.08817005157470703}
{"samples": 6224, "loss": 0.07938641768235427}
{"samples": 6432, "loss": 0.11796951293945312}
{"samples": 6640, "loss": 0.08506026634803185}
{"samples": 6848, "loss": 0.10252637129563552}
{"samples": 7056, "loss": 0.07977610367995042}
{"samples": 7264, "loss": 0.07142862906822792}
{"samples": 7472, "loss": 0.12139008595393254}
