{"samples": 496, "accuracy": 0.7285481744421907, "std": 0.009827282557474438, "lower_bound": 0.7099264705882352, "upper_bound": 0.7474645030425964}
{"samples": 1000, "accuracy": 0.8238235294117646, "std": 0.008530123241907186, "lower_bound": 0.8073022312373225, "upper_bound": 0.8407834685598378}
{"samples": 1504, "accuracy": 0.8931090263691683, "std": 0.007004628323346832, "lower_bound": 0.8788032454361054, "upper_bound": 0.9061866125760649}
{"samples": 2008, "accuracy": 0.795618154158215, "std": 0.008952958868865721, "lower_bound": 0.7783975659229209, "upper_bound": 0.8134127789046652}
{"samples": 2512, "accuracy": 0.8723377281947262, "std": 0.007639978684702767, "lower_bound": 0.8559837728194726, "upper_bound": 0.8864224137931035}
{"samples": 3016, "accuracy": 0.8690451318458418, "std": 0.007200846195241848, "lower_bound": 0.8559837728194726, "upper_bound": 0.8833798174442191}
{"samples": 3520, "accuracy": 0.9215649087221095, "std": 0.006482898801374416, "lower_bound": 0.907707910750507, "upper_bound": 0.9335699797160243}
{"samples": 4024, "accuracy": 0.8689675456389453, "std": 0.007710465574247079, "lower_bound": 0.853448275862069, "upper_bound": 0.8838869168356999}
{"samples": 4528, "accuracy": 0.855107505070994, "std": 0.008141433210244237, "lower_bound": 0.8377281947261663, "upper_bound": 0.8706896551724138}
{"samples": 5032, "accuracy": 0.9272231237322516, "std": 0.005978866211243129, "lower_bound": 0.915314401622718, "upper_bound": 0.9386409736308317}
{"samples": 5536, "accuracy": 0.903026369168357, "std": 0.006774137590149012, "lower_bound": 0.8894523326572008, "upper_bound": 0.9158215010141988}
{"samples": 6040, "accuracy": 0.8928549695740364, "std": 0.007017858021428844, "lower_bound": 0.8782961460446247, "upper_bound": 0.9061866125760649}
{"samples": 6544, "accuracy": 0.8928088235294117, "std": 0.007164505778299488, "lower_bound": 0.8782961460446247, "upper_bound": 0.9061866125760649}
{"samples": 7048, "accuracy": 0.8990273833671399, "std": 0.006803113519436227, "lower_bound": 0.8853955375253549, "upper_bound": 0.9122718052738337}
{"samples": 7552, "accuracy": 0.8751262677484787, "std": 0.0073722206328068075, "lower_bound": 0.8595334685598377, "upper_bound": 0.8894523326572008}
{"samples": 8056, "accuracy": 0.8674112576064908, "std": 0.007479376947655221, "lower_bound": 0.8524213995943204, "upper_bound": 0.8813387423935092}
{"samples": 8560, "accuracy": 0.8858062880324544, "std": 0.00721233507814762, "lower_bound": 0.8716784989858013, "upper_bound": 0.8996069979716025}
{"samples": 9064, "accuracy": 0.8693022312373224, "std": 0.00769432559617463, "lower_bound": 0.8544497971602434, "upper_bound": 0.8833671399594321}
{"samples": 9568, "accuracy": 0.884353448275862, "std": 0.006996390872267262, "lower_bound": 0.8711840770791075, "upper_bound": 0.8975786004056795}
{"samples": 10072, "accuracy": 0.9132058823529412, "std": 0.006644028457623224, "lower_bound": 0.9006085192697769, "upper_bound": 0.9259634888438134}
{"samples": 10576, "accuracy": 0.8940339756592292, "std": 0.007046999065914244, "lower_bound": 0.8788032454361054, "upper_bound": 0.9072008113590264}
{"samples": 11080, "accuracy": 0.9018118661257606, "std": 0.006862759334694147, "lower_bound": 0.8879183569979716, "upper_bound": 0.9148073022312373}
{"samples": 11584, "accuracy": 0.9228230223123732, "std": 0.006005601686248603, "lower_bound": 0.9102434077079108, "upper_bound": 0.9335826572008113}
{"samples": 12088, "accuracy": 0.9143326572008114, "std": 0.006543663363757833, "lower_bound": 0.9011156186612576, "upper_bound": 0.9269776876267748}
{"samples": 12592, "accuracy": 0.8849954361054767, "std": 0.0074077567702822466, "lower_bound": 0.8696754563894523, "upper_bound": 0.8990872210953347}
{"samples": 13096, "accuracy": 0.9053595334685598, "std": 0.006599559868778687, "lower_bound": 0.8935091277890467, "upper_bound": 0.9183696754563895}
{"samples": 13600, "accuracy": 0.9107692697768763, "std": 0.00653075568002585, "lower_bound": 0.8980730223123732, "upper_bound": 0.9229335699797161}
{"samples": 14104, "accuracy": 0.9186698782961461, "std": 0.006357261203970719, "lower_bound": 0.9056795131845842, "upper_bound": 0.9315415821501014}
{"samples": 14608, "accuracy": 0.9207576064908721, "std": 0.006092947307133062, "lower_bound": 0.9087221095334685, "upper_bound": 0.9330628803245437}
{"samples": 15112, "accuracy": 0.8936206896551723, "std": 0.007185217237426398, "lower_bound": 0.8803245436105477, "upper_bound": 0.907707910750507}
{"samples": 15616, "accuracy": 0.8993265720081135, "std": 0.006789400265082172, "lower_bound": 0.8863970588235294, "upper_bound": 0.9127915821501015}
{"samples": 192, "loss": 0.708448486328125}
{"samples": 392, "loss": 0.68424560546875}
{"samples": 592, "loss": 0.675489501953125}
{"samples": 792, "loss": 0.640382080078125}
{"samples": 992, "loss": 0.50707275390625}
{"samples": 1192, "loss": 0.3563471126556397}
{"samples": 1392, "loss": 0.40237667083740236}
{"samples": 1592, "loss": 0.2820351791381836}
{"samples": 1792, "loss": 0.3387649726867676}
{"samples": 1992, "loss": 0.23258048057556152}
{"samples": 2192, "loss": 0.25507297515869143}
{"samples": 2392, "loss": 0.29549417495727537}
{"samples": 2592, "loss": 0.2243556022644043}
{"samples": 2792, "loss": 0.19318464279174805}
{"samples": 2992, "loss": 0.22223840713500975}
{"samples": 3192, "loss": 0.22393468379974366}
{"samples": 3392, "loss": 0.171305251121521}
{"samples": 3592, "loss": 0.20483877658843994}
{"samples": 3792, "loss": 0.22718658447265624}
{"samples": 3992, "loss": 0.246642107963562}
{"samples": 4192, "loss": 0.35771058082580565}
{"samples": 4392, "loss": 0.28190664291381834}
{"samples": 4592, "loss": 0.16821521282196045}
{"samples": 4792, "loss": 0.20840794324874878}
{"samples": 4992, "loss": 0.1799069833755493}
{"samples": 5192, "loss": 0.09214442014694214}
{"samples": 5392, "loss": 0.19275495111942292}
{"samples": 5592, "loss": 0.28713136553764346}
{"samples": 5792, "loss": 0.18048271656036377}
{"samples": 5992, "loss": 0.1871203899383545}
{"samples": 6192, "loss": 0.2524289977550507}
{"samples": 6392, "loss": 0.1658812928199768}
{"samples": 6592, "loss": 0.17608126878738403}
{"samples": 6792, "loss": 0.15665785431861878}
{"samples": 6992, "loss": 0.14774062871932983}
{"samples": 7192, "loss": 0.10981648206710816}
{"samples": 7392, "loss": 0.12770393788814544}
{"samples": 7592, "loss": 0.17106442987918855}
{"samples": 7792, "loss": 0.2104936110973358}
{"samples": 7992, "loss": 0.19316662073135377}
{"samples": 8192, "loss": 0.11545693397521972}
{"samples": 8392, "loss": 0.1462603235244751}
{"samples": 8592, "loss": 0.14667110323905944}
{"samples": 8792, "loss": 0.11957952976226807}
{"samples": 8992, "loss": 0.15436640977859498}
{"samples": 9192, "loss": 0.07242637395858764}
{"samples": 9392, "loss": 0.13894805669784546}
{"samples": 9592, "loss": 0.11968485951423645}
{"samples": 9792, "loss": 0.24207546770572663}
{"samples": 9992, "loss": 0.16763607263565064}
{"samples": 10192, "loss": 0.1697447943687439}
{"samples": 10392, "loss": 0.17255528688430785}
{"samples": 10592, "loss": 0.13560794353485106}
{"samples": 10792, "loss": 0.10482606172561645}
{"samples": 10992, "loss": 0.12360932648181916}
{"samples": 11192, "loss": 0.1298471999168396}
{"samples": 11392, "loss": 0.19179925620555877}
{"samples": 11592, "loss": 0.12776121199131013}
{"samples": 11792, "loss": 0.11452767372131348}
{"samples": 11992, "loss": 0.1315944916009903}
{"samples": 12192, "loss": 0.12783363223075866}
{"samples": 12392, "loss": 0.1376880669593811}
{"samples": 12592, "loss": 0.12010867536067962}
{"samples": 12792, "loss": 0.15713903903961182}
{"samples": 12992, "loss": 0.15379496455192565}
{"samples": 13192, "loss": 0.09018894433975219}
{"samples": 13392, "loss": 0.17620507776737213}
{"samples": 13592, "loss": 0.09247319757938385}
{"samples": 13792, "loss": 0.11486163556575775}
{"samples": 13992, "loss": 0.10144672334194184}
{"samples": 14192, "loss": 0.1553015160560608}
{"samples": 14392,