{"samples": 192, "accuracy": 0.5352922143579374, "std": 0.01111479585648659, "lower_bound": 0.512639029322548, "upper_bound": 0.5581521739130435}
{"samples": 400, "accuracy": 0.6710217391304347, "std": 0.010776164645912117, "lower_bound": 0.6496461071789686, "upper_bound": 0.6916076845298281}
{"samples": 608, "accuracy": 0.753515166835187, "std": 0.009797689326801811, "lower_bound": 0.7340748230535895, "upper_bound": 0.77301567239636}
{"samples": 816, "accuracy": 0.8529752275025277, "std": 0.007886539997995944, "lower_bound": 0.8382204246713852, "upper_bound": 0.8685540950455005}
{"samples": 1024, "accuracy": 0.8577709807886754, "std": 0.007733941888206206, "lower_bound": 0.8432633973710819, "upper_bound": 0.8725985844287159}
{"samples": 1232, "accuracy": 0.8533063700707786, "std": 0.007786436475432097, "lower_bound": 0.8392189079878665, "upper_bound": 0.869072295247725}
{"samples": 1440, "accuracy": 0.8886339737108191, "std": 0.006983673454064241, "lower_bound": 0.8756319514661274, "upper_bound": 0.9019337714863499}
{"samples": 1648, "accuracy": 0.8655894843276036, "std": 0.00773071481137118, "lower_bound": 0.8503412537917088, "upper_bound": 0.8801820020222447}
{"samples": 1856, "accuracy": 0.8959514661274014, "std": 0.006932885103363755, "lower_bound": 0.8827098078867543, "upper_bound": 0.9095045500505561}
{"samples": 2064, "accuracy": 0.9199625884732052, "std": 0.0062146487145534265, "lower_bound": 0.9074823053589485, "upper_bound": 0.9312436804853387}
{"samples": 2272, "accuracy": 0.916191102123357, "std": 0.006122154263714656, "lower_bound": 0.903437815975733, "upper_bound": 0.9282103134479271}
{"samples": 2480, "accuracy": 0.8676557128412538, "std": 0.007584584861293997, "lower_bound": 0.8533746208291203, "upper_bound": 0.8827098078867543}
{"samples": 2688, "accuracy": 0.9067866531850355, "std": 0.006496699566387047, "lower_bound": 0.8938321536905965, "upper_bound": 0.9201213346814965}
{"samples": 2896, "accuracy": 0.9487098078867543, "std": 0.004828617276693597, "lower_bound": 0.9398255813953488, "upper_bound": 0.9580384226491405}
{"samples": 3104, "accuracy": 0.9464135490394338, "std": 0.005164003961337873, "lower_bound": 0.9362866531850353, "upper_bound": 0.9565217391304348}
{"samples": 3312, "accuracy": 0.9420657229524773, "std": 0.005363362262658109, "lower_bound": 0.9312436804853387, "upper_bound": 0.9524772497472194}
{"samples": 3520, "accuracy": 0.9442239635995956, "std": 0.005194733306436521, "lower_bound": 0.9342770475227502, "upper_bound": 0.9539939332659252}
{"samples": 3728, "accuracy": 0.9498766430738119, "std": 0.004722744122138423, "lower_bound": 0.9403437815975733, "upper_bound": 0.9585439838220424}
{"samples": 3936, "accuracy": 0.9437406471183013, "std": 0.0053388322435958735, "lower_bound": 0.9332406471183013, "upper_bound": 0.9539939332659252}
{"samples": 4144, "accuracy": 0.9382618806875632, "std": 0.005224530802274159, "lower_bound": 0.9276921132457027, "upper_bound": 0.9479398382204247}
{"samples": 4352, "accuracy": 0.9463857431749242, "std": 0.004862610227919259, "lower_bound": 0.9368048533872598, "upper_bound": 0.9565217391304348}
{"samples": 4560, "accuracy": 0.9574277047522751, "std": 0.004775954173091109, "lower_bound": 0.9474216380182002, "upper_bound": 0.9666329625884732}
{"samples": 4768, "accuracy": 0.9358478260869565, "std": 0.00567665623106628, "lower_bound": 0.9251769464105156, "upper_bound": 0.9474216380182002}
{"samples": 4976, "accuracy": 0.9450945399393327, "std": 0.00507784270441765, "lower_bound": 0.9342770475227502, "upper_bound": 0.955005055611729}
{"samples": 5184, "accuracy": 0.9502881698685541, "std": 0.004928355424171798, "lower_bound": 0.9408493427704753, "upper_bound": 0.9595551061678463}
{"samples": 5392, "accuracy": 0.9555960566228514, "std": 0.004682611156265386, "lower_bound": 0.9464105156723963, "upper_bound": 0.9635995955510617}
{"samples": 5600, "accuracy": 0.9444004044489384, "std": 0.0051845396632489715, "lower_bound": 0.9337714863498483, "upper_bound": 0.9539939332659252}
{"samples": 5808, "accuracy": 0.9248928210313447, "std": 0.005864077160583908, "lower_bound": 0.9135490394337715, "upper_bound": 0.9362992922143579}
{"samples": 6016, "accuracy": 0.9402093023255813, "std": 0.00533637106425201, "lower_bound": 0.9302199191102123, "upper_bound": 0.9504550050556118}
{"samples": 6224, "accuracy": 0.9151319514661275, "std": 0.006197978721101873, "lower_bound": 0.9029322548028311, "upper_bound": 0.9266936299292214}
{"samples": 6432, "accuracy": 0.9187194135490395, "std": 0.0061684569100535465, "lower_bound": 0.9064711830131446, "upper_bound": 0.9312436804853387}
{"samples": 6640, "accuracy": 0.9408053589484328, "std": 0.0052588431164247535, "lower_bound": 0.9307381193124368, "upper_bound": 0.9509732052578362}
{"samples": 6848, "accuracy": 0.9331678463094035, "std": 0.00595417927133094, "lower_bound": 0.9216253791708796, "upper_bound": 0.9438827098078868}
{"samples": 7056, "accuracy": 0.9211895854398382, "std": 0.00623908844451067, "lower_bound": 0.9099974721941354, "upper_bound": 0.9337841253791709}
{"samples": 7264, "accuracy": 0.9269797775530837, "std": 0.005862889058199154, "lower_bound": 0.9150657229524772, "upper_bound": 0.9373230535894843}
{"samples": 7472, "accuracy": 0.9680303336703742, "std": 0.003958976689544407, "lower_bound": 0.9600606673407482, "upper_bound": 0.9757330637007078}
{"samples": 7680, "accuracy": 0.965649140546006, "std": 0.0039902545421253936, "lower_bound": 0.9580257836198179, "upper_bound": 0.9732052578361982}
{"samples": 7888, "accuracy": 0.944298786653185, "std": 0.00511651063852068, "lower_bound": 0.9342770475227502, "upper_bound": 0.9544994944388271}
{"samples": 8096, "accuracy": 0.962190091001011, "std": 0.004247467793828414, "lower_bound": 0.9534883720930233, "upper_bound": 0.9701845298281092}
{"samples": 8304, "accuracy": 0.9434509605662286, "std": 0.0051145873582457806, "lower_bound": 0.9327603640040445, "upper_bound": 0.952489888776542}
{"samples": 8512, "accuracy": 0.9554802831142568, "std": 0.004629748037308688, "lower_bound": 0.9458923154701718, "upper_bound": 0.9646107178968655}
{"samples": 8720, "accuracy": 0.9496001011122346, "std": 0.005133463245391697, "lower_bound": 0.9388270980788676, "upper_bound": 0.9590495449949444}
{"samples": 8928, "accuracy": 0.9703564206268959, "std": 0.003806032097295659, "lower_bound": 0.9625758341759353, "upper_bound": 0.9782608695652174}
{"samples": 9136, "accuracy": 0.9353781597573306, "std": 0.005643618932912152, "lower_bound": 0.9246713852376137, "upper_bound": 0.9464105156723963}
{"samples": 9344, "accuracy": 0.939933265925177, "std": 0.0053310378352748895, "lower_bound": 0.929726996966633, "upper_bound": 0.9499620829120324}
{"samples": 9552, "accuracy": 0.9247330637007077, "std": 0.005698352108399565, "lower_bound": 0.9145475227502528, "upper_bound": 0.9362992922143579}
{"samples": 9760, "accuracy": 0.957174924165824, "std": 0.004491840207970876, "lower_bound": 0.948432760364004, "upper_bound": 0.9656218402426694}
{"samples": 9968, "accuracy": 0.913298281092012, "std": 0.0062750708973347835, "lower_bound": 0.9009100101112234, "upper_bound": 0.9256825075834176}
{"samples": 10176, "accuracy": 0.9644024266936299, "std": 0.0042542982011874115, "lower_bound": 0.9560161779575329, "upper_bound": 0.9721941354903944}
{"samples": 10384, "accuracy": 0.9610652173913043, "std": 0.004207375669867056, "lower_bound": 0.9529701718907988, "upper_bound": 0.9691607684529828}
{"samples": 10592, "accuracy": 0.9417790697674419, "std": 0.005102238950385523, "lower_bound": 0.9317492416582407, "upper_bound": 0.9514661274014156}
{"samples": 10800, "accuracy": 0.9515171890798787, "std": 0.004798273581298702, "lower_bound": 0.942366026289181, "upper_bound": 0.9605662285136501}
{"samples": 11008, "accuracy": 0.9711552072800809, "std": 0.003771024641226305, "lower_bound": 0.9641051567239636, "upper_bound": 0.9787664307381193}
{"samples": 11216, "accuracy": 0.9681986855409505, "std": 0.004080902533147216, "lower_bound": 0.9600606673407482,