{"train/loss": 0.3591237887740135, "train/learning_rate": 1.293103448275862e-05, "train/epoch": 0, "_timestamp": 1718009243.566301, "_runtime": 647.4228792190552, "_step": 15552, "eval/accuracy": 0.768762677484787, "eval/loss": 0.4590169249042388, "_wandb": {"runtime": 647}}