{
    "accuracy": 0.9377088353413654,
    "precision": 0.9161801783784219,
    "recall": 0.9637324352269974,
    "f1_score": 0.939327765624445,
    "fp_rate": 0.08838145161557165,
    "tp_rate": 0.9637324352269974,
    "std_accuracy": 0.005619462394850184,
    "std_precision": 0.008688184081171564,
    "std_recall": 0.005895754383738535,
    "std_f1_score": 0.005596829557205524,
    "std_fp_rate": 0.009252073385853953,
    "std_tp_rate": 0.005895754383738535,
    "TP": 960.95,
    "TN": 906.966,
    "FP": 87.924,
    "FN": 36.16,
    "roc_auc": 0.9875223786713118,
    "fpr_at_thresholds": [
        0.0,
        0.0,
        0.0,
        0.001004016064257028,
        0.001004016064257028,
        0.002008032128514056,
        0.002008032128514056,
        0.0030120481927710845,
        0.0030120481927710845,
        0.004016064257028112,
        0.004016064257028112,
        0.0050200803212851405,
        0.0050200803212851405,
        0.006024096385542169,
        0.006024096385542169,
        0.007028112449799197,
        0.007028112449799197,
        0.008032128514056224,
        0.008032128514056224,
        0.009036144578313253,
        0.009036144578313253,
        0.010040160642570281,
        0.010040160642570281,
        0.01104417670682731,
        0.01104417670682731,
        0.012048192771084338,
        0.012048192771084338,
        0.015060240963855422,
        0.015060240963855422,
        0.01606425702811245,
        0.01606425702811245,
        0.01706827309236948,
        0.01706827309236948,
        0.018072289156626505,
        0.018072289156626505,
        0.019076305220883535,
        0.019076305220883535,
        0.020080321285140562,
        0.020080321285140562,
        0.02108433734939759,
        0.02108433734939759,
        0.02208835341365462,
        0.02208835341365462,
        0.023092369477911646,
        0.023092369477911646,
        0.024096385542168676,
        0.024096385542168676,
        0.025100401606425703,
        0.025100401606425703,
        0.02710843373493976,
        0.02710843373493976,
        0.029116465863453816,
        0.029116465863453816,
        0.03112449799196787,
        0.03112449799196787,
        0.03313253012048193,
        0.03313253012048193,
        0.03614457831325301,
        0.03614457831325301,
        0.03714859437751004,
        0.03714859437751004,
        0.03815261044176707,
        0.03815261044176707,
        0.0391566265060241,
        0.0391566265060241,
        0.040160642570281124,
        0.040160642570281124,
        0.04116465863453815,
        0.04116465863453815,
        0.04216867469879518,
        0.04216867469879518,
        0.04317269076305221,
        0.04317269076305221,
        0.045180722891566265,
        0.045180722891566265,
        0.04718875502008032,
        0.04718875502008032,
        0.04819277108433735,
        0.04819277108433735,
        0.05120481927710843,
        0.05120481927710843,
        0.05220883534136546,
        0.05220883534136546,
        0.05321285140562249,
        0.05321285140562249,
        0.05622489959839357,
        0.05622489959839357,
        0.0572289156626506,
        0.0572289156626506,
        0.06124497991967871,
        0.06124497991967871,
        0.06224899598393574,
        0.06224899598393574,
        0.06325301204819277,
        0.06325301204819277,
        0.0642570281124498,
        0.0642570281124498,
        0.06626506024096386,
        0.06626506024096386,
        0.06827309236947791,
        0.06827309236947791,
        0.071285140562249,
        0.071285140562249,
        0.07329317269076305,
        0.07329317269076305,
        0.07429718875502007,
        0.07429718875502007,
        0.07730923694779117,
        0.07730923694779117,
        0.07931726907630522,
        0.07931726907630522,
        0.08032128514056225,
        0.08032128514056225,
        0.08132530120481928,
        0.08132530120481928,
        0.08333333333333333,
        0.08333333333333333,
        0.09036144578313253,
        0.09036144578313253,
        0.09136546184738956,
        0.09136546184738956,
        0.09538152610441768,
        0.09538152610441768,
        0.09939759036144578,
        0.09939759036144578,
        0.10642570281124498,
        0.10642570281124498,
        0.10843373493975904,
        0.10843373493975904,
        0.11144578313253012,
        0.11144578313253012,
        0.1144578313253012,
        0.1144578313253012,
        0.12951807228915663,
        0.12951807228915663,
        0.13152610441767068,
        0.13152610441767068,
        0.13253012048192772,
        0.13253012048192772,
        0.13453815261044177,
        0.13453815261044177,
        0.14156626506024098,
        0.14156626506024098,
        0.14457831325301204,
        0.14457831325301204,
        0.15160642570281124,
        0.15160642570281124,
        0.1536144578313253,
        0.1536144578313253,
        0.15461847389558234,
        0.15461847389558234,
        0.1606425702811245,
        0.1606425702811245,
        0.1706827309236948,
        0.1706827309236948,
        0.1716867469879518,
        0.1716867469879518,
        0.18473895582329317,
        0.18473895582329317,
        0.20783132530120482,
        0.20783132530120482,
        0.21686746987951808,
        0.21686746987951808,
        0.21987951807228914,
        0.21987951807228914,
        0.2560240963855422,
        0.2560240963855422,
        0.2620481927710843,
        0.2620481927710843,
        0.2680722891566265,
        0.2680722891566265,
        0.26907630522088355,
        0.26907630522088355,
        0.29417670682730923,
        0.29417670682730923,
        1.0
    ],