{
    "accuracy": 0.9521729019211325,
    "precision": 0.9172374531570456,
    "recall": 0.99404092720187,
    "f1_score": 0.9540729655147565,
    "fp_rate": 0.0896942148421337,
    "tp_rate": 0.99404092720187,
    "std_accuracy": 0.004979087067761754,
    "std_precision": 0.008743369637491538,
    "std_recall": 0.002421711124846225,
    "std_f1_score": 0.00485895995258736,
    "std_fp_rate": 0.009571485545773263,
    "std_tp_rate": 0.002421711124846225,
    "TP": 983.074,
    "TN": 900.324,
    "FP": 88.709,
    "FN": 5.893,
    "roc_auc": 0.9951805553709613,
    "fpr_at_thresholds": [
        0.0,
        0.0,
        0.0,
        0.0010111223458038423,
        0.0010111223458038423,
        0.0020222446916076846,
        0.0020222446916076846,
        0.003033367037411527,
        0.003033367037411527,
        0.004044489383215369,
        0.004044489383215369,
        0.005055611729019211,
        0.005055611729019211,
        0.006066734074823054,
        0.006066734074823054,
        0.007077856420626896,
        0.007077856420626896,
        0.008088978766430738,
        0.008088978766430738,
        0.00910010111223458,
        0.00910010111223458,
        0.010111223458038422,
        0.010111223458038422,
        0.011122345803842264,
        0.011122345803842264,
        0.012133468149646108,
        0.012133468149646108,
        0.014155712841253791,
        0.014155712841253791,
        0.015166835187057633,
        0.015166835187057633,
        0.016177957532861477,
        0.016177957532861477,
        0.017189079878665317,
        0.017189079878665317,
        0.01820020222446916,
        0.01820020222446916,
        0.019211324570273004,
        0.019211324570273004,
        0.020222446916076844,
        0.020222446916076844,
        0.023255813953488372,
        0.023255813953488372,
        0.024266936299292215,
        0.024266936299292215,
        0.025278058645096056,
        0.025278058645096056,
        0.0262891809908999,
        0.0262891809908999,
        0.027300303336703743,
        0.027300303336703743,
        0.029322548028311426,
        0.029322548028311426,
        0.030333670374115267,
        0.030333670374115267,
        0.033367037411526794,
        0.033367037411526794,
        0.03741152679474216,
        0.03741152679474216,
        0.04044489383215369,
        0.04044489383215369,
        0.041456016177957536,
        0.041456016177957536,
        0.042467138523761376,
        0.042467138523761376,
        0.043478260869565216,
        0.043478260869565216,
        0.044489383215369056,
        0.044489383215369056,
        0.0455005055611729,
        0.0455005055611729,
        0.047522750252780584,
        0.047522750252780584,
        0.04853387259858443,
        0.04853387259858443,
        0.0525783619817998,
        0.0525783619817998,
        0.05358948432760364,
        0.05358948432760364,
        0.056622851365015166,
        0.056622851365015166,
        0.057633973710819006,
        0.057633973710819006,
        0.06673407482305359,
        0.06673407482305359,
        0.07280080889787664,
        0.07280080889787664,
        0.07785642062689585,
        0.07785642062689585,
        0.07987866531850354,
        0.07987866531850354,
        0.08088978766430738,
        0.08088978766430738,
        0.08796764408493428,
        0.08796764408493428,
        0.08897876643073811,
        0.08897876643073811,
        0.10010111223458039,
        0.10010111223458039,
        0.10920121334681497,
        0.10920121334681497,
        0.13751263902932254,
        0.13751263902932254,
        0.14560161779575329,
        0.14560161779575329,
        0.1577350859453994,
        0.1577350859453994,
        1.0
    ],
    "tpr_at_thresholds": [
        0.0,
        0.0010111223458038423,
        0.544994944388271,
        0.544994944388271,
        0.737108190091001,
        0.737108190091001,
        0.8270980788675429,
        0.8270980788675429,
        0.8382204246713852,
        0.8382204246713852,
        0.8513650151668352,
        0.8513650151668352,
        0.8675429726996967,
        0.8675429726996967,
        0.871587462082912,
        0.871587462082912,
        0.8776541961577351,
        0.8776541961577351,
        0.8887765419615774,
        0.8887765419615774,
        0.8918099089989889,
        0.8918099089989889,
        0.8928210313447927,
        0.8928210313447927,
        0.8968655207280081,
        0.8968655207280081,
        0.9009100101112234,
        0.9009100101112234,
        0.9049544994944388,
        0.9049544994944388,
        0.910010111223458,
        0.910010111223458,
        0.9130434782608695,
        0.9130434782608695,
        0.9140546006066734,
        0.9140546006066734,
        0.9180990899898888,
        0.9180990899898888,
        0.9292214357937311,
        0.9292214357937311,
        0.9312436804853387,
        0.9312436804853387,
        0.9352881698685541,
        0.9352881698685541,
        0.9362992922143579,
        0.9362992922143579,
        0.9403437815975733,
        0.9403437815975733,
        0.9453993933265925,
        0.9453993933265925,
        0.9464105156723963,
        0.9464105156723963,
        0.948432760364004,
        0.948432760364004,
        0.9494438827098078,
        0.9494438827098078,
        0.9514661274014156,
        0.9514661274014156,
        0.9544994944388271,
        0.9544994944388271,
        0.961577350859454,
        0.961577350859454,
        0.9625884732052579,
        0.9625884732052579,
        0.9666329625884732,
        0.9666329625884732,
        0.967644084934277,
        0.967644084934277,
        0.9686552072800809,
        0.9686552072800809,
        0.9726996966632963,
        0.9726996966632963,
        0.974721941354904,
        0.974721941354904,
        0.9757330637007078,
        0.9757330637007078,
        0.980788675429727,
        0.980788675429727,
        0.9817997977755308,
        0.9817997977755308,
        0.9838220424671386,
        0.9838220424671386,
        0.9878665318503539,
        0.9878665318503539,
        0.9888776541961577,
        0.9888776541961577,
        0.9898887765419616,
        0.9898887765419616,
        0.9908998988877654,
        0.9908998988877654,
        0.9919110212335692,
        0.9919110212335692,
        0.9929221435793731,
        0.9929221435793731,
        0.993933265925177,
        0.993933265925177,
        0.9949443882709808,
        0.9949443882709808,
        0.9959555106167847,
        0.9959555106167847,
        0.9969666329625885,
        0.9969666329625885,
        0.9979777553083923,
        0.9979777553083923,
        0.9989888776541962,
        0.9989888776541962,
        1.0,
        1.0
    ],