{
    "accuracy": 0.9439208592425098,
    "precision": 0.9271165715259038,
    "recall": 0.9636702307317098,
    "f1_score": 0.9450110306726369,
    "fp_rate": 0.07585577851805322,
    "tp_rate": 0.9636702307317098,
    "std_accuracy": 0.0055041588398843065,
    "std_precision": 0.00863770844389802,
    "std_recall": 0.0062302869538754385,
    "std_f1_score": 0.005510352043769228,
    "std_fp_rate": 0.009100108594813356,
    "std_tp_rate": 0.0062302869538754385,
    "TP": 852.854,
    "TN": 816.942,
    "FP": 67.051,
    "FN": 32.153,
    "roc_auc": 0.989068691361812,
    "fpr_at_thresholds": [
        0.0,
        0.0,
        0.0,
        0.0011312217194570137,
        0.0011312217194570137,
        0.0022624434389140274,
        0.0022624434389140274,
        0.003393665158371041,
        0.003393665158371041,
        0.004524886877828055,
        0.004524886877828055,
        0.005656108597285068,
        0.005656108597285068,
        0.006787330316742082,
        0.006787330316742082,
        0.007918552036199095,
        0.007918552036199095,
        0.00904977375565611,
        0.00904977375565611,
        0.010180995475113122,
        0.010180995475113122,
        0.011312217194570135,
        0.011312217194570135,
        0.012443438914027148,
        0.012443438914027148,
        0.013574660633484163,
        0.013574660633484163,
        0.014705882352941176,
        0.014705882352941176,
        0.01583710407239819,
        0.01583710407239819,
        0.016968325791855202,
        0.016968325791855202,
        0.01809954751131222,
        0.01809954751131222,
        0.020361990950226245,
        0.020361990950226245,
        0.021493212669683258,
        0.021493212669683258,
        0.02262443438914027,
        0.02262443438914027,
        0.024886877828054297,
        0.024886877828054297,
        0.026018099547511313,
        0.026018099547511313,
        0.02828054298642534,
        0.02828054298642534,
        0.029411764705882353,
        0.029411764705882353,
        0.03167420814479638,
        0.03167420814479638,
        0.032805429864253395,
        0.032805429864253395,
        0.03506787330316742,
        0.03506787330316742,
        0.03619909502262444,
        0.03619909502262444,
        0.038461538461538464,
        0.038461538461538464,
        0.04072398190045249,
        0.04072398190045249,
        0.0418552036199095,
        0.0418552036199095,
        0.042986425339366516,
        0.042986425339366516,
        0.04524886877828054,
        0.04524886877828054,
        0.04638009049773756,
        0.04638009049773756,
        0.049773755656108594,
        0.049773755656108594,
        0.05090497737556561,
        0.05090497737556561,
        0.053167420814479636,
        0.053167420814479636,
        0.05429864253393665,
        0.05429864253393665,
        0.05656108597285068,
        0.05656108597285068,
        0.06221719457013575,
        0.06221719457013575,
        0.06334841628959276,
        0.06334841628959276,
        0.06561085972850679,
        0.06561085972850679,
        0.0667420814479638,
        0.0667420814479638,
        0.06787330316742081,
        0.06787330316742081,
        0.06900452488687783,
        0.06900452488687783,
        0.07126696832579185,
        0.07126696832579185,
        0.07239819004524888,
        0.07239819004524888,
        0.0746606334841629,
        0.0746606334841629,
        0.0757918552036199,
        0.0757918552036199,
        0.07692307692307693,
        0.07692307692307693,
        0.07805429864253394,
        0.07805429864253394,
        0.08031674208144797,
        0.08031674208144797,
        0.08144796380090498,
        0.08144796380090498,
        0.09049773755656108,
        0.09049773755656108,
        0.09276018099547512,
        0.09276018099547512,
        0.09502262443438914,
        0.09502262443438914,
        0.09615384615384616,
        0.09615384615384616,
        0.09728506787330317,
        0.09728506787330317,
        0.09841628959276018,
        0.09841628959276018,
        0.10294117647058823,
        0.10294117647058823,
        0.10633484162895927,
        0.10633484162895927,
        0.11312217194570136,
        0.11312217194570136,
        0.11425339366515837,
        0.11425339366515837,
        0.11764705882352941,
        0.11764705882352941,
        0.11990950226244344,
        0.11990950226244344,
        0.12782805429864252,
        0.12782805429864252,
        0.13009049773755657,
        0.13009049773755657,
        0.1346153846153846,
        0.1346153846153846,
        0.1425339366515837,
        0.1425339366515837,
        0.15723981900452488,
        0.15723981900452488,
        0.16968325791855204,
        0.16968325791855204,
        0.24434389140271492,
        0.24434389140271492,
        0.252262443438914,
        0.252262443438914,
        1.0
    ],