{
    "accuracy": 0.9512484939759036,
    "precision": 0.9174608409530556,
    "recall": 0.9918552851646605,
    "f1_score": 0.9531854449683792,
    "fp_rate": 0.08945427683194655,
    "tp_rate": 0.9918552851646605,
    "std_accuracy": 0.004859900089816853,
    "std_precision": 0.008537210858081137,
    "std_recall": 0.0028277810292787193,
    "std_f1_score": 0.004717757892006966,
    "std_fp_rate": 0.009439948942785287,
    "std_tp_rate": 0.0028277810292787193,
    "TP": 988.987,
    "TN": 905.9,
    "FP": 88.99,
    "FN": 8.123,
    "roc_auc": 0.9954285011532072,
    "fpr_at_thresholds": [
        0.0,
        0.0,
        0.0,
        0.001004016064257028,
        0.001004016064257028,
        0.002008032128514056,
        0.002008032128514056,
        0.0030120481927710845,
        0.0030120481927710845,
        0.004016064257028112,
        0.004016064257028112,
        0.0050200803212851405,
        0.0050200803212851405,
        0.006024096385542169,
        0.006024096385542169,
        0.007028112449799197,
        0.007028112449799197,
        0.008032128514056224,
        0.008032128514056224,
        0.009036144578313253,
        0.009036144578313253,
        0.010040160642570281,
        0.010040160642570281,
        0.01104417670682731,
        0.01104417670682731,
        0.012048192771084338,
        0.012048192771084338,
        0.014056224899598393,
        0.014056224899598393,
        0.015060240963855422,
        0.015060240963855422,
        0.01606425702811245,
        0.01606425702811245,
        0.01706827309236948,
        0.01706827309236948,
        0.018072289156626505,
        0.018072289156626505,
        0.019076305220883535,
        0.019076305220883535,
        0.020080321285140562,
        0.020080321285140562,
        0.02208835341365462,
        0.02208835341365462,
        0.023092369477911646,
        0.023092369477911646,
        0.025100401606425703,
        0.025100401606425703,
        0.02610441767068273,
        0.02610441767068273,
        0.02710843373493976,
        0.02710843373493976,
        0.03313253012048193,
        0.03313253012048193,
        0.03614457831325301,
        0.03614457831325301,
        0.03714859437751004,
        0.03714859437751004,
        0.040160642570281124,
        0.040160642570281124,
        0.04116465863453815,
        0.04116465863453815,
        0.04216867469879518,
        0.04216867469879518,
        0.04718875502008032,
        0.04718875502008032,
        0.04919678714859438,
        0.04919678714859438,
        0.05120481927710843,
        0.05120481927710843,
        0.05220883534136546,
        0.05220883534136546,
        0.05421686746987952,
        0.05421686746987952,
        0.05622489959839357,
        0.05622489959839357,
        0.0642570281124498,
        0.0642570281124498,
        0.07228915662650602,
        0.07228915662650602,
        0.0783132530120482,
        0.0783132530120482,
        0.07931726907630522,
        0.07931726907630522,
        0.08433734939759036,
        0.08433734939759036,
        0.10843373493975904,
        0.10843373493975904,
        0.1144578313253012,
        0.1144578313253012,
        0.142570281124498,
        0.142570281124498,
        0.14357429718875503,
        0.14357429718875503,
        0.16265060240963855,
        0.16265060240963855,
        0.21987951807228914,
        0.21987951807228914,
        0.2821285140562249,
        0.2821285140562249,
        1.0
    ],
    "tpr_at_thresholds": [
        0.0,
        0.001004016064257028,
        0.48293172690763053,
        0.48293172690763053,
        0.7459839357429718,
        0.7459839357429718,
        0.8453815261044176,
        0.8453815261044176,
        0.8524096385542169,
        0.8524096385542169,
        0.8674698795180723,
        0.8674698795180723,
        0.8905622489959839,
        0.8905622489959839,
        0.8955823293172691,
        0.8955823293172691,
        0.9036144578313253,
        0.9036144578313253,
        0.9066265060240963,
        0.9066265060240963,
        0.9086345381526104,
        0.9086345381526104,
        0.9096385542168675,
        0.9096385542168675,
        0.9106425702811245,
        0.9106425702811245,
        0.9196787148594378,
        0.9196787148594378,
        0.9226907630522089,
        0.9226907630522089,
        0.928714859437751,
        0.928714859437751,
        0.9307228915662651,
        0.9307228915662651,
        0.9327309236947792,
        0.9327309236947792,
        0.9337349397590361,
        0.9337349397590361,
        0.9477911646586346,
        0.9477911646586346,
        0.9508032128514057,
        0.9508032128514057,
        0.9518072289156626,
        0.9518072289156626,
        0.9568273092369478,
        0.9568273092369478,
        0.9578313253012049,
        0.9578313253012049,
        0.9598393574297188,
        0.9598393574297188,
        0.9618473895582329,
        0.9618473895582329,
        0.963855421686747,
        0.963855421686747,
        0.9658634538152611,
        0.9658634538152611,
        0.9668674698795181,
        0.9668674698795181,
        0.9698795180722891,
        0.9698795180722891,
        0.9738955823293173,
        0.9738955823293173,
        0.9769076305220884,
        0.9769076305220884,
        0.9789156626506024,
        0.9789156626506024,
        0.9799196787148594,
        0.9799196787148594,
        0.9819277108433735,
        0.9819277108433735,
        0.9829317269076305,
        0.9829317269076305,
        0.9849397590361446,
        0.9849397590361446,
        0.9859437751004017,
        0.9859437751004017,
        0.9869477911646586,
        0.9869477911646586,
        0.9879518072289156,
        0.9879518072289156,
        0.9899598393574297,
        0.9899598393574297,
        0.9909638554216867,
        0.9909638554216867,
        0.9919678714859438,
        0.9919678714859438,
        0.9929718875502008,
        0.9929718875502008,
        0.9939759036144579,
        0.9939759036144579,
        0.9959839357429718,
        0.9959839357429718,
        0.9969879518072289,
        0.9969879518072289,
        0.9979919678714859,
        0.9979919678714859,
        0.998995983935743,
        0.998995983935743,
        1.0,
        1.0
    ],