{
    "accuracy": 0.9453443204868154,
    "precision": 0.9157302557555976,
    "recall": 0.9810075792034811,
    "f1_score": 0.9472213863420836,
    "fp_rate": 0.09033919745822157,
    "tp_rate": 0.9810075792034811,
    "std_accuracy": 0.005080241036332948,
    "std_precision": 0.008400141149400563,
    "std_recall": 0.004394921340251052,
    "std_f1_score": 0.004979672025295898,
    "std_fp_rate": 0.009148771673696382,
    "std_tp_rate": 0.004394921340251052,
    "TP": 967.519,
    "TN": 896.7,
    "FP": 89.048,
    "FN": 18.733,
    "roc_auc": 0.9933120481878139,
    "fpr_at_thresholds": [
        0.0,
        0.0,
        0.0,
        0.0010141987829614604,
        0.0010141987829614604,
        0.002028397565922921,
        0.002028397565922921,
        0.0030425963488843813,
        0.0030425963488843813,
        0.004056795131845842,
        0.004056795131845842,
        0.005070993914807302,
        0.005070993914807302,
        0.006085192697768763,
        0.006085192697768763,
        0.007099391480730223,
        0.007099391480730223,
        0.008113590263691683,
        0.008113590263691683,
        0.009127789046653144,
        0.009127789046653144,
        0.010141987829614604,
        0.010141987829614604,
        0.012170385395537525,
        0.012170385395537525,
        0.014198782961460446,
        0.014198782961460446,
        0.015212981744421906,
        0.015212981744421906,
        0.016227180527383367,
        0.016227180527383367,
        0.017241379310344827,
        0.017241379310344827,
        0.018255578093306288,
        0.018255578093306288,
        0.019269776876267748,
        0.019269776876267748,
        0.02028397565922921,
        0.02028397565922921,
        0.02129817444219067,
        0.02129817444219067,
        0.02231237322515213,
        0.02231237322515213,
        0.02332657200811359,
        0.02332657200811359,
        0.02636916835699797,
        0.02636916835699797,
        0.029411764705882353,
        0.029411764705882353,
        0.030425963488843813,
        0.030425963488843813,
        0.03144016227180527,
        0.03144016227180527,
        0.033468559837728194,
        0.033468559837728194,
        0.034482758620689655,
        0.034482758620689655,
        0.037525354969574036,
        0.037525354969574036,
        0.038539553752535496,
        0.038539553752535496,
        0.04056795131845842,
        0.04056795131845842,
        0.04259634888438134,
        0.04259634888438134,
        0.04462474645030426,
        0.04462474645030426,
        0.04563894523326572,
        0.04563894523326572,
        0.04766734279918864,
        0.04766734279918864,
        0.0486815415821501,
        0.0486815415821501,
        0.05273833671399594,
        0.05273833671399594,
        0.058823529411764705,
        0.058823529411764705,
        0.06288032454361055,
        0.06288032454361055,
        0.06389452332657201,
        0.06389452332657201,
        0.06490872210953347,
        0.06490872210953347,
        0.06693711967545639,
        0.06693711967545639,
        0.0720081135902637,
        0.0720081135902637,
        0.07403651115618662,
        0.07403651115618662,
        0.07505070993914807,
        0.07505070993914807,
        0.08316430020283976,
        0.08316430020283976,
        0.10040567951318459,
        0.10040567951318459,
        0.10141987829614604,
        0.10141987829614604,
        0.10547667342799188,
        0.10547667342799188,
        0.10649087221095335,
        0.10649087221095335,
        0.10851926977687627,
        0.10851926977687627,
        0.10953346855983773,
        0.10953346855983773,
        0.11460446247464504,
        0.11460446247464504,
        0.11663286004056796,
        0.11663286004056796,
        0.12170385395537525,
        0.12170385395537525,
        0.12474645030425964,
        0.12474645030425964,
        0.12981744421906694,
        0.12981744421906694,
        0.15618661257606492,
        0.15618661257606492,
        0.15720081135902636,
        0.15720081135902636,
        0.17139959432048682,
        0.17139959432048682,
        0.17647058823529413,
        0.17647058823529413,
        0.19776876267748478,
        0.19776876267748478,
        0.2535496957403651,
        0.2535496957403651,
        0.32961460446247465,
        0.32961460446247465,
        0.44523326572008115,
        0.44523326572008115,
        1.0
    ],