{
    "accuracy": 0.9717893333333334,
    "precision": 0.9632347343292226,
    "recall": 0.981150719179826,
    "f1_score": 0.9720741422229876,
    "fp_rate": 0.03759766534711857,
    "tp_rate": 0.981150719179826,
    "std_accuracy": 0.006210676971509985,
    "std_precision": 0.009968279142405735,
    "std_recall": 0.00679164542189339,
    "std_f1_score": 0.006210701167174582,
    "std_fp_rate": 0.010178562996981453,
    "std_tp_rate": 0.00679164542189339,
    "TP": 368.631,
    "TN": 360.211,
    "FP": 14.073,
    "FN": 7.085,
    "roc_auc": 0.9938488888888889,
    "fpr_at_thresholds": [
        0.0,
        0.0,
        0.0,
        0.008,
        0.008,
        0.010666666666666666,
        0.010666666666666666,
        0.018666666666666668,
        0.018666666666666668,
        0.021333333333333333,
        0.021333333333333333,
        0.029333333333333333,
        0.029333333333333333,
        0.05333333333333334,
        0.05333333333333334,
        0.06133333333333333,
        0.06133333333333333,
        0.07733333333333334,
        0.07733333333333334,
        0.09333333333333334,
        0.09333333333333334,
        0.10933333333333334,
        0.10933333333333334,
        0.112,
        0.128,
        0.13066666666666665,
        0.16266666666666665,
        0.16266666666666665,
        0.26666666666666666,
        0.26666666666666666,
        0.3466666666666667,
        0.34933333333333333,
        0.3546666666666667,
        0.49866666666666665,
        0.504,
        0.592,
        0.5973333333333334,
        0.6213333333333333,
        0.6266666666666667,
        0.6346666666666667,
        0.64,
        0.648,
        0.6533333333333333,
        0.6853333333333333,
        0.688,
        0.72,
        0.7253333333333334,
        0.7333333333333333,
        0.7386666666666667,
        0.7626666666666667,
        0.7653333333333333,
        0.7973333333333333,
        0.8026666666666666,
        0.8506666666666667,
        0.8533333333333334,
        0.8853333333333333,
        0.8906666666666667,
        0.9866666666666667,
        0.992,
        1.0
    ],
    "tpr_at_thresholds": [
        0.0,
        0.0026666666666666666,
        0.5546666666666666,
        0.5546666666666666,
        0.936,
        0.936,
        0.944,
        0.944,
        0.96,
        0.96,
        0.9733333333333334,
        0.9733333333333334,
        0.9813333333333333,
        0.9813333333333333,
        0.984,
        0.984,
        0.9866666666666667,
        0.9866666666666667,
        0.9893333333333333,
        0.9893333333333333,
        0.992,
        0.992,
        0.9946666666666667,
        0.9946666666666667,
        0.9946666666666667,
        0.9946666666666667,
        0.9946666666666667,
        0.9973333333333333,
        0.9973333333333333,
        1.0,
        1.0,
        1.0,
        1.0,
        1.0,
        1.0,
        1.0,
        1.0,
        1.0,
        1.0,
        1.0,
        1.0,
        1.0,
        1.0,
        1.0,
        1.0,
        1.0,
        1.0,
        1.0,
        1.0,
        1.0,
        1.0,
        1.0,
        1.0,
        1.0,
        1.0,
        1.0,
        1.0,
        1.0,
        1.0,
        1.0
    ],
    "thresholds": [
        Infinity,
        4.084603309631348,
        2.4942524433135986,
        2.4932711124420166,
        0.5661953091621399,
        0.531262993812561,
        0.4705488085746765,
        0.4339807331562042,
        0.18759828805923462,
        0.1647489070892334,
        -0.01528099924325943,
        -0.06778713315725327,
        -0.2831055819988251,
        -0.35557883977890015,
        -0.42707517743110657,
        -0.4646598696708679,
        -0.4826086759567261,
        -0.5599037408828735,
        -0.5737510919570923,
        -0.6298856139183044,
        -0.6598167419433594,
        -0.8166957497596741,
        -0.8399075865745544,
        -0.9203022122383118,
        -0.9482749104499817,
        -1.051405429840088,
        -1.2407907247543335,
        -1.2577494382858276,
        -1.975417971611023,
        -1.9899758100509644,
        -2.542978525161743,
        -2.6855309009552,
        -2.6917004585266113,
        -3.0752005577087402,
        -3.0764830112457275,
        -3.277255058288574,
        -3.279432535171509,
        -3.3340697288513184,
        -3.3657524585723877,
        -3.3949995040893555,
        -3.401285171508789,
        -3.423705577850342,
        -3.4264395236968994,
        -3.5226030349731445,
        -3.6519274711608887,
        -3.7048919200897217,
        -3.705916404724121,
        -3.7074670791625977,
        -3.715846061706543,
        -3.7743747234344482,
        -3.778352975845337,
        -3.8223447799682617,
        -3.8512372970581055,
        -3.940772771835327,
        -3.9572770595550537,
        -4.020172119140625,
        -4.0215229988098145,
        -4.255822658538818,
        -4.305620193481445,
        -4.3241190910339355
    ]
}