{
    "accuracy": 0.9467399598393574,
    "precision": 0.9151930149670265,
    "recall": 0.984860230076034,
    "f1_score": 0.94872635112174,
    "fp_rate": 0.09146117289056577,
    "tp_rate": 0.984860230076034,
    "std_accuracy": 0.005014081858003521,
    "std_precision": 0.008420836750997546,
    "std_recall": 0.003934217867043835,
    "std_f1_score": 0.00495613358785132,
    "std_fp_rate": 0.009001377588131005,
    "std_tp_rate": 0.003934217867043835,
    "TP": 982.013,
    "TN": 903.893,
    "FP": 90.997,
    "FN": 15.097,
    "roc_auc": 0.9952137868744052,
    "fpr_at_thresholds": [
        0.0,
        0.0,
        0.0,
        0.001004016064257028,
        0.001004016064257028,
        0.002008032128514056,
        0.002008032128514056,
        0.0030120481927710845,
        0.0030120481927710845,
        0.004016064257028112,
        0.004016064257028112,
        0.0050200803212851405,
        0.0050200803212851405,
        0.006024096385542169,
        0.006024096385542169,
        0.007028112449799197,
        0.007028112449799197,
        0.008032128514056224,
        0.008032128514056224,
        0.009036144578313253,
        0.009036144578313253,
        0.010040160642570281,
        0.010040160642570281,
        0.01104417670682731,
        0.01104417670682731,
        0.012048192771084338,
        0.012048192771084338,
        0.013052208835341365,
        0.013052208835341365,
        0.014056224899598393,
        0.014056224899598393,
        0.015060240963855422,
        0.015060240963855422,
        0.01706827309236948,
        0.01706827309236948,
        0.018072289156626505,
        0.018072289156626505,
        0.019076305220883535,
        0.019076305220883535,
        0.020080321285140562,
        0.020080321285140562,
        0.02208835341365462,
        0.02208835341365462,
        0.024096385542168676,
        0.024096385542168676,
        0.02610441767068273,
        0.02610441767068273,
        0.02710843373493976,
        0.02710843373493976,
        0.028112449799196786,
        0.028112449799196786,
        0.030120481927710843,
        0.030120481927710843,
        0.03815261044176707,
        0.03815261044176707,
        0.04116465863453815,
        0.04116465863453815,
        0.04718875502008032,
        0.04718875502008032,
        0.04919678714859438,
        0.04919678714859438,
        0.05421686746987952,
        0.05421686746987952,
        0.055220883534136546,
        0.055220883534136546,
        0.05622489959839357,
        0.05622489959839357,
        0.05823293172690763,
        0.05823293172690763,
        0.05923694779116466,
        0.05923694779116466,
        0.06626506024096386,
        0.06626506024096386,
        0.07429718875502007,
        0.07429718875502007,
        0.0823293172690763,
        0.0823293172690763,
        0.08333333333333333,
        0.08333333333333333,
        0.08634538152610442,
        0.08634538152610442,
        0.11044176706827309,
        0.11044176706827309,
        0.1144578313253012,
        0.1144578313253012,
        0.12449799196787148,
        0.12449799196787148,
        0.12751004016064257,
        0.12751004016064257,
        0.12951807228915663,
        0.12951807228915663,
        0.13855421686746988,
        0.13855421686746988,
        0.15562248995983935,
        0.15562248995983935,
        0.1566265060240964,
        0.1566265060240964,
        0.19176706827309237,
        0.19176706827309237,
        0.21586345381526104,
        0.21586345381526104,
        0.21686746987951808,
        0.21686746987951808,
        1.0
    ],
    "tpr_at_thresholds": [
        0.0,
        0.001004016064257028,
        0.6024096385542169,
        0.6024096385542169,
        0.7720883534136547,
        0.7720883534136547,
        0.8644578313253012,
        0.8644578313253012,
        0.8664658634538153,
        0.8664658634538153,
        0.8815261044176707,
        0.8815261044176707,
        0.8955823293172691,
        0.8955823293172691,
        0.8975903614457831,
        0.8975903614457831,
        0.9046184738955824,
        0.9046184738955824,
        0.9136546184738956,
        0.9136546184738956,
        0.9176706827309237,
        0.9176706827309237,
        0.9196787148594378,
        0.9196787148594378,
        0.9216867469879518,
        0.9216867469879518,
        0.9257028112449799,
        0.9257028112449799,
        0.9267068273092369,
        0.9267068273092369,
        0.928714859437751,
        0.928714859437751,
        0.9327309236947792,
        0.9327309236947792,
        0.9337349397590361,
        0.9337349397590361,
        0.9367469879518072,
        0.9367469879518072,
        0.9477911646586346,
        0.9477911646586346,
        0.9497991967871486,
        0.9497991967871486,
        0.9528112449799196,
        0.9528112449799196,
        0.9608433734939759,
        0.9608433734939759,
        0.9628514056224899,
        0.9628514056224899,
        0.964859437751004,
        0.964859437751004,
        0.9658634538152611,
        0.9658634538152611,
        0.9668674698795181,
        0.9668674698795181,
        0.9688755020080321,
        0.9688755020080321,
        0.9718875502008032,
        0.9718875502008032,
        0.9728915662650602,
        0.9728915662650602,
        0.9738955823293173,
        0.9738955823293173,
        0.9748995983935743,
        0.9748995983935743,
        0.9759036144578314,
        0.9759036144578314,
        0.9779116465863453,
        0.9779116465863453,
        0.9789156626506024,
        0.9789156626506024,
        0.9799196787148594,
        0.9799196787148594,
        0.9819277108433735,
        0.9819277108433735,
        0.9829317269076305,
        0.9829317269076305,
        0.9839357429718876,
        0.9839357429718876,
        0.9849397590361446,
        0.9849397590361446,
        0.9859437751004017,
        0.9859437751004017,
        0.9879518072289156,
        0.9879518072289156,
        0.9889558232931727,
        0.9889558232931727,
        0.9899598393574297,
        0.9899598393574297,
        0.9919678714859438,
        0.9919678714859438,
        0.9929718875502008,
        0.9929718875502008,
        0.9939759036144579,
        0.9939759036144579,
        0.9959839357429718,
        0.9959839357429718,
        0.9969879518072289,
        0.9969879518072289,
        0.9979919678714859,
        0.9979919678714859,
        0.998995983935743,
        0.998995983935743,
        1.0,
        1.0
    ],