{"train/loss": 0.368446908891201, "train/learning_rate": 0.0, "train/epoch": 0, "_timestamp": 1718008502.3045707, "_runtime": 628.5998847484589, "_step": 15808, "eval/accuracy": 0.8372093023255814, "eval/loss": 0.34112943805033163, "_wandb": {"runtime": 627}}