{
    "accuracy": 0.9634016064257027,
    "precision": 0.9641081115670257,
    "recall": 0.9627316328375389,
    "f1_score": 0.9634018452383594,
    "fp_rate": 0.03593312423430224,
    "tp_rate": 0.9627316328375389,
    "std_accuracy": 0.0042061198856940315,
    "std_precision": 0.005753101623136908,
    "std_recall": 0.006062003784914797,
    "std_f1_score": 0.004249874298832922,
    "std_fp_rate": 0.005856838408706129,
    "std_tp_rate": 0.006062003784914797,
    "TP": 959.949,
    "TN": 959.147,
    "FP": 35.743,
    "FN": 37.161,
    "roc_auc": 0.9949416138449381,
    "fpr_at_thresholds": [
        0.0,
        0.0,
        0.0,
        0.001004016064257028,
        0.001004016064257028,
        0.002008032128514056,
        0.002008032128514056,
        0.0030120481927710845,
        0.0030120481927710845,
        0.004016064257028112,
        0.004016064257028112,
        0.0050200803212851405,
        0.0050200803212851405,
        0.006024096385542169,
        0.006024096385542169,
        0.007028112449799197,
        0.007028112449799197,
        0.008032128514056224,
        0.008032128514056224,
        0.009036144578313253,
        0.009036144578313253,
        0.010040160642570281,
        0.010040160642570281,
        0.01104417670682731,
        0.01104417670682731,
        0.012048192771084338,
        0.012048192771084338,
        0.013052208835341365,
        0.013052208835341365,
        0.015060240963855422,
        0.015060240963855422,
        0.01606425702811245,
        0.01606425702811245,
        0.01706827309236948,
        0.01706827309236948,
        0.018072289156626505,
        0.018072289156626505,
        0.019076305220883535,
        0.019076305220883535,
        0.020080321285140562,
        0.020080321285140562,
        0.02108433734939759,
        0.02108433734939759,
        0.02610441767068273,
        0.02610441767068273,
        0.02710843373493976,
        0.02710843373493976,
        0.028112449799196786,
        0.028112449799196786,
        0.030120481927710843,
        0.030120481927710843,
        0.03614457831325301,
        0.03614457831325301,
        0.03714859437751004,
        0.03714859437751004,
        0.03815261044176707,
        0.03815261044176707,
        0.04216867469879518,
        0.04216867469879518,
        0.045180722891566265,
        0.045180722891566265,
        0.04819277108433735,
        0.04819277108433735,
        0.05120481927710843,
        0.05120481927710843,
        0.05220883534136546,
        0.05220883534136546,
        0.06224899598393574,
        0.06224899598393574,
        0.06526104417670683,
        0.06526104417670683,
        0.06927710843373494,
        0.06927710843373494,
        0.07429718875502007,
        0.07429718875502007,
        0.07630522088353414,
        0.07630522088353414,
        0.0783132530120482,
        0.0783132530120482,
        0.08333333333333333,
        0.08333333333333333,
        0.08835341365461848,
        0.08835341365461848,
        0.09337349397590361,
        0.09337349397590361,
        0.1144578313253012,
        0.1144578313253012,
        0.12449799196787148,
        0.12449799196787148,
        0.1465863453815261,
        0.1465863453815261,
        0.19176706827309237,
        0.19176706827309237,
        0.20783132530120482,
        0.20783132530120482,
        0.29819277108433734,
        0.29819277108433734,
        1.0
    ],
    "tpr_at_thresholds": [
        0.0,
        0.001004016064257028,
        0.4738955823293173,
        0.4738955823293173,
        0.785140562248996,
        0.785140562248996,
        0.7881526104417671,
        0.7881526104417671,
        0.8373493975903614,
        0.8373493975903614,
        0.8473895582329317,
        0.8473895582329317,
        0.8724899598393574,
        0.8724899598393574,
        0.8885542168674698,
        0.8885542168674698,
        0.8905622489959839,
        0.8905622489959839,
        0.893574297188755,
        0.893574297188755,
        0.8945783132530121,
        0.8945783132530121,
        0.8985943775100401,
        0.8985943775100401,
        0.9076305220883534,
        0.9076305220883534,
        0.9156626506024096,
        0.9156626506024096,
        0.9226907630522089,
        0.9226907630522089,
        0.9246987951807228,
        0.9246987951807228,
        0.927710843373494,
        0.927710843373494,
        0.9327309236947792,
        0.9327309236947792,
        0.9337349397590361,
        0.9337349397590361,
        0.9347389558232931,
        0.9347389558232931,
        0.9357429718875502,
        0.9357429718875502,
        0.9397590361445783,
        0.9397590361445783,
        0.9467871485943775,
        0.9467871485943775,
        0.9477911646586346,
        0.9477911646586346,
        0.9497991967871486,
        0.9497991967871486,
        0.9578313253012049,
        0.9578313253012049,
        0.9628514056224899,
        0.9628514056224899,
        0.9668674698795181,
        0.9668674698795181,
        0.9708835341365462,
        0.9708835341365462,
        0.9728915662650602,
        0.9728915662650602,
        0.9759036144578314,
        0.9759036144578314,
        0.9789156626506024,
        0.9789156626506024,
        0.9799196787148594,
        0.9799196787148594,
        0.9809236947791165,
        0.9809236947791165,
        0.9819277108433735,
        0.9819277108433735,
        0.9839357429718876,
        0.9839357429718876,
        0.9849397590361446,
        0.9849397590361446,
        0.9869477911646586,
        0.9869477911646586,
        0.9879518072289156,
        0.9879518072289156,
        0.9889558232931727,
        0.9889558232931727,
        0.9899598393574297,
        0.9899598393574297,
        0.9909638554216867,
        0.9909638554216867,
        0.9919678714859438,
        0.9919678714859438,
        0.9939759036144579,
        0.9939759036144579,
        0.9949799196787149,
        0.9949799196787149,
        0.9969879518072289,
        0.9969879518072289,
        0.9979919678714859,
        0.9979919678714859,
        0.998995983935743,
        0.998995983935743,
        1.0,
        1.0
    ],