{
    "accuracy": 0.9685486947791164,
    "precision": 0.9635750446927256,
    "recall": 0.9739930776894842,
    "f1_score": 0.9687406231911626,
    "fp_rate": 0.03689515969569707,
    "tp_rate": 0.9739930776894842,
    "std_accuracy": 0.00394787743836693,
    "std_precision": 0.0060087519604033425,
    "std_recall": 0.0049941058544353874,
    "std_f1_score": 0.003960943803756876,
    "std_fp_rate": 0.006059520694599455,
    "std_tp_rate": 0.0049941058544353874,
    "TP": 971.17,
    "TN": 958.179,
    "FP": 36.711,
    "FN": 25.94,
    "roc_auc": 0.9963851389493718,
    "fpr_at_thresholds": [
        0.0,
        0.0,
        0.0,
        0.0,
        0.0,
        0.001004016064257028,
        0.001004016064257028,
        0.0030120481927710845,
        0.0030120481927710845,
        0.004016064257028112,
        0.004016064257028112,
        0.0050200803212851405,
        0.0050200803212851405,
        0.006024096385542169,
        0.006024096385542169,
        0.008032128514056224,
        0.008032128514056224,
        0.009036144578313253,
        0.009036144578313253,
        0.010040160642570281,
        0.010040160642570281,
        0.01104417670682731,
        0.01104417670682731,
        0.012048192771084338,
        0.012048192771084338,
        0.014056224899598393,
        0.014056224899598393,
        0.015060240963855422,
        0.015060240963855422,
        0.01706827309236948,
        0.01706827309236948,
        0.019076305220883535,
        0.019076305220883535,
        0.02108433734939759,
        0.02108433734939759,
        0.02208835341365462,
        0.02208835341365462,
        0.02610441767068273,
        0.02610441767068273,
        0.028112449799196786,
        0.028112449799196786,
        0.03112449799196787,
        0.03112449799196787,
        0.035140562248995984,
        0.035140562248995984,
        0.03614457831325301,
        0.03614457831325301,
        0.03714859437751004,
        0.03714859437751004,
        0.03815261044176707,
        0.03815261044176707,
        0.0391566265060241,
        0.0391566265060241,
        0.04317269076305221,
        0.04317269076305221,
        0.04718875502008032,
        0.04718875502008032,
        0.050200803212851405,
        0.050200803212851405,
        0.05622489959839357,
        0.05622489959839357,
        0.060240963855421686,
        0.060240963855421686,
        0.06626506024096386,
        0.06626506024096386,
        0.06726907630522089,
        0.06726907630522089,
        0.071285140562249,
        0.071285140562249,
        0.09236947791164658,
        0.09236947791164658,
        0.09337349397590361,
        0.09337349397590361,
        0.11144578313253012,
        0.11144578313253012,
        0.1214859437751004,
        0.1214859437751004,
        0.12650602409638553,
        0.12650602409638553,
        0.1395582329317269,
        0.1395582329317269,
        0.1606425702811245,
        0.1606425702811245,
        0.19779116465863453,
        0.19779116465863453,
        0.19879518072289157,
        0.19879518072289157,
        1.0
    ],
    "tpr_at_thresholds": [
        0.0,
        0.001004016064257028,
        0.2680722891566265,
        0.2700803212851406,
        0.6024096385542169,
        0.6024096385542169,
        0.8483935742971888,
        0.8483935742971888,
        0.8865461847389559,
        0.8865461847389559,
        0.8945783132530121,
        0.8945783132530121,
        0.9166666666666666,
        0.9166666666666666,
        0.927710843373494,
        0.927710843373494,
        0.9317269076305221,
        0.9317269076305221,
        0.9327309236947792,
        0.9327309236947792,
        0.9347389558232931,
        0.9347389558232931,
        0.9407630522088354,
        0.9407630522088354,
        0.9497991967871486,
        0.9497991967871486,
        0.9508032128514057,
        0.9508032128514057,
        0.9528112449799196,
        0.9528112449799196,
        0.9548192771084337,
        0.9548192771084337,
        0.9568273092369478,
        0.9568273092369478,
        0.9588353413654619,
        0.9588353413654619,
        0.9598393574297188,
        0.9598393574297188,
        0.9608433734939759,
        0.9608433734939759,
        0.9618473895582329,
        0.9618473895582329,
        0.9698795180722891,
        0.9698795180722891,
        0.9708835341365462,
        0.9708835341365462,
        0.9718875502008032,
        0.9718875502008032,
        0.9738955823293173,
        0.9738955823293173,
        0.9748995983935743,
        0.9748995983935743,
        0.9769076305220884,
        0.9769076305220884,
        0.9779116465863453,
        0.9779116465863453,
        0.9789156626506024,
        0.9789156626506024,
        0.9829317269076305,
        0.9829317269076305,
        0.9839357429718876,
        0.9839357429718876,
        0.9859437751004017,
        0.9859437751004017,
        0.9869477911646586,
        0.9869477911646586,
        0.9899598393574297,
        0.9899598393574297,
        0.9909638554216867,
        0.9909638554216867,
        0.9919678714859438,
        0.9919678714859438,
        0.9929718875502008,
        0.9929718875502008,
        0.9939759036144579,
        0.9939759036144579,
        0.9949799196787149,
        0.9949799196787149,
        0.9959839357429718,
        0.9959839357429718,
        0.9969879518072289,
        0.9969879518072289,
        0.9979919678714859,
        0.9979919678714859,
        0.998995983935743,
        0.998995983935743,
        1.0,
        1.0
    ],