{
    "accuracy": 0.9720426666666666,
    "precision": 0.9811764775254033,
    "recall": 0.962661510191565,
    "f1_score": 0.9717917974486344,
    "fp_rate": 0.0185267979842087,
    "tp_rate": 0.962661510191565,
    "std_accuracy": 0.005943283940718297,
    "std_precision": 0.007308740046882338,
    "std_recall": 0.009754517027851526,
    "std_f1_score": 0.006096995019748255,
    "std_fp_rate": 0.007148490514510075,
    "std_tp_rate": 0.009754517027851526,
    "TP": 361.686,
    "TN": 367.346,
    "FP": 6.938,
    "FN": 14.03,
    "roc_auc": 0.9930382222222222,
    "fpr_at_thresholds": [
        0.0,
        0.0,
        0.0,
        0.008,
        0.008,
        0.016,
        0.016,
        0.018666666666666668,
        0.018666666666666668,
        0.021333333333333333,
        0.021333333333333333,
        0.037333333333333336,
        0.037333333333333336,
        0.04533333333333334,
        0.04533333333333334,
        0.08533333333333333,
        0.088,
        0.152,
        0.152,
        0.336,
        0.336,
        0.4,
        0.4,
        0.4026666666666667,
        0.4666666666666667,
        0.47733333333333333,
        0.5013333333333333,
        0.512,
        0.608,
        0.6106666666666667,
        0.6346666666666667,
        0.64,
        0.688,
        0.6933333333333334,
        0.7573333333333333,
        0.76,
        0.7653333333333333,
        0.7813333333333333,
        0.7866666666666666,
        0.8346666666666667,
        0.84,
        0.912,
        0.9146666666666666,
        0.9546666666666667,
        0.96,
        0.976,
        0.9813333333333333,
        0.984,
        1.0
    ],
    "tpr_at_thresholds": [
        0.0,
        0.0026666666666666666,
        0.544,
        0.544,
        0.904,
        0.904,
        0.9493333333333334,
        0.9493333333333334,
        0.976,
        0.976,
        0.984,
        0.984,
        0.9893333333333333,
        0.9893333333333333,
        0.992,
        0.992,
        0.992,
        0.992,
        0.9946666666666667,
        0.9946666666666667,
        0.9973333333333333,
        0.9973333333333333,
        1.0,
        1.0,
        1.0,
        1.0,
        1.0,
        1.0,
        1.0,
        1.0,
        1.0,
        1.0,
        1.0,
        1.0,
        1.0,
        1.0,
        1.0,
        1.0,
        1.0,
        1.0,
        1.0,
        1.0,
        1.0,
        1.0,
        1.0,
        1.0,
        1.0,
        1.0,
        1.0
    ],
    "thresholds": [
        Infinity,
        3.0931079387664795,
        2.530446767807007,
        2.5292561054229736,
        1.1346558332443237,
        1.1150074005126953,
        0.3568667769432068,
        0.296096533536911,
        -0.32694801688194275,
        -0.3347565531730652,
        -0.8212869167327881,
        -0.9476456642150879,
        -1.2183235883712769,
        -1.2348438501358032,
        -1.2665019035339355,
        -1.6195952892303467,
        -1.6248894929885864,
        -2.1100831031799316,
        -2.132091522216797,
        -2.563971757888794,
        -2.5683810710906982,
        -2.621917247772217,
        -2.627338409423828,
        -2.661999464035034,
        -2.7096402645111084,
        -2.7128117084503174,
        -2.728849411010742,
        -2.752737045288086,
        -2.791261911392212,
        -2.79144287109375,
        -2.7975709438323975,
        -2.8057637214660645,
        -2.8156533241271973,
        -2.81834077835083,
        -2.830949068069458,
        -2.8319711685180664,
        -2.8367791175842285,
        -2.849043607711792,
        -2.852625846862793,
        -2.8598670959472656,
        -2.8631699085235596,
        -2.8716635704040527,
        -2.872046947479248,
        -2.8851776123046875,
        -2.8931331634521484,
        -2.9037394523620605,
        -2.9054934978485107,
        -2.9061715602874756,
        -2.9138238430023193
    ]
}