{
    "accuracy": 0.955846855983773,
    "precision": 0.9628387134965259,
    "recall": 0.948321472843624,
    "f1_score": 0.9555040636620927,
    "fp_rate": 0.03662550952323167,
    "tp_rate": 0.948321472843624,
    "std_accuracy": 0.004559415764982172,
    "std_precision": 0.0060971798567810605,
    "std_recall": 0.006807897820238593,
    "std_f1_score": 0.004683617764668961,
    "std_fp_rate": 0.006061487806328696,
    "std_tp_rate": 0.006807897820238593,
    "TP": 935.285,
    "TN": 949.645,
    "FP": 36.103,
    "FN": 50.967,
    "roc_auc": 0.9924305386979579,
    "fpr_at_thresholds": [
        0.0,
        0.0,
        0.0,
        0.0010141987829614604,
        0.0010141987829614604,
        0.002028397565922921,
        0.002028397565922921,
        0.0030425963488843813,
        0.0030425963488843813,
        0.004056795131845842,
        0.004056795131845842,
        0.005070993914807302,
        0.005070993914807302,
        0.006085192697768763,
        0.006085192697768763,
        0.007099391480730223,
        0.007099391480730223,
        0.008113590263691683,
        0.008113590263691683,
        0.009127789046653144,
        0.009127789046653144,
        0.010141987829614604,
        0.010141987829614604,
        0.011156186612576065,
        0.011156186612576065,
        0.012170385395537525,
        0.012170385395537525,
        0.013184584178498986,
        0.013184584178498986,
        0.015212981744421906,
        0.015212981744421906,
        0.016227180527383367,
        0.016227180527383367,
        0.017241379310344827,
        0.017241379310344827,
        0.019269776876267748,
        0.019269776876267748,
        0.02129817444219067,
        0.02129817444219067,
        0.02332657200811359,
        0.02332657200811359,
        0.02434077079107505,
        0.02434077079107505,
        0.02636916835699797,
        0.02636916835699797,
        0.02738336713995943,
        0.02738336713995943,
        0.028397565922920892,
        0.028397565922920892,
        0.029411764705882353,
        0.029411764705882353,
        0.030425963488843813,
        0.030425963488843813,
        0.03144016227180527,
        0.03144016227180527,
        0.032454361054766734,
        0.032454361054766734,
        0.033468559837728194,
        0.033468559837728194,
        0.036511156186612576,
        0.036511156186612576,
        0.037525354969574036,
        0.037525354969574036,
        0.038539553752535496,
        0.038539553752535496,
        0.03955375253549696,
        0.03955375253549696,
        0.04259634888438134,
        0.04259634888438134,
        0.04462474645030426,
        0.04462474645030426,
        0.04766734279918864,
        0.04766734279918864,
        0.0486815415821501,
        0.0486815415821501,
        0.05476673427991886,
        0.05476673427991886,
        0.057809330628803245,
        0.057809330628803245,
        0.058823529411764705,
        0.058823529411764705,
        0.059837728194726165,
        0.059837728194726165,
        0.06490872210953347,
        0.06490872210953347,
        0.06592292089249494,
        0.06592292089249494,
        0.07505070993914807,
        0.07505070993914807,
        0.07606490872210954,
        0.07606490872210954,
        0.07707910750507099,
        0.07707910750507099,
        0.07809330628803246,
        0.07809330628803246,
        0.09026369168356999,
        0.09026369168356999,
        0.0922920892494929,
        0.0922920892494929,
        0.09634888438133875,
        0.09634888438133875,
        0.10547667342799188,
        0.10547667342799188,
        0.11561866125760649,
        0.11561866125760649,
        0.11764705882352941,
        0.11764705882352941,
        0.12170385395537525,
        0.12170385395537525,
        0.12373225152129817,
        0.12373225152129817,
        0.15010141987829614,
        0.15010141987829614,
        0.16024340770791076,
        0.16024340770791076,
        0.17342799188640973,
        0.17342799188640973,
        0.18356997971602435,
        0.18356997971602435,
        0.20588235294117646,
        0.20588235294117646,
        0.21703853955375255,
        0.21703853955375255,
        0.2210953346855984,
        0.2210953346855984,
        0.22210953346855983,
        0.22210953346855983,
        0.28600405679513186,
        0.28600405679513186,
        0.38742393509127787,
        0.38742393509127787,
        0.4290060851926978,
        0.4290060851926978,
        1.0
    ],