{
    "accuracy": 0.9269632560768796,
    "precision": 0.9701004209559632,
    "recall": 0.8811780673980673,
    "f1_score": 0.9234609437153594,
    "fp_rate": 0.027201793364583338,
    "tp_rate": 0.8811780673980673,
    "std_accuracy": 0.0060117640342523026,
    "std_precision": 0.005932738094485467,
    "std_recall": 0.010732082563727378,
    "std_f1_score": 0.00649271650821357,
    "std_fp_rate": 0.005462105905594795,
    "std_tp_rate": 0.010732082563727378,
    "TP": 779.847,
    "TN": 859.951,
    "FP": 24.042,
    "FN": 105.16,
    "roc_auc": 0.9896771224787178,
    "fpr_at_thresholds": [
        0.0,
        0.0,
        0.0,
        0.0011312217194570137,
        0.0011312217194570137,
        0.0022624434389140274,
        0.0022624434389140274,
        0.003393665158371041,
        0.003393665158371041,
        0.004524886877828055,
        0.004524886877828055,
        0.005656108597285068,
        0.005656108597285068,
        0.006787330316742082,
        0.006787330316742082,
        0.007918552036199095,
        0.007918552036199095,
        0.00904977375565611,
        0.00904977375565611,
        0.010180995475113122,
        0.010180995475113122,
        0.011312217194570135,
        0.011312217194570135,
        0.013574660633484163,
        0.013574660633484163,
        0.014705882352941176,
        0.014705882352941176,
        0.01583710407239819,
        0.01583710407239819,
        0.016968325791855202,
        0.016968325791855202,
        0.01809954751131222,
        0.01809954751131222,
        0.019230769230769232,
        0.019230769230769232,
        0.020361990950226245,
        0.020361990950226245,
        0.021493212669683258,
        0.021493212669683258,
        0.02262443438914027,
        0.02262443438914027,
        0.023755656108597284,
        0.023755656108597284,
        0.024886877828054297,
        0.024886877828054297,
        0.027149321266968326,
        0.027149321266968326,
        0.02828054298642534,
        0.02828054298642534,
        0.029411764705882353,
        0.029411764705882353,
        0.030542986425339366,
        0.030542986425339366,
        0.03167420814479638,
        0.03167420814479638,
        0.032805429864253395,
        0.032805429864253395,
        0.033936651583710405,
        0.033936651583710405,
        0.03506787330316742,
        0.03506787330316742,
        0.03619909502262444,
        0.03619909502262444,
        0.038461538461538464,
        0.038461538461538464,
        0.03959276018099547,
        0.03959276018099547,
        0.04411764705882353,
        0.04411764705882353,
        0.04524886877828054,
        0.04524886877828054,
        0.04638009049773756,
        0.04638009049773756,
        0.05203619909502263,
        0.05203619909502263,
        0.05429864253393665,
        0.05429864253393665,
        0.05656108597285068,
        0.05656108597285068,
        0.057692307692307696,
        0.057692307692307696,
        0.058823529411764705,
        0.058823529411764705,
        0.06334841628959276,
        0.06334841628959276,
        0.06561085972850679,
        0.06561085972850679,
        0.0667420814479638,
        0.0667420814479638,
        0.06787330316742081,
        0.06787330316742081,
        0.06900452488687783,
        0.06900452488687783,
        0.07126696832579185,
        0.07126696832579185,
        0.07239819004524888,
        0.07239819004524888,
        0.07352941176470588,
        0.07352941176470588,
        0.07692307692307693,
        0.07692307692307693,
        0.08031674208144797,
        0.08031674208144797,
        0.08257918552036199,
        0.08257918552036199,
        0.083710407239819,
        0.083710407239819,
        0.09276018099547512,
        0.09276018099547512,
        0.09502262443438914,
        0.09502262443438914,
        0.09728506787330317,
        0.09728506787330317,
        0.09841628959276018,
        0.09841628959276018,
        0.10180995475113122,
        0.10180995475113122,
        0.1074660633484163,
        0.1074660633484163,
        0.10972850678733032,
        0.10972850678733032,
        0.11538461538461539,
        0.11538461538461539,
        0.12104072398190045,
        0.12104072398190045,
        0.1244343891402715,
        0.1244343891402715,
        0.13122171945701358,
        0.13122171945701358,
        0.1334841628959276,
        0.1334841628959276,
        0.1346153846153846,
        0.1346153846153846,
        0.13914027149321267,
        0.13914027149321267,
        0.15497737556561086,
        0.15497737556561086,
        0.16855203619909503,
        0.16855203619909503,
        0.18212669683257918,
        0.18212669683257918,
        0.22624434389140272,
        0.22624434389140272,
        0.27714932126696834,
        0.27714932126696834,
        1.0
    ],