{
    "accuracy": 0.974087462082912,
    "precision": 0.9641961732468904,
    "recall": 0.9847396540845527,
    "f1_score": 0.9743473117316452,
    "fp_rate": 0.03656790159211702,
    "tp_rate": 0.9847396540845527,
    "std_accuracy": 0.00349934438137271,
    "std_precision": 0.00571433863828465,
    "std_recall": 0.003912799919869904,
    "std_f1_score": 0.003502427602171282,
    "std_fp_rate": 0.0058786333372873485,
    "std_tp_rate": 0.003912799919869904,
    "TP": 973.876,
    "TN": 952.869,
    "FP": 36.164,
    "FN": 15.091,
    "roc_auc": 0.9972682316400527,
    "fpr_at_thresholds": [
        0.0,
        0.0,
        0.0,
        0.0,
        0.0,
        0.0010111223458038423,
        0.0010111223458038423,
        0.0020222446916076846,
        0.0020222446916076846,
        0.003033367037411527,
        0.003033367037411527,
        0.004044489383215369,
        0.004044489383215369,
        0.005055611729019211,
        0.005055611729019211,
        0.006066734074823054,
        0.006066734074823054,
        0.007077856420626896,
        0.007077856420626896,
        0.008088978766430738,
        0.008088978766430738,
        0.010111223458038422,
        0.010111223458038422,
        0.011122345803842264,
        0.011122345803842264,
        0.012133468149646108,
        0.012133468149646108,
        0.01314459049544995,
        0.01314459049544995,
        0.014155712841253791,
        0.014155712841253791,
        0.015166835187057633,
        0.015166835187057633,
        0.016177957532861477,
        0.016177957532861477,
        0.017189079878665317,
        0.017189079878665317,
        0.019211324570273004,
        0.019211324570273004,
        0.021233569261880688,
        0.021233569261880688,
        0.0262891809908999,
        0.0262891809908999,
        0.028311425682507583,
        0.028311425682507583,
        0.030333670374115267,
        0.030333670374115267,
        0.03134479271991911,
        0.03134479271991911,
        0.032355915065722954,
        0.032355915065722954,
        0.03640040444893832,
        0.03640040444893832,
        0.03741152679474216,
        0.03741152679474216,
        0.04044489383215369,
        0.04044489383215369,
        0.042467138523761376,
        0.042467138523761376,
        0.046511627906976744,
        0.046511627906976744,
        0.04853387259858443,
        0.04853387259858443,
        0.0525783619817998,
        0.0525783619817998,
        0.06471183013144591,
        0.06471183013144591,
        0.07077856420626896,
        0.07077856420626896,
        0.0717896865520728,
        0.0717896865520728,
        0.07482305358948432,
        0.07482305358948432,
        0.1122345803842265,
        0.1122345803842265,
        0.19312436804853386,
        0.19312436804853386,
        0.3083923154701719,
        0.3083923154701719,
        1.0
    ],
    "tpr_at_thresholds": [
        0.0,
        0.0010111223458038423,
        0.30535894843276035,
        0.30738119312436807,
        0.6339737108190091,
        0.6339737108190091,
        0.865520728008089,
        0.865520728008089,
        0.8665318503538928,
        0.8665318503538928,
        0.8918099089989889,
        0.8918099089989889,
        0.897876643073812,
        0.897876643073812,
        0.9150657229524772,
        0.9150657229524772,
        0.9302325581395349,
        0.9302325581395349,
        0.9312436804853387,
        0.9312436804853387,
        0.9362992922143579,
        0.9362992922143579,
        0.9413549039433772,
        0.9413549039433772,
        0.9453993933265925,
        0.9453993933265925,
        0.9544994944388271,
        0.9544994944388271,
        0.9575328614762386,
        0.9575328614762386,
        0.9585439838220424,
        0.9585439838220424,
        0.961577350859454,
        0.961577350859454,
        0.9635995955510617,
        0.9635995955510617,
        0.9686552072800809,
        0.9686552072800809,
        0.9706774519716885,
        0.9706774519716885,
        0.9716885743174924,
        0.9716885743174924,
        0.9737108190091001,
        0.9737108190091001,
        0.974721941354904,
        0.974721941354904,
        0.9797775530839231,
        0.9797775530839231,
        0.980788675429727,
        0.980788675429727,
        0.9817997977755308,
        0.9817997977755308,
        0.9848331648129424,
        0.9848331648129424,
        0.9858442871587462,
        0.9858442871587462,
        0.9878665318503539,
        0.9878665318503539,
        0.9888776541961577,
        0.9888776541961577,
        0.9898887765419616,
        0.9898887765419616,
        0.9908998988877654,
        0.9908998988877654,
        0.9929221435793731,
        0.9929221435793731,
        0.993933265925177,
        0.993933265925177,
        0.9949443882709808,
        0.9949443882709808,
        0.9959555106167847,
        0.9959555106167847,
        0.9969666329625885,
        0.9969666329625885,
        0.9979777553083923,
        0.9979777553083923,
        0.9989888776541962,
        0.9989888776541962,
        1.0,
        1.0
    ],
    "thresholds": [
        Infinity,
        3.1105833053588867,
        2.9008071422576904,
        2.8989603519439697,
        2.5302462577819824,
        2.5292561054229736,
        1.760484218597412,
        1.752966046333313,
        1.7413725852966309,
        1.7351834774017334,
        1.5107669830322266,
        1.5100491046905518,
        1.4603551626205444,
        1.4480808973312378,
        1.2807917594909668,
        1.2726222276687622,
        1.121638536453247,
        1.1150074005126953,
        1.1099714040756226,
        1.1022086143493652,
        1.0617233514785767,
        1.0392392873764038,
        0.9948471188545227,
        0.993895411491394,
        0.9103468656539917,
        0.9048994779586792,
        0.7534074187278748,
        0.7529943585395813,
        0.7072681784629822,
        0.6875709295272827,
        0.6860666275024414,
        0.6738065481185913,
        0.6170080900192261,
        0.6147263050079346,
        0.5725529789924622,
        0.5543252229690552,
        0.49833905696868896,
        0.48737195134162903,
        0.4671170115470886,
        0.45098620653152466,
        0.43600761890411377,
        0.3880177438259125,
        0.36038634181022644,
        0.31882843375205994,
        0.3098898231983185,
        0.28482961654663086,
        0.20478838682174683,
        0.10235076397657394,
        0.0976419746875763,
        0.08156020939350128,
        0.06969906389713287,
        0.05032064765691757,
        -0.03733115643262863,
        -0.055393245071172714,
        -0.08912304788827896,
        -0.2813258767127991,
        -0.2832958400249481,
        -0.28785908222198486,
        -0.3018866181373596,
        -0.4012196958065033,
        -0.40843042731285095,
        -0.44769975543022156,
        -0.5572217106819153,
        -0.5850827097892761,
        -0.6310049891471863,
        -0.7676922082901001,
        -0.794574499130249,
        -0.919637143611908,
        -0.9213480353355408,
        -0.9225311279296875,
        -0.9271097183227539,
        -0.9476456642150879,
        -0.9695516228675842,
        -1.42965567111969,
        -1.4388362169265747,
        -1.9705451726913452,
        -1.9825142621994019,
        -2.4124107360839844,
        -2.4171314239501953,
        -2.9194753170013428
    ]
}