{
    "accuracy": 0.9543368473895583,
    "precision": 0.9634145511922668,
    "recall": 0.9446560123874803,
    "f1_score": 0.9539229264641594,
    "fp_rate": 0.03596544280672623,
    "tp_rate": 0.9446560123874803,
    "std_accuracy": 0.004713036820898383,
    "std_precision": 0.005832287355467177,
    "std_recall": 0.007088874286709156,
    "std_f1_score": 0.0048162789915170146,
    "std_fp_rate": 0.005827865275367478,
    "std_tp_rate": 0.007088874286709156,
    "TP": 941.923,
    "TN": 959.116,
    "FP": 35.774,
    "FN": 55.187,
    "roc_auc": 0.9935253060434509,
    "fpr_at_thresholds": [
        0.0,
        0.0,
        0.0,
        0.001004016064257028,
        0.001004016064257028,
        0.002008032128514056,
        0.002008032128514056,
        0.0030120481927710845,
        0.0030120481927710845,
        0.004016064257028112,
        0.004016064257028112,
        0.0050200803212851405,
        0.0050200803212851405,
        0.006024096385542169,
        0.006024096385542169,
        0.007028112449799197,
        0.007028112449799197,
        0.008032128514056224,
        0.008032128514056224,
        0.009036144578313253,
        0.009036144578313253,
        0.010040160642570281,
        0.010040160642570281,
        0.01104417670682731,
        0.01104417670682731,
        0.012048192771084338,
        0.012048192771084338,
        0.013052208835341365,
        0.013052208835341365,
        0.015060240963855422,
        0.015060240963855422,
        0.01706827309236948,
        0.01706827309236948,
        0.020080321285140562,
        0.020080321285140562,
        0.02108433734939759,
        0.02108433734939759,
        0.025100401606425703,
        0.025100401606425703,
        0.02610441767068273,
        0.02610441767068273,
        0.02710843373493976,
        0.02710843373493976,
        0.029116465863453816,
        0.029116465863453816,
        0.030120481927710843,
        0.030120481927710843,
        0.0321285140562249,
        0.0321285140562249,
        0.03413654618473896,
        0.03413654618473896,
        0.03614457831325301,
        0.03614457831325301,
        0.03714859437751004,
        0.03714859437751004,
        0.03815261044176707,
        0.03815261044176707,
        0.04216867469879518,
        0.04216867469879518,
        0.04317269076305221,
        0.04317269076305221,
        0.045180722891566265,
        0.045180722891566265,
        0.04718875502008032,
        0.04718875502008032,
        0.04819277108433735,
        0.04819277108433735,
        0.05220883534136546,
        0.05220883534136546,
        0.05421686746987952,
        0.05421686746987952,
        0.060240963855421686,
        0.060240963855421686,
        0.06526104417670683,
        0.06526104417670683,
        0.06827309236947791,
        0.06827309236947791,
        0.071285140562249,
        0.071285140562249,
        0.07228915662650602,
        0.07228915662650602,
        0.0853413654618474,
        0.0853413654618474,
        0.09036144578313253,
        0.09036144578313253,
        0.09337349397590361,
        0.09337349397590361,
        0.11144578313253012,
        0.11144578313253012,
        0.11847389558232932,
        0.11847389558232932,
        0.12048192771084337,
        0.12048192771084337,
        0.12248995983935743,
        0.12248995983935743,
        0.12751004016064257,
        0.12751004016064257,
        0.1495983935742972,
        0.1495983935742972,
        0.16164658634538154,
        0.16164658634538154,
        0.1676706827309237,
        0.1676706827309237,
        0.18875502008032127,
        0.18875502008032127,
        0.1927710843373494,
        0.1927710843373494,
        0.22991967871485944,
        0.22991967871485944,
        0.25903614457831325,
        0.25903614457831325,
        1.0
    ],
    "tpr_at_thresholds": [
        0.0,
        0.001004016064257028,
        0.47690763052208834,
        0.47690763052208834,
        0.7650602409638554,
        0.7650602409638554,
        0.7740963855421686,
        0.7740963855421686,
        0.8112449799196787,
        0.8112449799196787,
        0.8182730923694779,
        0.8182730923694779,
        0.8353413654618473,
        0.8353413654618473,
        0.858433734939759,
        0.858433734939759,
        0.8604417670682731,
        0.8604417670682731,
        0.8614457831325302,
        0.8614457831325302,
        0.8624497991967871,
        0.8624497991967871,
        0.8674698795180723,
        0.8674698795180723,
        0.8795180722891566,
        0.8795180722891566,
        0.9036144578313253,
        0.9036144578313253,
        0.9066265060240963,
        0.9066265060240963,
        0.9126506024096386,
        0.9126506024096386,
        0.9186746987951807,
        0.9186746987951807,
        0.9196787148594378,
        0.9196787148594378,
        0.9206827309236948,
        0.9206827309236948,
        0.9216867469879518,
        0.9216867469879518,
        0.9236947791164659,
        0.9236947791164659,
        0.9246987951807228,
        0.9246987951807228,
        0.927710843373494,
        0.927710843373494,
        0.9317269076305221,
        0.9317269076305221,
        0.9327309236947792,
        0.9327309236947792,
        0.9337349397590361,
        0.9337349397590361,
        0.9447791164658634,
        0.9447791164658634,
        0.9508032128514057,
        0.9508032128514057,
        0.9578313253012049,
        0.9578313253012049,
        0.9588353413654619,
        0.9588353413654619,
        0.9598393574297188,
        0.9598393574297188,
        0.9658634538152611,
        0.9658634538152611,
        0.9668674698795181,
        0.9668674698795181,
        0.9738955823293173,
        0.9738955823293173,
        0.9759036144578314,
        0.9759036144578314,
        0.9769076305220884,
        0.9769076305220884,
        0.9779116465863453,
        0.9779116465863453,
        0.9799196787148594,
        0.9799196787148594,
        0.9809236947791165,
        0.9809236947791165,
        0.9819277108433735,
        0.9819277108433735,
        0.9829317269076305,
        0.9829317269076305,
        0.9839357429718876,
        0.9839357429718876,
        0.9849397590361446,
        0.9849397590361446,
        0.9869477911646586,
        0.9869477911646586,
        0.9879518072289156,
        0.9879518072289156,
        0.9889558232931727,
        0.9889558232931727,
        0.9899598393574297,
        0.9899598393574297,
        0.9919678714859438,
        0.9919678714859438,
        0.9929718875502008,
        0.9929718875502008,
        0.9939759036144579,
        0.9939759036144579,
        0.9949799196787149,
        0.9949799196787149,
        0.9959839357429718,
        0.9959839357429718,
        0.9969879518072289,
        0.9969879518072289,
        0.9979919678714859,
        0.9979919678714859,
        0.998995983935743,
        0.998995983935743,
        1.0,
        1.0
    ],