{
    "accuracy": 0.9500684002261164,
    "precision": 0.9304895628065419,
    "recall": 0.9728812269251693,
    "f1_score": 0.951188730477096,
    "fp_rate": 0.07278670997186422,
    "tp_rate": 0.9728812269251693,
    "std_accuracy": 0.0051028839240709264,
    "std_precision": 0.008133433361691665,
    "std_recall": 0.005386440956738025,
    "std_f1_score": 0.005051301431664794,
    "std_fp_rate": 0.008742559944030677,
    "std_tp_rate": 0.005386440956738025,
    "TP": 861.007,
    "TN": 819.664,
    "FP": 64.329,
    "FN": 24.0,
    "roc_auc": 0.9908313520975534,
    "fpr_at_thresholds": [
        0.0,
        0.0,
        0.0,
        0.0011312217194570137,
        0.0011312217194570137,
        0.0022624434389140274,
        0.0022624434389140274,
        0.003393665158371041,
        0.003393665158371041,
        0.004524886877828055,
        0.004524886877828055,
        0.005656108597285068,
        0.005656108597285068,
        0.006787330316742082,
        0.006787330316742082,
        0.007918552036199095,
        0.007918552036199095,
        0.00904977375565611,
        0.00904977375565611,
        0.010180995475113122,
        0.010180995475113122,
        0.011312217194570135,
        0.011312217194570135,
        0.012443438914027148,
        0.012443438914027148,
        0.013574660633484163,
        0.013574660633484163,
        0.014705882352941176,
        0.014705882352941176,
        0.01583710407239819,
        0.01583710407239819,
        0.016968325791855202,
        0.016968325791855202,
        0.01809954751131222,
        0.01809954751131222,
        0.019230769230769232,
        0.019230769230769232,
        0.020361990950226245,
        0.020361990950226245,
        0.021493212669683258,
        0.021493212669683258,
        0.02262443438914027,
        0.02262443438914027,
        0.023755656108597284,
        0.023755656108597284,
        0.024886877828054297,
        0.024886877828054297,
        0.026018099547511313,
        0.026018099547511313,
        0.027149321266968326,
        0.027149321266968326,
        0.02828054298642534,
        0.02828054298642534,
        0.029411764705882353,
        0.029411764705882353,
        0.030542986425339366,
        0.030542986425339366,
        0.03167420814479638,
        0.03167420814479638,
        0.032805429864253395,
        0.032805429864253395,
        0.033936651583710405,
        0.033936651583710405,
        0.03619909502262444,
        0.03619909502262444,
        0.03733031674208145,
        0.03733031674208145,
        0.038461538461538464,
        0.038461538461538464,
        0.03959276018099547,
        0.03959276018099547,
        0.04072398190045249,
        0.04072398190045249,
        0.0418552036199095,
        0.0418552036199095,
        0.04524886877828054,
        0.04524886877828054,
        0.04638009049773756,
        0.04638009049773756,
        0.04751131221719457,
        0.04751131221719457,
        0.048642533936651584,
        0.048642533936651584,
        0.05090497737556561,
        0.05090497737556561,
        0.05203619909502263,
        0.05203619909502263,
        0.05429864253393665,
        0.05429864253393665,
        0.057692307692307696,
        0.057692307692307696,
        0.06221719457013575,
        0.06221719457013575,
        0.06334841628959276,
        0.06334841628959276,
        0.06787330316742081,
        0.06787330316742081,
        0.07239819004524888,
        0.07239819004524888,
        0.07692307692307693,
        0.07692307692307693,
        0.07805429864253394,
        0.07805429864253394,
        0.08144796380090498,
        0.08144796380090498,
        0.083710407239819,
        0.083710407239819,
        0.10972850678733032,
        0.10972850678733032,
        0.11764705882352941,
        0.11764705882352941,
        0.11877828054298642,
        0.11877828054298642,
        0.11990950226244344,
        0.11990950226244344,
        0.1414027149321267,
        0.1414027149321267,
        0.14819004524886878,
        0.14819004524886878,
        0.16855203619909503,
        0.16855203619909503,
        0.19004524886877827,
        0.19004524886877827,
        0.21380090497737556,
        0.21380090497737556,
        0.26018099547511314,
        0.26018099547511314,
        0.2918552036199095,
        0.2918552036199095,
        1.0
    ],
    "tpr_at_thresholds": [
        0.0,
        0.0011299435028248588,
        0.6056497175141243,
        0.6056497175141243,
        0.6610169491525424,
        0.6610169491525424,
        0.6632768361581921,
        0.6632768361581921,
        0.6790960451977401,
        0.6790960451977401,
        0.696045197740113,
        0.696045197740113,
        0.7322033898305085,
        0.7322033898305085,
        0.7423728813559322,
        0.7423728813559322,
        0.7694915254237288,
        0.7694915254237288,
        0.7751412429378531,
        0.7751412429378531,
        0.7774011299435029,
        0.7774011299435029,
        0.7898305084745763,
        0.7898305084745763,
        0.8225988700564971,
        0.8225988700564971,
        0.831638418079096,
        0.831638418079096,
        0.8338983050847457,
        0.8338983050847457,
        0.8553672316384181,
        0.8553672316384181,
        0.8564971751412429,
        0.8564971751412429,
        0.8587570621468926,
        0.8587570621468926,
        0.8655367231638418,
        0.8655367231638418,
        0.8711864406779661,
        0.8711864406779661,
        0.880225988700565,
        0.880225988700565,
        0.8858757062146893,
        0.8858757062146893,
        0.8903954802259887,
        0.8903954802259887,
        0.896045197740113,
        0.896045197740113,
        0.8983050847457628,
        0.8983050847457628,
        0.9005649717514125,
        0.9005649717514125,
        0.9016949152542373,
        0.9016949152542373,
        0.9073446327683616,
        0.9073446327683616,
        0.9084745762711864,
        0.9084745762711864,
        0.9186440677966101,
        0.9186440677966101,
        0.9209039548022598,
        0.9209039548022598,
        0.9265536723163842,
        0.9265536723163842,
        0.9310734463276836,
        0.9310734463276836,
        0.9322033898305084,
        0.9322033898305084,
        0.9378531073446328,
        0.9378531073446328,
        0.9389830508474576,
        0.9389830508474576,
        0.9412429378531073,
        0.9412429378531073,
        0.9423728813559322,
        0.9423728813559322,
        0.9446327683615819,
        0.9446327683615819,
        0.9502824858757062,
        0.9502824858757062,
        0.9548022598870056,
        0.9548022598870056,
        0.9570621468926553,
        0.9570621468926553,
        0.9593220338983051,
        0.9593220338983051,
        0.9615819209039548,
        0.9615819209039548,
        0.9649717514124294,
        0.9649717514124294,
        0.9672316384180791,
        0.9672316384180791,
        0.9683615819209039,
        0.9683615819209039,
        0.9694915254237289,
        0.9694915254237289,
        0.9706214689265537,
        0.9706214689265537,
        0.9740112994350283,
        0.9740112994350283,
        0.9751412429378531,
        0.9751412429378531,
        0.9830508474576272,
        0.9830508474576272,
        0.9853107344632769,
        0.9853107344632769,
        0.9864406779661017,
        0.9864406779661017,
        0.9875706214689266,
        0.9875706214689266,
        0.9898305084745763,
        0.9898305084745763,
        0.9909604519774011,
        0.9909604519774011,
        0.992090395480226,
        0.992090395480226,
        0.9932203389830508,
        0.9932203389830508,
        0.9943502824858758,
        0.9943502824858758,
        0.9954802259887006,
        0.9954802259887006,
        0.9966101694915255,
        0.9966101694915255,
        0.9977401129943503,
        0.9977401129943503,
        0.9988700564971752,
        0.9988700564971752,
        1.0,
        1.0
    ],