{
    "accuracy": 0.9470758032128515,
    "precision": 0.9182178773441803,
    "recall": 0.9817275957171117,
    "f1_score": 0.9488856923795769,
    "fp_rate": 0.08766026736750845,
    "tp_rate": 0.9817275957171117,
    "std_accuracy": 0.00507575490347155,
    "std_precision": 0.00857641306762719,
    "std_recall": 0.004292109613035575,
    "std_f1_score": 0.004966500006566774,
    "std_fp_rate": 0.009397253963220461,
    "std_tp_rate": 0.004292109613035575,
    "TP": 978.889,
    "TN": 907.686,
    "FP": 87.204,
    "FN": 18.221,
    "roc_auc": 0.9938055434589765,
    "fpr_at_thresholds": [
        0.0,
        0.0,
        0.0,
        0.001004016064257028,
        0.001004016064257028,
        0.002008032128514056,
        0.002008032128514056,
        0.0030120481927710845,
        0.0030120481927710845,
        0.004016064257028112,
        0.004016064257028112,
        0.0050200803212851405,
        0.0050200803212851405,
        0.006024096385542169,
        0.006024096385542169,
        0.007028112449799197,
        0.007028112449799197,
        0.008032128514056224,
        0.008032128514056224,
        0.009036144578313253,
        0.009036144578313253,
        0.010040160642570281,
        0.010040160642570281,
        0.012048192771084338,
        0.012048192771084338,
        0.013052208835341365,
        0.013052208835341365,
        0.014056224899598393,
        0.014056224899598393,
        0.015060240963855422,
        0.015060240963855422,
        0.01606425702811245,
        0.01606425702811245,
        0.018072289156626505,
        0.018072289156626505,
        0.019076305220883535,
        0.019076305220883535,
        0.020080321285140562,
        0.020080321285140562,
        0.02208835341365462,
        0.02208835341365462,
        0.024096385542168676,
        0.024096385542168676,
        0.025100401606425703,
        0.025100401606425703,
        0.02610441767068273,
        0.02610441767068273,
        0.028112449799196786,
        0.028112449799196786,
        0.029116465863453816,
        0.029116465863453816,
        0.0321285140562249,
        0.0321285140562249,
        0.03614457831325301,
        0.03614457831325301,
        0.03714859437751004,
        0.03714859437751004,
        0.03815261044176707,
        0.03815261044176707,
        0.0391566265060241,
        0.0391566265060241,
        0.04116465863453815,
        0.04116465863453815,
        0.04216867469879518,
        0.04216867469879518,
        0.04317269076305221,
        0.04317269076305221,
        0.04417670682730924,
        0.04417670682730924,
        0.04718875502008032,
        0.04718875502008032,
        0.055220883534136546,
        0.055220883534136546,
        0.0572289156626506,
        0.0572289156626506,
        0.05923694779116466,
        0.05923694779116466,
        0.0642570281124498,
        0.0642570281124498,
        0.06927710843373494,
        0.06927710843373494,
        0.07530120481927711,
        0.07530120481927711,
        0.0783132530120482,
        0.0783132530120482,
        0.08634538152610442,
        0.08634538152610442,
        0.08734939759036145,
        0.08734939759036145,
        0.0893574297188755,
        0.0893574297188755,
        0.09437751004016064,
        0.09437751004016064,
        0.09738955823293173,
        0.09738955823293173,
        0.13152610441767068,
        0.13152610441767068,
        0.13855421686746988,
        0.13855421686746988,
        0.14558232931726908,
        0.14558232931726908,
        0.15261044176706828,
        0.15261044176706828,
        0.17771084337349397,
        0.17771084337349397,
        0.19176706827309237,
        0.19176706827309237,
        0.20481927710843373,
        0.20481927710843373,
        0.21686746987951808,
        0.21686746987951808,
        0.21987951807228914,
        0.21987951807228914,
        0.25100401606425704,
        0.25100401606425704,
        0.5331325301204819,
        0.5331325301204819,
        1.0
    ],
    "tpr_at_thresholds": [
        0.0,
        0.001004016064257028,
        0.6586345381526104,
        0.6586345381526104,
        0.7740963855421686,
        0.7740963855421686,
        0.8022088353413654,
        0.8022088353413654,
        0.8303212851405622,
        0.8303212851405622,
        0.8363453815261044,
        0.8363453815261044,
        0.8423694779116466,
        0.8423694779116466,
        0.856425702811245,
        0.856425702811245,
        0.8775100401606426,
        0.8775100401606426,
        0.8865461847389559,
        0.8865461847389559,
        0.9016064257028112,
        0.9016064257028112,
        0.9056224899598394,
        0.9056224899598394,
        0.9096385542168675,
        0.9096385542168675,
        0.9126506024096386,
        0.9126506024096386,
        0.9206827309236948,
        0.9206827309236948,
        0.9246987951807228,
        0.9246987951807228,
        0.9267068273092369,
        0.9267068273092369,
        0.928714859437751,
        0.928714859437751,
        0.9317269076305221,
        0.9317269076305221,
        0.9347389558232931,
        0.9347389558232931,
        0.9397590361445783,
        0.9397590361445783,
        0.9457831325301205,
        0.9457831325301205,
        0.9508032128514057,
        0.9508032128514057,
        0.9518072289156626,
        0.9518072289156626,
        0.9538152610441767,
        0.9538152610441767,
        0.9548192771084337,
        0.9548192771084337,
        0.9578313253012049,
        0.9578313253012049,
        0.9598393574297188,
        0.9598393574297188,
        0.9608433734939759,
        0.9608433734939759,
        0.9618473895582329,
        0.9618473895582329,
        0.9628514056224899,
        0.9628514056224899,
        0.963855421686747,
        0.963855421686747,
        0.964859437751004,
        0.964859437751004,
        0.9668674698795181,
        0.9668674698795181,
        0.9678714859437751,
        0.9678714859437751,
        0.9688755020080321,
        0.9688755020080321,
        0.9698795180722891,
        0.9698795180722891,
        0.9718875502008032,
        0.9718875502008032,
        0.9738955823293173,
        0.9738955823293173,
        0.9769076305220884,
        0.9769076305220884,
        0.9779116465863453,
        0.9779116465863453,
        0.9789156626506024,
        0.9789156626506024,
        0.9799196787148594,
        0.9799196787148594,
        0.9809236947791165,
        0.9809236947791165,
        0.9819277108433735,
        0.9819277108433735,
        0.9839357429718876,
        0.9839357429718876,
        0.9869477911646586,
        0.9869477911646586,
        0.9889558232931727,
        0.9889558232931727,
        0.9899598393574297,
        0.9899598393574297,
        0.9909638554216867,
        0.9909638554216867,
        0.9919678714859438,
        0.9919678714859438,
        0.9929718875502008,
        0.9929718875502008,
        0.9939759036144579,
        0.9939759036144579,
        0.9949799196787149,
        0.9949799196787149,
        0.9959839357429718,
        0.9959839357429718,
        0.9969879518072289,
        0.9969879518072289,
        0.9979919678714859,
        0.9979919678714859,
        0.998995983935743,
        0.998995983935743,
        1.0,
        1.0
    ],