{
    "accuracy": 0.9434086345381527,
    "precision": 0.9164653982693668,
    "recall": 0.9758942664820838,
    "f1_score": 0.9452200927766317,
    "fp_rate": 0.08913938314381296,
    "tp_rate": 0.9758942664820838,
    "std_accuracy": 0.00518953701739646,
    "std_precision": 0.008626906621545352,
    "std_recall": 0.0049533759688811406,
    "std_f1_score": 0.005186986504851995,
    "std_fp_rate": 0.009065704101871424,
    "std_tp_rate": 0.0049533759688811406,
    "TP": 973.073,
    "TN": 906.197,
    "FP": 88.693,
    "FN": 24.037,
    "roc_auc": 0.9922712940113868,
    "fpr_at_thresholds": [
        0.0,
        0.0,
        0.0,
        0.001004016064257028,
        0.001004016064257028,
        0.002008032128514056,
        0.002008032128514056,
        0.0030120481927710845,
        0.0030120481927710845,
        0.004016064257028112,
        0.004016064257028112,
        0.0050200803212851405,
        0.0050200803212851405,
        0.006024096385542169,
        0.006024096385542169,
        0.007028112449799197,
        0.007028112449799197,
        0.008032128514056224,
        0.008032128514056224,
        0.009036144578313253,
        0.009036144578313253,
        0.010040160642570281,
        0.010040160642570281,
        0.012048192771084338,
        0.012048192771084338,
        0.013052208835341365,
        0.013052208835341365,
        0.014056224899598393,
        0.014056224899598393,
        0.015060240963855422,
        0.015060240963855422,
        0.01606425702811245,
        0.01606425702811245,
        0.01706827309236948,
        0.01706827309236948,
        0.018072289156626505,
        0.018072289156626505,
        0.019076305220883535,
        0.019076305220883535,
        0.020080321285140562,
        0.020080321285140562,
        0.02108433734939759,
        0.02108433734939759,
        0.02208835341365462,
        0.02208835341365462,
        0.024096385542168676,
        0.024096385542168676,
        0.025100401606425703,
        0.025100401606425703,
        0.02610441767068273,
        0.02610441767068273,
        0.02710843373493976,
        0.02710843373493976,
        0.028112449799196786,
        0.028112449799196786,
        0.029116465863453816,
        0.029116465863453816,
        0.030120481927710843,
        0.030120481927710843,
        0.0321285140562249,
        0.0321285140562249,
        0.03413654618473896,
        0.03413654618473896,
        0.035140562248995984,
        0.035140562248995984,
        0.03714859437751004,
        0.03714859437751004,
        0.03815261044176707,
        0.03815261044176707,
        0.0391566265060241,
        0.0391566265060241,
        0.040160642570281124,
        0.040160642570281124,
        0.04116465863453815,
        0.04116465863453815,
        0.04216867469879518,
        0.04216867469879518,
        0.04317269076305221,
        0.04317269076305221,
        0.04417670682730924,
        0.04417670682730924,
        0.045180722891566265,
        0.045180722891566265,
        0.04718875502008032,
        0.04718875502008032,
        0.05120481927710843,
        0.05120481927710843,
        0.06224899598393574,
        0.06224899598393574,
        0.06626506024096386,
        0.06626506024096386,
        0.07028112449799197,
        0.07028112449799197,
        0.071285140562249,
        0.071285140562249,
        0.07228915662650602,
        0.07228915662650602,
        0.07429718875502007,
        0.07429718875502007,
        0.07730923694779117,
        0.07730923694779117,
        0.08734939759036145,
        0.08734939759036145,
        0.09036144578313253,
        0.09036144578313253,
        0.0963855421686747,
        0.0963855421686747,
        0.09839357429718876,
        0.09839357429718876,
        0.10542168674698796,
        0.10542168674698796,
        0.10943775100401607,
        0.10943775100401607,
        0.11244979919678715,
        0.11244979919678715,
        0.1144578313253012,
        0.1144578313253012,
        0.11847389558232932,
        0.11847389558232932,
        0.11947791164658635,
        0.11947791164658635,
        0.12650602409638553,
        0.12650602409638553,
        0.13152610441767068,
        0.13152610441767068,
        0.13253012048192772,
        0.13253012048192772,
        0.1465863453815261,
        0.1465863453815261,
        0.15461847389558234,
        0.15461847389558234,
        0.1757028112449799,
        0.1757028112449799,
        0.17771084337349397,
        0.17771084337349397,
        0.22188755020080322,
        0.22188755020080322,
        0.28413654618473894,
        0.28413654618473894,
        0.2891566265060241,
        0.2891566265060241,
        0.3634538152610442,
        0.3634538152610442,
        1.0
    ],