{
    "accuracy": 0.9561413333333334,
    "precision": 0.9414641407532495,
    "recall": 0.9729341859017797,
    "f1_score": 0.9568845647042108,
    "fp_rate": 0.06071272275845658,
    "tp_rate": 0.9729341859017797,
    "std_accuracy": 0.007480554227833369,
    "std_precision": 0.012160116351178156,
    "std_recall": 0.008321644943097036,
    "std_f1_score": 0.007573303456809754,
    "std_fp_rate": 0.012475554252788675,
    "std_tp_rate": 0.008321644943097036,
    "TP": 365.55,
    "TN": 351.556,
    "FP": 22.728,
    "FN": 10.166,
    "roc_auc": 0.9924835555555556,
    "fpr_at_thresholds": [
        0.0,
        0.0,
        0.0,
        0.008,
        0.008,
        0.016,
        0.016,
        0.018666666666666668,
        0.018666666666666668,
        0.021333333333333333,
        0.021333333333333333,
        0.029333333333333333,
        0.029333333333333333,
        0.037333333333333336,
        0.037333333333333336,
        0.04533333333333334,
        0.04533333333333334,
        0.06133333333333333,
        0.06133333333333333,
        0.08533333333333333,
        0.088,
        0.112,
        0.112,
        0.11466666666666667,
        0.11466666666666667,
        0.12266666666666666,
        0.12533333333333332,
        0.13066666666666665,
        0.18666666666666668,
        0.18666666666666668,
        0.20266666666666666,
        0.20266666666666666,
        0.21066666666666667,
        0.216,
        0.336,
        0.3413333333333333,
        0.6853333333333333,
        0.696,
        0.712,
        0.7146666666666667,
        0.7226666666666667,
        0.728,
        0.776,
        0.7813333333333333,
        0.9173333333333333,
        0.9333333333333333,
        0.9413333333333334,
        0.944,
        0.976,
        0.9813333333333333,
        0.9893333333333333,
        0.992,
        1.0
    ],
    "tpr_at_thresholds": [
        0.0,
        0.0026666666666666666,
        0.72,
        0.72,
        0.832,
        0.832,
        0.8506666666666667,
        0.8506666666666667,
        0.8613333333333333,
        0.8613333333333333,
        0.8986666666666666,
        0.8986666666666666,
        0.9466666666666667,
        0.9466666666666667,
        0.952,
        0.952,
        0.9653333333333334,
        0.9653333333333334,
        0.9893333333333333,
        0.9893333333333333,
        0.9893333333333333,
        0.9893333333333333,
        0.992,
        0.992,
        0.9946666666666667,
        0.9946666666666667,
        0.9946666666666667,
        0.9946666666666667,
        0.9946666666666667,
        0.9973333333333333,
        0.9973333333333333,
        1.0,
        1.0,
        1.0,
        1.0,
        1.0,
        1.0,
        1.0,
        1.0,
        1.0,
        1.0,
        1.0,
        1.0,
        1.0,
        1.0,
        1.0,
        1.0,
        1.0,
        1.0,
        1.0,
        1.0,
        1.0,
        1.0
    ],
    "thresholds": [
        Infinity,
        4.317472457885742,
        2.334378480911255,
        2.3163416385650635,
        1.6679861545562744,
        1.6675546169281006,
        1.5806838274002075,
        1.573505163192749,
        1.5026456117630005,
        1.4921443462371826,
        1.2712328433990479,
        1.2456622123718262,
        0.7876845002174377,
        0.7383345365524292,
        0.6494786143302917,
        0.6279389262199402,
        0.4451444745063782,
        0.44436612725257874,
        -0.1353655308485031,
        -0.29531458020210266,
        -0.40254420042037964,
        -0.5875833630561829,
        -0.603008508682251,
        -0.7328592538833618,
        -0.7513614892959595,
        -0.8753234148025513,
        -0.876366376876831,
        -0.8836537599563599,
        -1.2217994928359985,
        -1.2489415407180786,
        -1.4277740716934204,
        -1.4297168254852295,
        -1.4645895957946777,
        -1.482983946800232,
        -2.211818218231201,
        -2.2646796703338623,
        -3.0869781970977783,
        -3.0963213443756104,
        -3.11350154876709,
        -3.1172773838043213,
        -3.1281518936157227,
        -3.129725217819214,
        -3.229983329772949,
        -3.232020854949951,
        -3.41974139213562,
        -3.451974630355835,
        -3.460021734237671,
        -3.5110795497894287,
        -3.5458343029022217,
        -3.5464842319488525,
        -3.5489134788513184,
        -3.603205680847168,
        -3.6199023723602295
    ]
}