{
    "accuracy": 0.9402576064908722,
    "precision": 0.9164566139200393,
    "recall": 0.9688839004718309,
    "f1_score": 0.9419140304220666,
    "fp_rate": 0.08838367598944133,
    "tp_rate": 0.9688839004718309,
    "std_accuracy": 0.0054743876230532095,
    "std_precision": 0.008728113828555994,
    "std_recall": 0.005443035927297932,
    "std_f1_score": 0.005412161567648552,
    "std_fp_rate": 0.009377294534024574,
    "std_tp_rate": 0.005443035927297932,
    "TP": 955.563,
    "TN": 898.625,
    "FP": 87.123,
    "FN": 30.689,
    "roc_auc": 0.9888695283667079,
    "fpr_at_thresholds": [
        0.0,
        0.0,
        0.0,
        0.0010141987829614604,
        0.0010141987829614604,
        0.002028397565922921,
        0.002028397565922921,
        0.0030425963488843813,
        0.0030425963488843813,
        0.004056795131845842,
        0.004056795131845842,
        0.005070993914807302,
        0.005070993914807302,
        0.006085192697768763,
        0.006085192697768763,
        0.007099391480730223,
        0.007099391480730223,
        0.008113590263691683,
        0.008113590263691683,
        0.009127789046653144,
        0.009127789046653144,
        0.010141987829614604,
        0.010141987829614604,
        0.012170385395537525,
        0.012170385395537525,
        0.013184584178498986,
        0.013184584178498986,
        0.014198782961460446,
        0.014198782961460446,
        0.015212981744421906,
        0.015212981744421906,
        0.016227180527383367,
        0.016227180527383367,
        0.018255578093306288,
        0.018255578093306288,
        0.019269776876267748,
        0.019269776876267748,
        0.02129817444219067,
        0.02129817444219067,
        0.02231237322515213,
        0.02231237322515213,
        0.02332657200811359,
        0.02332657200811359,
        0.02434077079107505,
        0.02434077079107505,
        0.02535496957403651,
        0.02535496957403651,
        0.02636916835699797,
        0.02636916835699797,
        0.028397565922920892,
        0.028397565922920892,
        0.029411764705882353,
        0.029411764705882353,
        0.030425963488843813,
        0.030425963488843813,
        0.03144016227180527,
        0.03144016227180527,
        0.032454361054766734,
        0.032454361054766734,
        0.033468559837728194,
        0.033468559837728194,
        0.035496957403651115,
        0.035496957403651115,
        0.036511156186612576,
        0.036511156186612576,
        0.037525354969574036,
        0.037525354969574036,
        0.038539553752535496,
        0.038539553752535496,
        0.03955375253549696,
        0.03955375253549696,
        0.04056795131845842,
        0.04056795131845842,
        0.04158215010141988,
        0.04158215010141988,
        0.0436105476673428,
        0.0436105476673428,
        0.04462474645030426,
        0.04462474645030426,
        0.04563894523326572,
        0.04563894523326572,
        0.04665314401622718,
        0.04665314401622718,
        0.04766734279918864,
        0.04766734279918864,
        0.04969574036511156,
        0.04969574036511156,
        0.05172413793103448,
        0.05172413793103448,
        0.05273833671399594,
        0.05273833671399594,
        0.0537525354969574,
        0.0537525354969574,
        0.05476673427991886,
        0.05476673427991886,
        0.055780933062880324,
        0.055780933062880324,
        0.057809330628803245,
        0.057809330628803245,
        0.058823529411764705,
        0.058823529411764705,
        0.060851926977687626,
        0.060851926977687626,
        0.06288032454361055,
        0.06288032454361055,
        0.06693711967545639,
        0.06693711967545639,
        0.06795131845841786,
        0.06795131845841786,
        0.06896551724137931,
        0.06896551724137931,
        0.07099391480730223,
        0.07099391480730223,
        0.07707910750507099,
        0.07707910750507099,
        0.07910750507099391,
        0.07910750507099391,
        0.08316430020283976,
        0.08316430020283976,
        0.08823529411764706,
        0.08823529411764706,
        0.09533468559837728,
        0.09533468559837728,
        0.09837728194726167,
        0.09837728194726167,
        0.10141987829614604,
        0.10141987829614604,
        0.10243407707910751,
        0.10243407707910751,
        0.1075050709939148,
        0.1075050709939148,
        0.11156186612576065,
        0.11156186612576065,
        0.11257606490872211,
        0.11257606490872211,
        0.12474645030425964,
        0.12474645030425964,
        0.13184584178498987,
        0.13184584178498987,
        0.14198782961460446,
        0.14198782961460446,
        0.14300202839756593,
        0.14300202839756593,
        0.1511156186612576,
        0.1511156186612576,
        0.15314401622718052,
        0.15314401622718052,
        0.16937119675456389,
        0.16937119675456389,
        0.1724137931034483,
        0.1724137931034483,
        0.1744421906693712,
        0.1744421906693712,
        0.17647058823529413,
        0.17647058823529413,
        0.18052738336713997,
        0.18052738336713997,
        0.1876267748478702,
        0.1876267748478702,
        0.19168356997971603,
        0.19168356997971603,
        0.20588235294117646,
        0.20588235294117646,
        0.22008113590263692,
        0.22008113590263692,
        0.22210953346855983,
        0.22210953346855983,
        0.23935091277890466,
        0.23935091277890466,
        0.2434077079107505,
        0.2434077079107505,
        0.268762677484787,
        0.268762677484787,
        0.29918864097363085,
        0.29918864097363085,
        1.0
    ],