{
    "accuracy": 0.9521415571284126,
    "precision": 0.9187972650593679,
    "recall": 0.9919501291305206,
    "f1_score": 0.9539519369388308,
    "fp_rate": 0.08767304556069254,
    "tp_rate": 0.9919501291305206,
    "std_accuracy": 0.004897452888499428,
    "std_precision": 0.008425312459384493,
    "std_recall": 0.0028781848118100313,
    "std_f1_score": 0.004795542416897484,
    "std_fp_rate": 0.009202065412787428,
    "std_tp_rate": 0.0028781848118100313,
    "TP": 981.008,
    "TN": 902.328,
    "FP": 86.705,
    "FN": 7.959,
    "roc_auc": 0.9949985737960845,
    "fpr_at_thresholds": [
        0.0,
        0.0,
        0.0,
        0.0010111223458038423,
        0.0010111223458038423,
        0.0020222446916076846,
        0.0020222446916076846,
        0.003033367037411527,
        0.003033367037411527,
        0.005055611729019211,
        0.005055611729019211,
        0.006066734074823054,
        0.006066734074823054,
        0.007077856420626896,
        0.007077856420626896,
        0.008088978766430738,
        0.008088978766430738,
        0.00910010111223458,
        0.00910010111223458,
        0.010111223458038422,
        0.010111223458038422,
        0.011122345803842264,
        0.011122345803842264,
        0.012133468149646108,
        0.012133468149646108,
        0.01314459049544995,
        0.01314459049544995,
        0.014155712841253791,
        0.014155712841253791,
        0.015166835187057633,
        0.015166835187057633,
        0.016177957532861477,
        0.016177957532861477,
        0.01820020222446916,
        0.01820020222446916,
        0.019211324570273004,
        0.019211324570273004,
        0.021233569261880688,
        0.021233569261880688,
        0.022244691607684528,
        0.022244691607684528,
        0.023255813953488372,
        0.023255813953488372,
        0.024266936299292215,
        0.024266936299292215,
        0.025278058645096056,
        0.025278058645096056,
        0.0262891809908999,
        0.0262891809908999,
        0.028311425682507583,
        0.028311425682507583,
        0.030333670374115267,
        0.030333670374115267,
        0.032355915065722954,
        0.032355915065722954,
        0.034378159757330634,
        0.034378159757330634,
        0.03538928210313448,
        0.03538928210313448,
        0.03640040444893832,
        0.03640040444893832,
        0.03842264914054601,
        0.03842264914054601,
        0.03943377148634985,
        0.03943377148634985,
        0.04044489383215369,
        0.04044489383215369,
        0.041456016177957536,
        0.041456016177957536,
        0.042467138523761376,
        0.042467138523761376,
        0.043478260869565216,
        0.043478260869565216,
        0.044489383215369056,
        0.044489383215369056,
        0.0455005055611729,
        0.0455005055611729,
        0.047522750252780584,
        0.047522750252780584,
        0.04853387259858443,
        0.04853387259858443,
        0.04954499494438827,
        0.04954499494438827,
        0.054600606673407485,
        0.054600606673407485,
        0.05864509605662285,
        0.05864509605662285,
        0.06066734074823053,
        0.06066734074823053,
        0.06774519716885744,
        0.06774519716885744,
        0.07785642062689585,
        0.07785642062689585,
        0.08695652173913043,
        0.08695652173913043,
        0.08796764408493428,
        0.08796764408493428,
        0.08998988877654196,
        0.08998988877654196,
        0.0980788675429727,
        0.0980788675429727,
        0.1122345803842265,
        0.1122345803842265,
        0.1172901921132457,
        0.1172901921132457,
        0.13549039433771487,
        0.13549039433771487,
        0.20626895854398383,
        0.20626895854398383,
        0.30738119312436807,
        0.30738119312436807,
        1.0
    ],
    "tpr_at_thresholds": [
        0.0,
        0.0010111223458038423,
        0.6673407482305359,
        0.6673407482305359,
        0.7704752275025278,
        0.7704752275025278,
        0.7937310414560161,
        0.7937310414560161,
        0.8200202224469161,
        0.8200202224469161,
        0.8281092012133469,
        0.8281092012133469,
        0.8351870576339737,
        0.8351870576339737,
        0.8543983822042467,
        0.8543983822042467,
        0.8645096056622852,
        0.8645096056622852,
        0.8897876643073812,
        0.8897876643073812,
        0.890798786653185,
        0.890798786653185,
        0.8918099089989889,
        0.8918099089989889,
        0.8998988877654196,
        0.8998988877654196,
        0.9009100101112234,
        0.9009100101112234,
        0.9079878665318504,
        0.9079878665318504,
        0.9140546006066734,
        0.9140546006066734,
        0.923154701718908,
        0.923154701718908,
        0.9312436804853387,
        0.9312436804853387,
        0.9362992922143579,
        0.9362992922143579,
        0.9373104145601617,
        0.9373104145601617,
        0.9383215369059656,
        0.9383215369059656,
        0.9393326592517695,
        0.9393326592517695,
        0.942366026289181,
        0.942366026289181,
        0.9453993933265925,
        0.9453993933265925,
        0.9474216380182002,
        0.9474216380182002,
        0.9514661274014156,
        0.9514661274014156,
        0.9534883720930233,
        0.9534883720930233,
        0.9544994944388271,
        0.9544994944388271,
        0.9555106167846309,
        0.9555106167846309,
        0.9575328614762386,
        0.9575328614762386,
        0.961577350859454,
        0.961577350859454,
        0.9656218402426694,
        0.9656218402426694,
        0.9666329625884732,
        0.9666329625884732,
        0.967644084934277,
        0.967644084934277,
        0.9696663296258847,
        0.9696663296258847,
        0.9716885743174924,
        0.9716885743174924,
        0.9737108190091001,
        0.9737108190091001,
        0.974721941354904,
        0.974721941354904,
        0.9757330637007078,
        0.9757330637007078,
        0.9767441860465116,
        0.9767441860465116,
        0.9777553083923155,
        0.9777553083923155,
        0.9817997977755308,
        0.9817997977755308,
        0.9828109201213346,
        0.9828109201213346,
        0.9838220424671386,
        0.9838220424671386,
        0.9858442871587462,
        0.9858442871587462,
        0.9868554095045501,
        0.9868554095045501,
        0.9888776541961577,
        0.9888776541961577,
        0.9898887765419616,
        0.9898887765419616,
        0.9919110212335692,
        0.9919110212335692,
        0.9929221435793731,
        0.9929221435793731,
        0.9949443882709808,
        0.9949443882709808,
        0.9959555106167847,
        0.9959555106167847,
        0.9969666329625885,
        0.9969666329625885,
        0.9979777553083923,
        0.9979777553083923,
        0.9989888776541962,
        0.9989888776541962,
        1.0,
        1.0
    ],