{
    "accuracy": 0.9315818273092369,
    "precision": 0.9165569925403978,
    "recall": 0.949789219667299,
    "f1_score": 0.9328465070131283,
    "fp_rate": 0.08666876702567305,
    "tp_rate": 0.949789219667299,
    "std_accuracy": 0.005843888396109572,
    "std_precision": 0.008725656717757794,
    "std_recall": 0.00701290910003978,
    "std_f1_score": 0.005899573323660446,
    "std_fp_rate": 0.009108331156783056,
    "std_tp_rate": 0.00701290910003978,
    "TP": 947.045,
    "TN": 908.666,
    "FP": 86.224,
    "FN": 50.065,
    "roc_auc": 0.986719972258512,
    "fpr_at_thresholds": [
        0.0,
        0.0,
        0.0,
        0.001004016064257028,
        0.001004016064257028,
        0.002008032128514056,
        0.002008032128514056,
        0.0030120481927710845,
        0.0030120481927710845,
        0.0050200803212851405,
        0.0050200803212851405,
        0.006024096385542169,
        0.006024096385542169,
        0.007028112449799197,
        0.007028112449799197,
        0.008032128514056224,
        0.008032128514056224,
        0.009036144578313253,
        0.009036144578313253,
        0.010040160642570281,
        0.010040160642570281,
        0.01104417670682731,
        0.01104417670682731,
        0.012048192771084338,
        0.012048192771084338,
        0.013052208835341365,
        0.013052208835341365,
        0.014056224899598393,
        0.014056224899598393,
        0.015060240963855422,
        0.015060240963855422,
        0.01606425702811245,
        0.01606425702811245,
        0.018072289156626505,
        0.018072289156626505,
        0.019076305220883535,
        0.019076305220883535,
        0.020080321285140562,
        0.020080321285140562,
        0.02208835341365462,
        0.02208835341365462,
        0.024096385542168676,
        0.024096385542168676,
        0.025100401606425703,
        0.025100401606425703,
        0.02610441767068273,
        0.02610441767068273,
        0.028112449799196786,
        0.028112449799196786,
        0.030120481927710843,
        0.030120481927710843,
        0.0321285140562249,
        0.0321285140562249,
        0.035140562248995984,
        0.035140562248995984,
        0.03614457831325301,
        0.03614457831325301,
        0.03714859437751004,
        0.03714859437751004,
        0.03815261044176707,
        0.03815261044176707,
        0.04116465863453815,
        0.04116465863453815,
        0.04317269076305221,
        0.04317269076305221,
        0.04417670682730924,
        0.04417670682730924,
        0.045180722891566265,
        0.045180722891566265,
        0.04718875502008032,
        0.04718875502008032,
        0.04819277108433735,
        0.04819277108433735,
        0.05321285140562249,
        0.05321285140562249,
        0.05421686746987952,
        0.05421686746987952,
        0.0572289156626506,
        0.0572289156626506,
        0.05823293172690763,
        0.05823293172690763,
        0.05923694779116466,
        0.05923694779116466,
        0.060240963855421686,
        0.060240963855421686,
        0.06224899598393574,
        0.06224899598393574,
        0.0642570281124498,
        0.0642570281124498,
        0.06726907630522089,
        0.06726907630522089,
        0.06827309236947791,
        0.06827309236947791,
        0.07028112449799197,
        0.07028112449799197,
        0.07429718875502007,
        0.07429718875502007,
        0.07530120481927711,
        0.07530120481927711,
        0.07630522088353414,
        0.07630522088353414,
        0.07730923694779117,
        0.07730923694779117,
        0.07931726907630522,
        0.07931726907630522,
        0.0853413654618474,
        0.0853413654618474,
        0.08634538152610442,
        0.08634538152610442,
        0.08835341365461848,
        0.08835341365461848,
        0.09538152610441768,
        0.09538152610441768,
        0.0963855421686747,
        0.0963855421686747,
        0.09738955823293173,
        0.09738955823293173,
        0.10040160642570281,
        0.10040160642570281,
        0.10140562248995984,
        0.10140562248995984,
        0.10240963855421686,
        0.10240963855421686,
        0.10341365461847389,
        0.10341365461847389,
        0.10441767068273092,
        0.10441767068273092,
        0.10542168674698796,
        0.10542168674698796,
        0.10742971887550201,
        0.10742971887550201,
        0.10843373493975904,
        0.10843373493975904,
        0.11044176706827309,
        0.11044176706827309,
        0.12048192771084337,
        0.12048192771084337,
        0.13353413654618473,
        0.13353413654618473,
        0.13755020080321284,
        0.13755020080321284,
        0.13855421686746988,
        0.13855421686746988,
        0.14056224899598393,
        0.14056224899598393,
        0.142570281124498,
        0.142570281124498,
        0.14558232931726908,
        0.14558232931726908,
        0.1465863453815261,
        0.1465863453815261,
        0.14759036144578314,
        0.14759036144578314,
        0.15863453815261044,
        0.15863453815261044,
        0.16666666666666666,
        0.16666666666666666,
        0.17771084337349397,
        0.17771084337349397,
        0.178714859437751,
        0.178714859437751,
        0.1857429718875502,
        0.1857429718875502,
        0.19176706827309237,
        0.19176706827309237,
        0.19477911646586346,
        0.19477911646586346,
        0.19678714859437751,
        0.19678714859437751,
        0.21485943775100402,
        0.21485943775100402,
        0.23293172690763053,
        0.23293172690763053,
        0.2399598393574297,
        0.2399598393574297,
        0.24799196787148595,
        0.24799196787148595,
        0.2751004016064257,
        0.2751004016064257,
        0.27710843373493976,
        0.27710843373493976,
        0.5431726907630522,
        0.5431726907630522,
        1.0
    ],