{"samples": 448, "accuracy": 0.5248068756319515, "std": 0.011134740956047752, "lower_bound": 0.5035389282103134, "upper_bound": 0.5465242669362993}
{"samples": 960, "accuracy": 0.6266304347826087, "std": 0.010754741587554358, "lower_bound": 0.6041456016177957, "upper_bound": 0.6476238624873609}
{"samples": 1472, "accuracy": 0.7570080889787665, "std": 0.009673552802968326, "lower_bound": 0.7386122345803842, "upper_bound": 0.7750252780586451}
{"samples": 1984, "accuracy": 0.737303842264914, "std": 0.00983650083382279, "lower_bound": 0.71840242669363, "upper_bound": 0.7568250758341759}
{"samples": 2496, "accuracy": 0.7501102123356927, "std": 0.010267678283329796, "lower_bound": 0.7300176946410515, "upper_bound": 0.7704752275025278}
{"samples": 3008, "accuracy": 0.7533250758341759, "std": 0.009343518268214444, "lower_bound": 0.7345803842264914, "upper_bound": 0.7714989888776542}
{"samples": 3520, "accuracy": 0.7335995955510617, "std": 0.009645921698767672, "lower_bound": 0.7138523761375126, "upper_bound": 0.7527805864509606}
{"samples": 4032, "accuracy": 0.8111582406471183, "std": 0.009022123484726155, "lower_bound": 0.7942239635995956, "upper_bound": 0.8291203235591507}
{"samples": 4544, "accuracy": 0.6125631951466127, "std": 0.010690622669822665, "lower_bound": 0.5915065722952477, "upper_bound": 0.6334681496461072}
{"samples": 5056, "accuracy": 0.831196157735086, "std": 0.008366735963337937, "lower_bound": 0.8144464105156723, "upper_bound": 0.8473205257836198}
{"samples": 5568, "accuracy": 0.8154615773508594, "std": 0.008597494154140328, "lower_bound": 0.7987866531850354, "upper_bound": 0.8336703741152679}
{"samples": 6080, "accuracy": 0.7610278058645096, "std": 0.009596651499770964, "lower_bound": 0.7416582406471183, "upper_bound": 0.7790697674418605}
{"samples": 6592, "accuracy": 0.8206359959555107, "std": 0.008737502403068182, "lower_bound": 0.80332406471183, "upper_bound": 0.8372093023255814}
{"samples": 7104, "accuracy": 0.7798771486349849, "std": 0.009048818977152625, "lower_bound": 0.7618680485338726, "upper_bound": 0.7972699696663297}
{"samples": 7616, "accuracy": 0.8305824064711831, "std": 0.008548714086558596, "lower_bound": 0.8129423660262892, "upper_bound": 0.845803842264914}
{"samples": 8128, "accuracy": 0.8321809908998989, "std": 0.008791955672279255, "lower_bound": 0.8154575328614762, "upper_bound": 0.8498483316481295}
{"samples": 8640, "accuracy": 0.8280288169868554, "std": 0.008469133833516001, "lower_bound": 0.8109201213346815, "upper_bound": 0.8447927199191102}
{"samples": 9152, "accuracy": 0.8329307381193124, "std": 0.007956553653860257, "lower_bound": 0.8179979777553084, "upper_bound": 0.8488372093023255}
{"samples": 9664, "accuracy": 0.8379034378159758, "std": 0.008373745565889774, "lower_bound": 0.8215369059656218, "upper_bound": 0.8533998988877655}
{"samples": 10176, "accuracy": 0.8246814964610718, "std": 0.008668149655542813, "lower_bound": 0.80788675429727, "upper_bound": 0.8412537917087968}
{"samples": 10688, "accuracy": 0.8277335692618807, "std": 0.00837180835023021, "lower_bound": 0.8109201213346815, "upper_bound": 0.8442997977755309}
{"samples": 11200, "accuracy": 0.8382436804853388, "std": 0.00821377263792161, "lower_bound": 0.8220424671385238, "upper_bound": 0.8549039433771486}
{"samples": 11712, "accuracy": 0.8369600606673407, "std": 0.008420408578378754, "lower_bound": 0.820525783619818, "upper_bound": 0.8533872598584429}
{"samples": 12224, "accuracy": 0.8253139534883721, "std": 0.00865061051721267, "lower_bound": 0.8083923154701719, "upper_bound": 0.8422649140546006}
{"samples": 12736, "accuracy": 0.8317891809908999, "std": 0.008411893165164781, "lower_bound": 0.8144590495449949, "upper_bound": 0.8478260869565217}
{"samples": 13248, "accuracy": 0.8458518705763397, "std": 0.007987354154766589, "lower_bound": 0.8301314459049545, "upper_bound": 0.8614888776541962}
{"samples": 13760, "accuracy": 0.844979271991911, "std": 0.008178299176439936, "lower_bound": 0.8286147623862488, "upper_bound": 0.8609706774519716}
{"samples": 14272, "accuracy": 0.8339716885743176, "std": 0.00817489108698652, "lower_bound": 0.8185035389282103, "upper_bound": 0.8493427704752275}
{"samples": 14784, "accuracy": 0.8449858442871588, "std": 0.008088474390240812, "lower_bound": 0.8286147623862488, "upper_bound": 0.8609706774519716}
{"samples": 15296, "accuracy": 0.8444100101112235, "std": 0.008224812974336743, "lower_bound": 0.8276036400404448, "upper_bound": 0.8594666329625885}
{"samples": 15808, "accuracy": 0.8455374115267948, "std": 0.00822060610863414, "lower_bound": 0.8296258847320526, "upper_bound": 0.8619817997977756}
{"samples": 192, "loss": 0.7123270034790039}
{"samples": 448, "loss": 0.6897001266479492}
{"samples": 704, "loss": 0.6670622825622559}
{"samples": 960, "loss": 0.624061107635498}
{"samples": 1216, "loss": 0.5955895185470581}
{"samples": 1472, "loss": 0.6046330332756042}
{"samples": 1728, "loss": 0.5489497482776642}
{"samples": 1984, "loss": 0.48960351943969727}
{"samples": 2240, "loss": 0.5797379910945892}
{"samples": 2496, "loss": 0.4930432289838791}
{"samples": 2752, "loss": 0.49469003081321716}
{"samples": 3008, "loss": 0.5314973890781403}
{"samples": 3264, "loss": 0.5243512690067291}
{"samples": 3520, "loss": 0.5686243176460266}
{"samples": 3776, "loss": 0.5293142795562744}
{"samples": 4032, "loss": 0.492298424243927}
{"samples": 4288, "loss": 0.48805880546569824}
{"samples": 4544, "loss": 0.4769371747970581}
{"samples": 4800, "loss": 0.631888672709465}
{"samples": 5056, "loss": 0.49786072969436646}
{"samples": 5312, "loss": 0.5035004839301109}
{"samples": 5568, "loss": 0.41808604449033737}
{"samples": 5824, "loss": 0.4974658489227295}
{"samples": 6080, "loss": 0.5027435198426247}
{"samples": 6336, "loss": 0.5603128969669342}
{"samples": 6592, "loss": 0.467319592833519}
{"samples": 6848, "loss": 0.5696296989917755}
{"samples": 7104, "loss": 0.5091876685619354}
{"samples": 7360, "loss": 0.5342789739370346}
{"samples": 7616, "loss": 0.4956729859113693}
{"samples": 7872, "loss": 0.471493698656559}
{"samples": 8128, "loss": 0.46584074199199677}
{"samples": 8384, "loss": 0.4566522389650345}
{"samples": 8640, "loss": 0.505796954035759}
{"samples": 8896, "loss": 0.44561532139778137}
{"samples": 9152, "loss": 0.5373960584402084}
{"samples": 9408, "loss": 0.48350922763347626}
{"samples": 9664, "loss": 0.47445618361234665}
{"samples": 9920, "loss": 0.4847627133131027}
{"samples": 10176, "loss": 0.4329887330532074}
{"samples": 10432, "loss": 0.45413145422935486}
{"samples": 10688, "loss": 0.4443042278289795}
{"samples": 10944, "loss": 0.4275665283203125}
{"samples": 11200, "loss": 0.46382027864456177}
{"samples": 11456, "loss": 0.44055134803056717}
{"samples": 11712, "loss": 0.4389412924647331}
{"samples": 11968, "loss": 0.46612395346164703}
{"samples": 12224, "loss": 0.4677596017718315}
{"samples": 12480, "loss": 0.3684111163020134}
{"samples": 12736, "loss": 0.4535309225320816}
{"samples": 12992, "loss": 0.4411945641040802}
{"samples": 13248, "loss": 0.4298301264643669}
{"samples": 13504, "loss": 0.3907106816768646}
{"samples": 13760, "loss": 0.47461601346731186}
{"samples": 14016, "loss": 0.43345891684293747}
{"samples": 14272, "loss": 0.46985164284706116}
{"samples": 14528, "loss": 0.45905836671590805}
{"samples": 14784, "loss": 0.500466413795948}
{"samples": 15040, "loss": 0.4495847299695015}
{"samples": 15296, "loss": 0.4747973382472992}
{"samples": 15552, "loss": 0.4763115867972374}
{"samples": 15808, "loss": 0.4823751673102379}
