{"train/loss": 0.12139008595393254, "train/learning_rate": 9.090909090909091e-08, "train/epoch": 0, "_timestamp": 1718018313.0818014, "eval/accuracy": 0.9413333333333334, "eval/loss": 0.17617086939355162, "_runtime": 572.8266024589539, "_step": 7472, "_wandb": {"runtime": 572}}