{"train/loss": 0.1499546353633587, "train/learning_rate": 7.526881720430108e-07, "train/epoch": 0, "_timestamp": 1718011921.631438, "_runtime": 844.2664489746094, "_step": 15792, "eval/accuracy": 0.9054600606673407, "eval/loss": 0.3048264032770549, "_wandb": {"runtime": 838}}