{"train/loss": 0.376370370388031, "train/learning_rate": 1.8181818181818182e-05, "train/epoch": 0, "_timestamp": 1718009581.1861372, "_runtime": 259.01671528816223, "_step": 7360, "eval/accuracy": 0.8106666666666666, "eval/loss": 0.343340406815211, "_wandb": {"runtime": 259}}