{"samples": 496, "accuracy": 0.49985391566265064, "std": 0.011044043434299936, "lower_bound": 0.4779116465863454, "upper_bound": 0.5215988955823293}
{"samples": 1008, "accuracy": 0.7874558232931727, "std": 0.009299100309181355, "lower_bound": 0.768574297188755, "upper_bound": 0.8062248995983936}
{"samples": 1520, "accuracy": 0.8220873493975903, "std": 0.008564768966841056, "lower_bound": 0.8057228915662651, "upper_bound": 0.8383534136546185}
{"samples": 2032, "accuracy": 0.8679769076305222, "std": 0.007545397822376941, "lower_bound": 0.8528990963855421, "upper_bound": 0.8825301204819277}
{"samples": 2544, "accuracy": 0.6627279116465863, "std": 0.010756759862326683, "lower_bound": 0.641566265060241, "upper_bound": 0.6832329317269076}
{"samples": 3056, "accuracy": 0.7049678714859438, "std": 0.010419471292247393, "lower_bound": 0.6847264056224899, "upper_bound": 0.7259161646586345}
{"samples": 3568, "accuracy": 0.9080572289156625, "std": 0.00648044538907374, "lower_bound": 0.8950803212851406, "upper_bound": 0.9206827309236948}
{"samples": 4080, "accuracy": 0.8902916666666666, "std": 0.006932701461104293, "lower_bound": 0.876004016064257, "upper_bound": 0.9036144578313253}
{"samples": 4592, "accuracy": 0.9087715863453815, "std": 0.006242010566650683, "lower_bound": 0.8960843373493976, "upper_bound": 0.9211847389558233}
{"samples": 5104, "accuracy": 0.9002530120481927, "std": 0.006917765109141563, "lower_bound": 0.8870481927710844, "upper_bound": 0.9141566265060241}
{"samples": 5616, "accuracy": 0.9321104417670684, "std": 0.00577868386457141, "lower_bound": 0.9201807228915663, "upper_bound": 0.9432730923694779}
{"samples": 6128, "accuracy": 0.8644362449799197, "std": 0.007658496580127507, "lower_bound": 0.8488955823293173, "upper_bound": 0.8795306224899597}
{"samples": 6640, "accuracy": 0.912742469879518, "std": 0.006344863431869998, "lower_bound": 0.9006024096385542, "upper_bound": 0.925715361445783}
{"samples": 7152, "accuracy": 0.8566059236947791, "std": 0.0079182775601926, "lower_bound": 0.8408634538152611, "upper_bound": 0.8719879518072289}
{"samples": 7664, "accuracy": 0.9032786144578314, "std": 0.006650866424700356, "lower_bound": 0.8895582329317269, "upper_bound": 0.9156626506024096}
{"samples": 8176, "accuracy": 0.8693388554216868, "std": 0.0073852235784703955, "lower_bound": 0.8544176706827309, "upper_bound": 0.8825301204819277}
{"samples": 8688, "accuracy": 0.9435210843373494, "std": 0.005137579828707952, "lower_bound": 0.9332329317269076, "upper_bound": 0.9538152610441767}
{"samples": 9200, "accuracy": 0.8348363453815262, "std": 0.008575995324351193, "lower_bound": 0.8177710843373494, "upper_bound": 0.8509161646586345}
{"samples": 9712, "accuracy": 0.862789156626506, "std": 0.00788771123024919, "lower_bound": 0.8468875502008032, "upper_bound": 0.8780120481927711}
{"samples": 10224, "accuracy": 0.8437289156626506, "std": 0.008221793327369371, "lower_bound": 0.8278112449799196, "upper_bound": 0.8599397590361446}
{"samples": 10736, "accuracy": 0.9008052208835342, "std": 0.006870045196920155, "lower_bound": 0.8875376506024096, "upper_bound": 0.9141566265060241}
{"samples": 11248, "accuracy": 0.9073428714859437, "std": 0.006748464511855262, "lower_bound": 0.8940763052208835, "upper_bound": 0.9201932730923694}
{"samples": 11760, "accuracy": 0.9112520080321285, "std": 0.00631633448395544, "lower_bound": 0.8990963855421686, "upper_bound": 0.9237073293172691}
{"samples": 12272, "accuracy": 0.8707469879518073, "std": 0.007555499667967534, "lower_bound": 0.8554216867469879, "upper_bound": 0.8850401606425703}
{"samples": 12784, "accuracy": 0.8562008032128515, "std": 0.008034156621462119, "lower_bound": 0.8403614457831325, "upper_bound": 0.8714859437751004}
{"samples": 13296, "accuracy": 0.8908739959839358, "std": 0.006957211194598616, "lower_bound": 0.8769954819277108, "upper_bound": 0.9051204819277109}
{"samples": 13808, "accuracy": 0.8706817269076305, "std": 0.007702766422703784, "lower_bound": 0.8564131526104417, "upper_bound": 0.8860441767068273}
{"samples": 14320, "accuracy": 0.9279116465863454, "std": 0.005709444852171847, "lower_bound": 0.9161646586345381, "upper_bound": 0.9387550200803213}
{"samples": 14832, "accuracy": 0.9147073293172692, "std": 0.006090075242342729, "lower_bound": 0.9026104417670683, "upper_bound": 0.9262048192771084}
{"samples": 15344, "accuracy": 0.902245983935743, "std": 0.006768120695039136, "lower_bound": 0.8880522088353414, "upper_bound": 0.9146586345381527}
{"samples": 15856, "accuracy": 0.890027108433735, "std": 0.007064015509318, "lower_bound": 0.8764934738955823, "upper_bound": 0.9026229919678714}
{"samples": 192, "loss": 0.7042987530048077}
{"samples": 400, "loss": 0.7112943209134616}
{"samples": 608, "loss": 0.6930976280799279}
{"samples": 816, "loss": 0.6661224365234375}
{"samples": 1024, "loss": 0.6083379892202524}
{"samples": 1232, "loss": 0.4946242112379808}
{"samples": 1440, "loss": 0.39351035081423247}
{"samples": 1648, "loss": 0.42831249420459455}
{"samples": 1856, "loss": 0.3808531348521893}
{"samples": 2064, "loss": 0.3702079516190749}
{"samples": 2272, "loss": 0.30598526161450607}
{"samples": 2480, "loss": 0.3018136746608294}
{"samples": 2688, "loss": 0.4061056490127857}
{"samples": 2896, "loss": 0.30655962228775024}
{"samples": 3104, "loss": 0.24086348311259195}
{"samples": 3312, "loss": 0.1778843763929147}
{"samples": 3520, "loss": 0.2948024318768428}
{"samples": 3728, "loss": 0.2269740505860402}
{"samples": 3936, "loss": 0.22422869503498077}
{"samples": 4144, "loss": 0.27168996746723467}
{"samples": 4352, "loss": 0.20386171914063966}
{"samples": 4560, "loss": 0.2122984270636852}
{"samples": 4768, "loss": 0.23831354540127975}
{"samples": 4976, "loss": 0.21078393837580314}
{"samples": 5184, "loss": 0.25551295509705174}
{"samples": 5392, "loss": 0.225362849350159}
{"samples": 5600, "loss": 0.20651507377624512}
{"samples": 5808, "loss": 0.25054976458732897}
{"samples": 6016, "loss": 0.22854504046531823}
{"samples": 6224, "loss": 0.14406461440599883}
{"samples": 6432, "loss": 0.14332371262403634}
{"samples": 6640, "loss": 0.13748476482354677}
{"samples": 6848, "loss": 0.18980706139252737}
{"samples": 7056, "loss": 0.1596678913785861}
{"samples": 7264, "loss": 0.23850294603751257}
{"samples": 7472, "loss": 0.18979169371036383}
{"samples": 7680, "loss": 0.23111075564072683}
{"samples": 7888, "loss": 0.1409159554884984}
{"samples": 8096, "loss": 0.13739544095901343}
{"samples": 8304, "loss": 0.142088060768751}
{"samples": 8512, "loss": 0.20373987291867918}
{"samples": 8720, "loss": 0.18193174038942045}
{"samples": 8928, "loss": 0.14880399864453536}
{"samples": 9136, "loss": 0.1559638839501601}
{"samples": 9344, "loss": 0.1368747055530548}
{"samples": 9552, "loss": 0.11771883700902645}
{"samples": 9760, "loss": 0.15578038417376006}
{"samples": 9968, "loss": 0.23949185071083215}
{"samples": 10176, "loss": 0.12847546430734488}
{"samples": 10384, "loss": 0.10431669423213372}
{"samples": 10592, "loss": 0.07122133099115811}
{"samples": 10800, "loss": 0.09626174259644288}
{"samples": 11008, "loss": 0.13821535672132784}
{"samples": 11216, "loss": 0.08000337160550632}
{"samples": 11424, "loss": 0.13254886521742895}
{"samples": 11632, "loss": 0.08202997480447476}
{"samples": 11840, "loss": 0.11646547798927014}
{"samples": 12048, "loss": 0.1395415130716104}
{"samples": 12256, "loss": 0.10835859695306191}
{"samples": 12464, "loss": 0.07072407924211942}
{"samples": 12672, "loss": 0.07933029360496081}
{"samples": 12880, "loss": 0.1733743130014493}
{"samples": 13088, "loss": 0.14460607847342125}
{"samples": 13296, "loss": 0.1259045394567343}
{"samples": 13504, "loss": 0.16220854623959616}
{"samples": 13712, "loss": 0.09936962162072842}
{"samples": 13920, "loss": 0.07613671857577103}
{"samples": 14128, "loss": 0.059493062587884754}
{"samples": 14336, "loss": 0.10321784076782373}
{"samples": 14544, "loss": 0.09558482754688996}
{"samples": 14752, "loss": 0.1526133859386811}
{"samples": 14960,