{"accuracy": 0.9279761663286004, "precision": 0.9156197315372815, "recall": 0.9429310467648702, "f1_score": 0.9290426268473087, "fp_rate": 0.08700898837431029, "tp_rate": 0.9429310467648702, "std_accuracy": 0.005819504939931457, "std_precision": 0.008538997494476846, "std_recall": 0.0076305604291846026, "std_f1_score": 0.00601467382815652, "std_fp_rate": 0.008746896497602958, "std_tp_rate": 0.0076305604291846026, "TP": 930.352, "TN": 899.617, "FP": 85.732, "FN": 56.299, "roc_auc": 0.9776223107274664, "fpr_at_thresholds": [0.0, 0.0010141987829614604, 0.0010141987829614604, 0.0010141987829614604, 0.002028397565922921, 0.002028397565922921, 0.005070993914807302, 0.009127789046653144, 0.010141987829614604, 0.011156186612576065, 0.011156186612576065, 0.012170385395537525, 0.013184584178498986, 0.018255578093306288, 0.018255578093306288, 0.02231237322515213, 0.02231237322515213, 0.032454361054766734, 0.032454361054766734, 0.036511156186612576, 0.03955375253549696, 0.03955375253549696, 0.04158215010141988, 0.04158215010141988, 0.04259634888438134, 0.04259634888438134, 0.04563894523326572, 0.04563894523326572, 0.04665314401622718, 0.04665314401622718, 0.04665314401622718, 0.04766734279918864, 0.04969574036511156, 0.04969574036511156, 0.04969574036511156, 0.04969574036511156, 0.05172413793103448, 0.05273833671399594, 0.05476673427991886, 0.055780933062880324, 0.055780933062880324, 0.056795131845841784, 0.060851926977687626, 0.06592292089249494, 0.07099391480730223, 0.0821501014198783, 0.08417849898580122, 0.0872210953346856, 0.09026369168356999, 0.09432048681541583, 0.09939148073022312, 0.1075050709939148, 0.12170385395537525, 0.12271805273833672, 0.13184584178498987, 0.1440162271805274, 0.15720081135902636, 0.15821501014198783, 0.16227180527383367, 0.16227180527383367, 0.16835699797160245, 0.1724137931034483, 0.1724137931034483, 0.1744421906693712, 0.17849898580121704, 0.1795131845841785, 0.18559837728194725, 0.18864097363083165, 0.19371196754563894, 0.1947261663286004, 0.19675456389452334, 0.20182555780933062, 0.20385395537525355, 0.20486815415821502, 0.21095334685598377, 0.22210953346855983, 0.2231237322515213, 0.2383367139959432, 0.23935091277890466, 0.24442190669371197, 0.24645030425963488, 0.2748478701825558, 0.29107505070993916, 0.29411764705882354, 0.30831643002028397, 0.3093306288032454, 0.31237322515212984, 0.3225152129817444, 0.3255578093306288, 0.33367139959432046, 0.33468559837728196, 0.33468559837728196, 0.3367139959432049, 0.35192697768762676, 0.38336713995943206, 0.3843813387423935, 0.4107505070993915, 0.4148073022312373, 0.4300202839756592, 0.4330628803245436, 0.43509127789046653, 0.44523326572008115, 0.44726166328600403, 0.4543610547667343, 0.4665314401622718, 0.5, 0.5020283975659229, 0.5405679513184585, 0.5486815415821501, 0.5730223123732252, 0.5750507099391481, 0.6237322515212982, 0.6328600405679513, 0.6957403651115619, 0.6997971602434077, 0.7079107505070994, 0.7261663286004056, 0.8823529411764706, 0.8904665314401623, 0.9168356997971603, 1.0], "tpr_at_thresholds": [0.0, 0.31643002028397565, 0.3539553752535497, 0.372210953346856, 0.3762677484787018, 0.3995943204868154, 0.43103448275862066, 0.5223123732251521, 0.5608519269776876, 0.6531440162271805, 0.7058823529411765, 0.716024340770791, 0.7363083164300203, 0.7545638945233266, 0.7565922920892495, 0.7778904665314401, 0.7799188640973631, 0.795131845841785, 0.7961460446247465, 0.8326572008113591, 0.8498985801217038, 0.8509127789046653, 0.8539553752535497, 0.8559837728194726, 0.859026369168357, 0.8600405679513184, 0.8701825557809331, 0.8711967545638946, 0.8742393509127789, 0.8762677484787018, 0.8782961460446247, 0.8782961460446247, 0.8823529411764706, 0.8864097363083164, 0.8874239350912779, 0.8904665314401623, 0.8924949290060852, 0.8924949290060852, 0.8955375253549696, 0.8955375253549696, 0.8975659229208925, 0.8985801217038539, 0.90973630831643, 0.922920892494929, 0.9300202839756593, 0.9350912778904665, 0.9401622718052738, 0.9432048681541582, 0.9432048681541582, 0.9452332657200812, 0.949290060851927, 0.9523326572008114, 0.9574036511156186, 0.9574036511156186, 0.962474645030426, 0.9645030425963489, 0.9716024340770791, 0.9716024340770791, 0.9726166328600405, 0.973630831643002, 0.9746450304259635, 0.9746450304259635, 0.9756592292089249, 0.9787018255578094, 0.9797160243407708, 0.9797160243407708, 0.9807302231237323, 0.9817444219066938, 0.9817444219066938, 0.9817444219066938, 0.9817444219066938, 0.9817444219066938, 0.9817444219066938, 0.9827586206896551, 0.9837728194726166, 0.9858012170385395, 0.9858012170385395, 0.9878296146044625, 0.9878296146044625, 0.9888438133874239, 0.9888438133874239, 0.9898580121703854, 0.9908722109533469, 0.9908722109533469, 0.9939148073022313, 0.9939148073022313, 0.9949290060851927, 0.9959432048681541, 0.9959432048681541, 0.9959432048681541, 0.9959432048681541, 0.9969574036511156, 0.9969574036511156, 0.9969574036511156, 0.9969574036511156, 0.9969574036511156, 0.9979716024340771, 0.9979716024340771, 0.9989858012170385, 0.9989858012170385, 0.9989858012170385, 0.9989858012170385, 0.9989858012170385, 0.9989858012170385, 1.0, 1.0, 1.0, 1.0, 1.0, 1.0, 1.0, 1.0, 1.0, 1.0, 1.0, 1.0, 1.0, 1.0, 1.0, 1.0, 1.0], "thresholds": [Infinity, 1.0, 0.99, 0.98, 0.97, 0.96, 0.95, 0.94, 0.93, 0.92, 0.91, 0.9, 0.89, 0.88, 0.8787878787878788, 0.87, 0.8686868686868687, 0.86, 0.8585858585858586, 0.85, 0.84, 0.82, 0.81, 0.79, 0.78, 0.77, 0.76, 0.74, 0.73, 0.72, 0.7, 0.69, 0.68, 0.66, 0.65, 0.64, 0.63, 0.62, 0.61, 0.6, 0.58, 0.57, 0.56, 0.55, 0.54, 0.53, 0.52, 0.51, 0.5, 0.49, 0.48, 0.47, 0.46, 0.45454545454545453, 0.45, 0.44, 0.43, 0.42424242424242425, 0.42, 0.41414141414141414, 0.41, 0.4, 0.3939393939393939, 0.39, 0.38, 0.37373737373737376, 0.37, 0.36, 0.35, 0.34, 0.33, 0.32, 0.31, 0.3, 0.29, 0.28, 0.2727272727272727, 0.27, 0.26262626262626265, 0.26, 0.25252525252525254, 0.25, 0.24, 0.23232323232323232, 0.23, 0.2222222222222222, 0.22, 0.21, 0.20202020202020202, 0.19, 0.18, 0.17, 0.16161616161616163, 0.16, 0.15, 0.1414141414141414, 0.14, 0.13131313131313133, 0.13, 0.12, 0.11, 0.1, 0.09090909090909091, 0.09, 0.08080808080808081, 0.08, 0.0707070707070707, 0.07, 0.06060606060606061, 0.06, 0.050505050505050504, 0.05, 0.04040404040404041, 0.04, 0.030303030303030304, 0.03, 0.020202020202020204, 0.02, 0.010101010101010102, 0.01, 0.0]}
