{"accuracy": 0.9461305220883535, "precision": 0.9185568224153335, "recall": 0.9790205553744336, "f1_score": 0.9478012801706529, "fp_rate": 0.08672900636390687, "tp_rate": 0.9790205553744336, "std_accuracy": 0.005237441306482371, "std_precision": 0.008508471038141419, "std_recall": 0.004621553691923368, "std_f1_score": 0.005160155591929621, "std_fp_rate": 0.009165588010104453, "std_tp_rate": 0.004621553691923368, "TP": 974.625, "TN": 910.067, "FP": 86.42, "FN": 20.888, "roc_auc": 0.9905777729391462, "fpr_at_thresholds": [0.0, 0.001004016064257028, 0.001004016064257028, 0.001004016064257028, 0.002008032128514056, 0.002008032128514056, 0.0050200803212851405, 0.009036144578313253, 0.010040160642570281, 0.01104417670682731, 0.01104417670682731, 0.012048192771084338, 0.013052208835341365, 0.018072289156626505, 0.018072289156626505, 0.02208835341365462, 0.0321285140562249, 0.0321285140562249, 0.03614457831325301, 0.0391566265060241, 0.04116465863453815, 0.04216867469879518, 0.045180722891566265, 0.04618473895582329, 0.04618473895582329, 0.04718875502008032, 0.04919678714859438, 0.04919678714859438, 0.04919678714859438, 0.05120481927710843, 0.05220883534136546, 0.05421686746987952, 0.05622489959839357, 0.060240963855421686, 0.06526104417670683, 0.07028112449799197, 0.08132530120481928, 0.08333333333333333, 0.0893574297188755, 0.09337349397590361, 0.09839357429718876, 0.10642570281124498, 0.12048192771084337, 0.1214859437751004, 0.13052208835341367, 0.142570281124498, 0.15562248995983935, 0.1566265060240964, 0.1606425702811245, 0.16666666666666666, 0.1706827309236948, 0.17269076305220885, 0.17670682730923695, 0.17771084337349397, 0.18373493975903615, 0.18674698795180722, 0.19176706827309237, 0.1927710843373494, 0.19477911646586346, 0.19979919678714858, 0.20180722891566266, 0.20281124497991967, 0.20883534136546184, 0.21987951807228914, 0.22088353413654618, 0.2359437751004016, 0.23694779116465864, 0.2419678714859438, 0.24397590361445784, 0.2720883534136546, 0.28815261044176704, 0.29116465863453816, 0.30522088353413657, 0.30622489959839355, 0.3092369477911647, 0.3192771084337349, 0.32228915662650603, 0.33032128514056225, 0.3313253012048193, 0.3333333333333333, 0.34839357429718876, 0.38052208835341367, 0.3815261044176707, 0.40763052208835343, 0.41164658634538154, 0.4267068273092369, 0.42971887550200805, 0.43172690763052207, 0.44176706827309237, 0.44377510040160645, 0.4508032128514056, 0.46285140562248994, 0.4979919678714859, 0.5, 0.5391566265060241, 0.5471887550200804, 0.5732931726907631, 0.5753012048192772, 0.6234939759036144, 0.6325301204819277, 0.6947791164658634, 0.6987951807228916, 0.7068273092369478, 0.7269076305220884, 0.8825301204819277, 0.8905622489959839, 0.9166666666666666, 1.0], "tpr_at_thresholds": [0.0, 0.5301204819277109, 0.5813253012048193, 0.6054216867469879, 0.6144578313253012, 0.6335341365461847, 0.6495983935742972, 0.7028112449799196, 0.7269076305220884, 0.8263052208835341, 0.8704819277108434, 0.8755020080321285, 0.8835341365461847, 0.8975903614457831, 0.8985943775100401, 0.9116465863453815, 0.9257028112449799, 0.9267068273092369, 0.9467871485943775, 0.9497991967871486, 0.9497991967871486, 0.9497991967871486, 0.9518072289156626, 0.9538152610441767, 0.9568273092369478, 0.9578313253012049, 0.9598393574297188, 0.9618473895582329, 0.9658634538152611, 0.9668674698795181, 0.9678714859437751, 0.9688755020080321, 0.9688755020080321, 0.9718875502008032, 0.9748995983935743, 0.9769076305220884, 0.9789156626506024, 0.9789156626506024, 0.9789156626506024, 0.9809236947791165, 0.9829317269076305, 0.9859437751004017, 0.9899598393574297, 0.9899598393574297, 0.9909638554216867, 0.9929718875502008, 0.9929718875502008, 0.9929718875502008, 0.9929718875502008, 0.9929718875502008, 0.9929718875502008, 0.9939759036144579, 0.9949799196787149, 0.9949799196787149, 0.9959839357429718, 0.9959839357429718, 0.9959839357429718, 0.9959839357429718, 0.9959839357429718, 0.9959839357429718, 0.9959839357429718, 0.9969879518072289, 0.9969879518072289, 0.9969879518072289, 0.9969879518072289, 0.9969879518072289, 0.9969879518072289, 0.9969879518072289, 0.9979919678714859, 0.9979919678714859, 0.9979919678714859, 0.9979919678714859, 0.9979919678714859, 0.9979919678714859, 0.9979919678714859, 0.9979919678714859, 0.9979919678714859, 0.9979919678714859, 0.9979919678714859, 0.9979919678714859, 0.9979919678714859, 0.9979919678714859, 0.9979919678714859, 0.998995983935743, 0.998995983935743, 0.998995983935743, 0.998995983935743, 0.998995983935743, 0.998995983935743, 0.998995983935743, 0.998995983935743, 0.998995983935743, 1.0, 1.0, 1.0, 1.0, 1.0, 1.0, 1.0, 1.0, 1.0, 1.0, 1.0, 1.0, 1.0, 1.0, 1.0, 1.0], "thresholds": [Infinity, 1.0, 0.99, 0.98, 0.97, 0.96, 0.95, 0.94, 0.93, 0.92, 0.91, 0.9, 0.89, 0.88, 0.8787878787878788, 0.87, 0.86, 0.8585858585858586, 0.85, 0.84, 0.81, 0.78, 0.76, 0.73, 0.7, 0.69, 0.68, 0.66, 0.64, 0.63, 0.62, 0.61, 0.57, 0.56, 0.55, 0.54, 0.53, 0.52, 0.5, 0.49, 0.48, 0.47, 0.46, 0.45454545454545453, 0.45, 0.44, 0.43, 0.42424242424242425, 0.42, 0.41, 0.4, 0.39, 0.38, 0.37373737373737376, 0.37, 0.36, 0.35, 0.34, 0.33, 0.32, 0.31, 0.3, 0.29, 0.28, 0.2727272727272727, 0.27, 0.26262626262626265, 0.26, 0.25252525252525254, 0.25, 0.24, 0.23232323232323232, 0.23, 0.2222222222222222, 0.22, 0.21, 0.20202020202020202, 0.19, 0.18, 0.16161616161616163, 0.16, 0.15, 0.1414141414141414, 0.14, 0.13131313131313133, 0.13, 0.12, 0.11, 0.1, 0.09090909090909091, 0.09, 0.08080808080808081, 0.08, 0.0707070707070707, 0.07, 0.06060606060606061, 0.06, 0.050505050505050504, 0.05, 0.04040404040404041, 0.04, 0.030303030303030304, 0.03, 0.020202020202020204, 0.02, 0.010101010101010102, 0.01, 0.0]}
