{"accuracy": 0.9453033367037411, "precision": 0.9180891886389914, "recall": 0.9777804361309441, "f1_score": 0.9469708030284592, "fp_rate": 0.08713851853791182, "tp_rate": 0.9777804361309441, "std_accuracy": 0.005199664097878088, "std_precision": 0.008499173263307506, "std_recall": 0.004738030724155101, "std_f1_score": 0.005181066079576989, "std_fp_rate": 0.009011437629306522, "std_tp_rate": 0.004738030724155101, "TP": 966.486, "TN": 903.324, "FP": 86.229, "FN": 21.961, "roc_auc": 0.9894220653681907, "fpr_at_thresholds": [0.0, 0.0010111223458038423, 0.0010111223458038423, 0.0010111223458038423, 0.0020222446916076846, 0.0020222446916076846, 0.005055611729019211, 0.00910010111223458, 0.010111223458038422, 0.011122345803842264, 0.011122345803842264, 0.012133468149646108, 0.01314459049544995, 0.01820020222446916, 0.01820020222446916, 0.022244691607684528, 0.032355915065722954, 0.032355915065722954, 0.03640040444893832, 0.03943377148634985, 0.041456016177957536, 0.041456016177957536, 0.042467138523761376, 0.0455005055611729, 0.046511627906976744, 0.047522750252780584, 0.04954499494438827, 0.04954499494438827, 0.05156723963599596, 0.0525783619817998, 0.054600606673407485, 0.055611729019211326, 0.056622851365015166, 0.06066734074823053, 0.07077856420626896, 0.08190091001011122, 0.0839231547017189, 0.08695652173913043, 0.08998988877654196, 0.09403437815975733, 0.09908998988877654, 0.10717896865520728, 0.12133468149646107, 0.12234580384226491, 0.13144590495449948, 0.1435793731041456, 0.15672396359959556, 0.1577350859453994, 0.16177957532861476, 0.1678463094034378, 0.1718907987866532, 0.17391304347826086, 0.17795753286147623, 0.1789686552072801, 0.18503538928210314, 0.18806875631951467, 0.19312436804853386, 0.19413549039433772, 0.1961577350859454, 0.2012133468149646, 0.2032355915065723, 0.20424671385237614, 0.2103134479271992, 0.2224469160768453, 0.22345803842264914, 0.23862487360970677, 0.243680485338726, 0.24570273003033366, 0.27401415571284127, 0.2901921132457027, 0.29322548028311424, 0.30738119312436807, 0.3104145601617796, 0.320525783619818, 0.3235591506572295, 0.3316481294236603, 0.3326592517694641, 0.3346814964610718, 0.34984833164812945, 0.34984833164812945, 0.3822042467138524, 0.3832153690596562, 0.40950455005055614, 0.41354903943377147, 0.4287158746208291, 0.43174924165824063, 0.43377148634984836, 0.44388270980788674, 0.44590495449949447, 0.4529828109201213, 0.46511627906976744, 0.4994944388270981, 0.5015166835187057, 0.5399393326592518, 0.5480283114256825, 0.5753286147623863, 0.5773508594539939, 0.6258847320525783, 0.6349848331648129, 0.6976744186046512, 0.7017189079878665, 0.7098078867542973, 0.7269969666329625, 0.8827098078867543, 0.890798786653185, 0.917087967644085, 1.0], "tpr_at_thresholds": [0.0, 0.48533872598584427, 0.5308392315470172, 0.5530839231547017, 0.570273003033367, 0.5915065722952477, 0.6097067745197169, 0.6754297269969667, 0.7199191102123357, 0.8099089989888777, 0.8564206268958544, 0.8634984833164813, 0.8766430738119313, 0.8887765419615774, 0.8897876643073812, 0.897876643073812, 0.910010111223458, 0.9120323559150657, 0.9302325581395349, 0.942366026289181, 0.942366026289181, 0.9433771486349848, 0.9433771486349848, 0.9453993933265925, 0.9494438827098078, 0.9494438827098078, 0.9514661274014156, 0.9534883720930233, 0.9544994944388271, 0.9565217391304348, 0.9585439838220424, 0.9585439838220424, 0.9595551061678463, 0.961577350859454, 0.967644084934277, 0.9726996966632963, 0.974721941354904, 0.9777553083923155, 0.9797775530839231, 0.9817997977755308, 0.9828109201213346, 0.9858442871587462, 0.9898887765419616, 0.9898887765419616, 0.9919110212335692, 0.9929221435793731, 0.993933265925177, 0.993933265925177, 0.9949443882709808, 0.9949443882709808, 0.9949443882709808, 0.9949443882709808, 0.9949443882709808, 0.9949443882709808, 0.9959555106167847, 0.9959555106167847, 0.9959555106167847, 0.9959555106167847, 0.9959555106167847, 0.9959555106167847, 0.9959555106167847, 0.9959555106167847, 0.9969666329625885, 0.9969666329625885, 0.9969666329625885, 0.9979777553083923, 0.9979777553083923, 0.9979777553083923, 0.9979777553083923, 0.9979777553083923, 0.9979777553083923, 0.9979777553083923, 0.9979777553083923, 0.9979777553083923, 0.9979777553083923, 0.9979777553083923, 0.9979777553083923, 0.9979777553083923, 0.9979777553083923, 0.9989888776541962, 0.9989888776541962, 0.9989888776541962, 0.9989888776541962, 0.9989888776541962, 0.9989888776541962, 0.9989888776541962, 0.9989888776541962, 0.9989888776541962, 0.9989888776541962, 0.9989888776541962, 0.9989888776541962, 0.9989888776541962, 0.9989888776541962, 0.9989888776541962, 0.9989888776541962, 1.0, 1.0, 1.0, 1.0, 1.0, 1.0, 1.0, 1.0, 1.0, 1.0, 1.0, 1.0], "thresholds": [Infinity, 1.0, 0.99, 0.98, 0.97, 0.96, 0.95, 0.94, 0.93, 0.92, 0.91, 0.9, 0.89, 0.88, 0.8787878787878788, 0.87, 0.86, 0.8585858585858586, 0.85, 0.84, 0.81, 0.79, 0.78, 0.76, 0.73, 0.69, 0.68, 0.65, 0.63, 0.62, 0.61, 0.6, 0.57, 0.56, 0.54, 0.53, 0.52, 0.51, 0.5, 0.49, 0.48, 0.47, 0.46, 0.45454545454545453, 0.45, 0.44, 0.43, 0.42424242424242425, 0.42, 0.41, 0.4, 0.39, 0.38, 0.37373737373737376, 0.37, 0.36, 0.35, 0.34, 0.33, 0.32, 0.31, 0.3, 0.29, 0.28, 0.2727272727272727, 0.27, 0.26, 0.25252525252525254, 0.25, 0.24, 0.23232323232323232, 0.23, 0.22, 0.21, 0.20202020202020202, 0.19, 0.18, 0.16161616161616163, 0.16, 0.15151515151515152, 0.15, 0.1414141414141414, 0.14, 0.13131313131313133, 0.13, 0.12, 0.11, 0.1, 0.09090909090909091, 0.09, 0.08080808080808081, 0.08, 0.0707070707070707, 0.07, 0.06060606060606061, 0.06, 0.050505050505050504, 0.05, 0.04040404040404041, 0.04, 0.030303030303030304, 0.03, 0.020202020202020204, 0.02, 0.010101010101010102, 0.01, 0.0]}
