{"accuracy": 0.9516733333333333, "precision": 0.9332855236608633, "recall": 0.97302454190771, "f1_score": 0.9526799038902168, "fp_rate": 0.06970278351762738, "tp_rate": 0.97302454190771, "std_accuracy": 0.008013430393200327, "std_precision": 0.013061938285100888, "std_recall": 0.00823832084266912, "std_f1_score": 0.008050368769194936, "std_fp_rate": 0.013422143017323664, "std_tp_rate": 0.00823832084266912, "TP": 365.334, "TN": 348.421, "FP": 26.113, "FN": 10.132, "roc_auc": 0.9837937777777778, "fpr_at_thresholds": [0.0, 0.008, 0.008, 0.008, 0.008, 0.008, 0.016, 0.016, 0.016, 0.016, 0.016, 0.016, 0.016, 0.016, 0.016, 0.024, 0.032, 0.032, 0.04, 0.04, 0.04, 0.04, 0.04, 0.04, 0.042666666666666665, 0.042666666666666665, 0.042666666666666665, 0.04533333333333334, 0.04533333333333334, 0.06933333333333333, 0.06933333333333333, 0.08, 0.096, 0.112, 0.128, 0.144, 0.144, 0.16, 0.168, 0.184, 0.19466666666666665, 0.20266666666666666, 0.23466666666666666, 0.24266666666666667, 0.26666666666666666, 0.30666666666666664, 0.33866666666666667, 0.3546666666666667, 0.37066666666666664, 0.38666666666666666, 0.4106666666666667, 0.4106666666666667, 0.4533333333333333, 0.512, 0.528, 0.6053333333333333, 0.6213333333333333, 0.6853333333333333, 0.6933333333333334, 0.7066666666666667, 0.88, 0.9226666666666666, 1.0], "tpr_at_thresholds": [0.0, 0.496, 0.536, 0.5706666666666667, 0.576, 0.5946666666666667, 0.608, 0.6426666666666667, 0.6693333333333333, 0.76, 0.7973333333333333, 0.8, 0.824, 0.832, 0.8346666666666667, 0.84, 0.856, 0.8906666666666667, 0.9066666666666666, 0.912, 0.9173333333333333, 0.9226666666666666, 0.9253333333333333, 0.9333333333333333, 0.936, 0.9386666666666666, 0.9493333333333334, 0.9626666666666667, 0.968, 0.968, 0.9733333333333334, 0.976, 0.976, 0.9813333333333333, 0.984, 0.984, 0.992, 0.992, 0.992, 0.992, 0.9946666666666667, 0.9946666666666667, 0.9946666666666667, 0.9973333333333333, 0.9973333333333333, 0.9973333333333333, 0.9973333333333333, 0.9973333333333333, 0.9973333333333333, 0.9973333333333333, 0.9973333333333333, 1.0, 1.0, 1.0, 1.0, 1.0, 1.0, 1.0, 1.0, 1.0, 1.0, 1.0, 1.0], "thresholds": [Infinity, 1.0, 0.99, 0.98, 0.97, 0.96, 0.95, 0.94, 0.93, 0.92, 0.91, 0.9, 0.89, 0.88, 0.8787878787878788, 0.87, 0.86, 0.85, 0.84, 0.81, 0.77, 0.76, 0.72, 0.68, 0.66, 0.63, 0.56, 0.55, 0.54, 0.53, 0.51, 0.49, 0.47, 0.46, 0.45, 0.44, 0.41, 0.4, 0.38, 0.28, 0.27, 0.26, 0.24, 0.23, 0.18, 0.16, 0.15, 0.14, 0.11, 0.09090909090909091, 0.09, 0.08080808080808081, 0.08, 0.07, 0.06, 0.05, 0.04040404040404041, 0.04, 0.03, 0.020202020202020204, 0.02, 0.01, 0.0]}
