{"accuracy": 0.948245983935743, "precision": 0.9186016315203526, "recall": 0.9836328333823496, "f1_score": 0.9499826918431628, "fp_rate": 0.08712625064242652, "tp_rate": 0.9836328333823496, "std_accuracy": 0.004838669046508851, "std_precision": 0.008243269246527565, "std_recall": 0.004061604755037182, "std_f1_score": 0.004819557007955833, "std_fp_rate": 0.008732901955446758, "std_tp_rate": 0.004061604755037182, "TP": 979.544, "TN": 909.362, "FP": 86.794, "FN": 16.3, "roc_auc": 0.9908015596522638, "fpr_at_thresholds": [0.0, 0.001004016064257028, 0.001004016064257028, 0.001004016064257028, 0.002008032128514056, 0.002008032128514056, 0.0050200803212851405, 0.009036144578313253, 0.010040160642570281, 0.01104417670682731, 0.01104417670682731, 0.012048192771084338, 0.013052208835341365, 0.018072289156626505, 0.018072289156626505, 0.02108433734939759, 0.02108433734939759, 0.03112449799196787, 0.03112449799196787, 0.035140562248995984, 0.03815261044176707, 0.040160642570281124, 0.04116465863453815, 0.04116465863453815, 0.04417670682730924, 0.045180722891566265, 0.045180722891566265, 0.04618473895582329, 0.04819277108433735, 0.04919678714859438, 0.04919678714859438, 0.05120481927710843, 0.05220883534136546, 0.05421686746987952, 0.055220883534136546, 0.05622489959839357, 0.060240963855421686, 0.06626506024096386, 0.071285140562249, 0.0823293172690763, 0.08433734939759036, 0.08734939759036145, 0.09036144578313253, 0.09538152610441768, 0.10040160642570281, 0.10843373493975904, 0.12248995983935743, 0.12349397590361445, 0.13253012048192772, 0.14457831325301204, 0.1576305220883534, 0.16164658634538154, 0.1676706827309237, 0.1716867469879518, 0.17369477911646586, 0.17771084337349397, 0.178714859437751, 0.18473895582329317, 0.18775100401606426, 0.1927710843373494, 0.19377510040160642, 0.19578313253012047, 0.20080321285140562, 0.20281124497991967, 0.20381526104417672, 0.20983935742971888, 0.22088353413654618, 0.22188755020080322, 0.23795180722891565, 0.2389558232931727, 0.24397590361445784, 0.2459839357429719, 0.2740963855421687, 0.2901606425702811, 0.2931726907630522, 0.3072289156626506, 0.3102409638554217, 0.32028112449799195, 0.3232931726907631, 0.3313253012048193, 0.33232931726907633, 0.33433734939759036, 0.3493975903614458, 0.3795180722891566, 0.38052208835341367, 0.4066265060240964, 0.4106425702811245, 0.42570281124497994, 0.428714859437751, 0.4307228915662651, 0.4407630522088353, 0.4427710843373494, 0.4497991967871486, 0.46184738955823296, 0.4959839357429719, 0.4979919678714859, 0.5371485943775101, 0.5451807228915663, 0.571285140562249, 0.5732931726907631, 0.6224899598393574, 0.6315261044176707, 0.6947791164658634, 0.6987951807228916, 0.7068273092369478, 0.7269076305220884, 0.8815261044176707, 0.8895582329317269, 0.9156626506024096, 1.0], "tpr_at_thresholds": [0.0, 0.5381526104417671, 0.5873493975903614, 0.6214859437751004, 0.6365461847389559, 0.6526104417670683, 0.6686746987951807, 0.7248995983935743, 0.7520080321285141, 0.8403614457831325, 0.8785140562248996, 0.8855421686746988, 0.8985943775100401, 0.9036144578313253, 0.9046184738955824, 0.9176706827309237, 0.9206827309236948, 0.9327309236947792, 0.9347389558232931, 0.9417670682730924, 0.9477911646586346, 0.9477911646586346, 0.9487951807228916, 0.9497991967871486, 0.9518072289156626, 0.9528112449799196, 0.9548192771084337, 0.9548192771084337, 0.9588353413654619, 0.9588353413654619, 0.9608433734939759, 0.9608433734939759, 0.9628514056224899, 0.963855421686747, 0.963855421686747, 0.9668674698795181, 0.9708835341365462, 0.9738955823293173, 0.9799196787148594, 0.9829317269076305, 0.9829317269076305, 0.9839357429718876, 0.9839357429718876, 0.9859437751004017, 0.9859437751004017, 0.9889558232931727, 0.9899598393574297, 0.9899598393574297, 0.9909638554216867, 0.9919678714859438, 0.9919678714859438, 0.9919678714859438, 0.9919678714859438, 0.9919678714859438, 0.9919678714859438, 0.9919678714859438, 0.9919678714859438, 0.9919678714859438, 0.9919678714859438, 0.9919678714859438, 0.9919678714859438, 0.9919678714859438, 0.9919678714859438, 0.9919678714859438, 0.9919678714859438, 0.9919678714859438, 0.9919678714859438, 0.9919678714859438, 0.9949799196787149, 0.9949799196787149, 0.9949799196787149, 0.9949799196787149, 0.9949799196787149, 0.9969879518072289, 0.9969879518072289, 0.9969879518072289, 0.9979919678714859, 0.9979919678714859, 0.9979919678714859, 0.9979919678714859, 0.9979919678714859, 0.9979919678714859, 0.998995983935743, 1.0, 1.0, 1.0, 1.0, 1.0, 1.0, 1.0, 1.0, 1.0, 1.0, 1.0, 1.0, 1.0, 1.0, 1.0, 1.0, 1.0, 1.0, 1.0, 1.0, 1.0, 1.0, 1.0, 1.0, 1.0, 1.0, 1.0], "thresholds": [Infinity, 1.0, 0.99, 0.98, 0.97, 0.96, 0.95, 0.94, 0.93, 0.92, 0.91, 0.9, 0.89, 0.88, 0.8787878787878788, 0.87, 0.8686868686868687, 0.86, 0.8585858585858586, 0.85, 0.84, 0.81, 0.78, 0.77, 0.76, 0.73, 0.7, 0.69, 0.68, 0.66, 0.64, 0.63, 0.62, 0.61, 0.6, 0.57, 0.56, 0.55, 0.54, 0.53, 0.52, 0.51, 0.5, 0.49, 0.48, 0.47, 0.46, 0.45454545454545453, 0.45, 0.44, 0.43, 0.42, 0.41, 0.4, 0.39, 0.38, 0.37373737373737376, 0.37, 0.36, 0.35, 0.34, 0.33, 0.32, 0.31, 0.3, 0.29, 0.28, 0.2727272727272727, 0.27, 0.26262626262626265, 0.26, 0.25252525252525254, 0.25, 0.24, 0.23232323232323232, 0.23, 0.22, 0.21, 0.20202020202020202, 0.19, 0.18, 0.16161616161616163, 0.16, 0.15, 0.1414141414141414, 0.14, 0.13131313131313133, 0.13, 0.12, 0.11, 0.1, 0.09090909090909091, 0.09, 0.08080808080808081, 0.08, 0.0707070707070707, 0.07, 0.06060606060606061, 0.06, 0.050505050505050504, 0.05, 0.04040404040404041, 0.04, 0.030303030303030304, 0.03, 0.020202020202020204, 0.02, 0.010101010101010102, 0.01, 0.0]}
