{"accuracy": 0.9019089881288864, "precision": 0.9106401994317949, "recall": 0.8911964051373001, "f1_score": 0.9007611745212354, "fp_rate": 0.08739216734088684, "tp_rate": 0.8911964051373001, "std_accuracy": 0.007238673063619205, "std_precision": 0.009792530850055986, "std_recall": 0.010516982562824705, "std_f1_score": 0.007523801006800453, "std_fp_rate": 0.009783334199565804, "std_tp_rate": 0.010516982562824705, "TP": 787.886, "TN": 807.591, "FP": 77.324, "FN": 96.199, "roc_auc": 0.9653213436613237, "fpr_at_thresholds": [0.0, 0.0, 0.0, 0.0, 0.0011312217194570137, 0.0011312217194570137, 0.004524886877828055, 0.00904977375565611, 0.010180995475113122, 0.011312217194570135, 0.011312217194570135, 0.012443438914027148, 0.013574660633484163, 0.019230769230769232, 0.019230769230769232, 0.02262443438914027, 0.032805429864253395, 0.032805429864253395, 0.03619909502262444, 0.03959276018099547, 0.0418552036199095, 0.042986425339366516, 0.042986425339366516, 0.04638009049773756, 0.04638009049773756, 0.04751131221719457, 0.04751131221719457, 0.04751131221719457, 0.048642533936651584, 0.049773755656108594, 0.049773755656108594, 0.049773755656108594, 0.05090497737556561, 0.05203619909502263, 0.05203619909502263, 0.05429864253393665, 0.05542986425339366, 0.05542986425339366, 0.05656108597285068, 0.06561085972850679, 0.06561085972850679, 0.07126696832579185, 0.08257918552036199, 0.083710407239819, 0.08710407239819004, 0.08710407239819004, 0.09049773755656108, 0.09049773755656108, 0.09502262443438914, 0.09954751131221719, 0.10633484162895927, 0.11990950226244344, 0.12104072398190045, 0.13122171945701358, 0.1425339366515837, 0.15497737556561086, 0.15610859728506787, 0.1595022624434389, 0.166289592760181, 0.17081447963800905, 0.17081447963800905, 0.17307692307692307, 0.17647058823529413, 0.17760180995475114, 0.18438914027149322, 0.18778280542986425, 0.19004524886877827, 0.19117647058823528, 0.19343891402714933, 0.19796380090497737, 0.2002262443438914, 0.20135746606334842, 0.20701357466063347, 0.21832579185520362, 0.21945701357466063, 0.23642533936651583, 0.23755656108597284, 0.2420814479638009, 0.24434389140271492, 0.27149321266968324, 0.2861990950226244, 0.2895927601809955, 0.3031674208144796, 0.3042986425339366, 0.3065610859728507, 0.3178733031674208, 0.3201357466063348, 0.3246606334841629, 0.32805429864253394, 0.33031674208144796, 0.34615384615384615, 0.34615384615384615, 0.3755656108597285, 0.3766968325791855, 0.3993212669683258, 0.40384615384615385, 0.41968325791855204, 0.4230769230769231, 0.4253393665158371, 0.4343891402714932, 0.43665158371040724, 0.4434389140271493, 0.45588235294117646, 0.48981900452488686, 0.4920814479638009, 0.5282805429864253, 0.5361990950226244, 0.5644796380090498, 0.5667420814479638, 0.6153846153846154, 0.6244343891402715, 0.6889140271493213, 0.6911764705882353, 0.6990950226244343, 0.7171945701357466, 0.8800904977375565, 0.8857466063348416, 0.9140271493212669, 1.0], "tpr_at_thresholds": [0.0, 0.23502824858757063, 0.2677966101694915, 0.28135593220338984, 0.29717514124293787, 0.32655367231638416, 0.34915254237288135, 0.4350282485875706, 0.4937853107344633, 0.5898305084745763, 0.632768361581921, 0.6406779661016949, 0.6621468926553672, 0.6870056497175141, 0.6926553672316385, 0.7107344632768362, 0.7310734463276836, 0.7333333333333333, 0.7706214689265537, 0.784180790960452, 0.7853107344632768, 0.7898305084745763, 0.792090395480226, 0.7966101694915254, 0.7977401129943503, 0.8033898305084746, 0.8067796610169492, 0.8090395480225989, 0.8112994350282486, 0.8146892655367232, 0.823728813559322, 0.8259887005649718, 0.8282485875706215, 0.8327683615819209, 0.8338983050847457, 0.8350282485875706, 0.8361581920903954, 0.8384180790960452, 0.8395480225988701, 0.8621468926553673, 0.8632768361581921, 0.8757062146892656, 0.8824858757062147, 0.8870056497175142, 0.8903954802259887, 0.8915254237288136, 0.8937853107344633, 0.8949152542372881, 0.9028248587570622, 0.9073446327683616, 0.911864406779661, 0.919774011299435, 0.9209039548022598, 0.9355932203389831, 0.943502824858757, 0.9468926553672317, 0.9468926553672317, 0.9480225988700565, 0.9559322033898305, 0.9559322033898305, 0.9570621468926553, 0.9593220338983051, 0.9593220338983051, 0.9593220338983051, 0.9627118644067797, 0.9627118644067797, 0.9638418079096045, 0.9638418079096045, 0.9638418079096045, 0.9649717514124294, 0.9649717514124294, 0.9649717514124294, 0.9649717514124294, 0.9672316384180791, 0.9683615819209039, 0.9728813559322034, 0.9728813559322034, 0.9740112994350283, 0.9740112994350283, 0.9751412429378531, 0.9785310734463277, 0.9785310734463277, 0.9796610169491525, 0.9796610169491525, 0.9807909604519774, 0.9807909604519774, 0.9807909604519774, 0.9819209039548022, 0.9830508474576272, 0.9830508474576272, 0.9853107344632769, 0.9864406779661017, 0.9887005649717514, 0.9887005649717514, 0.9909604519774011, 0.9909604519774011, 0.9909604519774011, 0.992090395480226, 0.992090395480226, 0.992090395480226, 0.992090395480226, 0.9932203389830508, 0.9932203389830508, 0.9943502824858758, 0.9943502824858758, 0.9954802259887006, 0.9954802259887006, 0.9977401129943503, 0.9977401129943503, 0.9988700564971752, 0.9988700564971752, 0.9988700564971752, 0.9988700564971752, 0.9988700564971752, 0.9988700564971752, 1.0, 1.0, 1.0, 1.0], "thresholds": [Infinity, 1.0, 0.99, 0.98, 0.97, 0.96, 0.95, 0.94, 0.93, 0.92, 0.91, 0.9, 0.89, 0.88, 0.8787878787878788, 0.87, 0.86, 0.8585858585858586, 0.85, 0.84, 0.81, 0.78, 0.77, 0.76, 0.74, 0.73, 0.72, 0.7, 0.69, 0.68, 0.65, 0.64, 0.63, 0.62, 0.6161616161616161, 0.61, 0.6, 0.58, 0.57, 0.55, 0.5454545454545454, 0.54, 0.53, 0.52, 0.51, 0.5050505050505051, 0.5, 0.494949494949495, 0.49, 0.48, 0.47, 0.46, 0.45454545454545453, 0.45, 0.44, 0.43, 0.42424242424242425, 0.42, 0.41, 0.4, 0.3939393939393939, 0.39, 0.38, 0.37373737373737376, 0.37, 0.36, 0.35, 0.34, 0.33, 0.32, 0.31, 0.3, 0.29, 0.28, 0.2727272727272727, 0.27, 0.26262626262626265, 0.26, 0.25252525252525254, 0.25, 0.24, 0.23232323232323232, 0.23, 0.2222222222222222, 0.22, 0.21, 0.20202020202020202, 0.2, 0.19, 0.16161616161616163, 0.16, 0.15151515151515152, 0.15, 0.1414141414141414, 0.14, 0.13131313131313133, 0.13, 0.12, 0.11, 0.1, 0.09090909090909091, 0.09, 0.08080808080808081, 0.08, 0.0707070707070707, 0.07, 0.06060606060606061, 0.06, 0.050505050505050504, 0.05, 0.04040404040404041, 0.04, 0.030303030303030304, 0.03, 0.020202020202020204, 0.02, 0.010101010101010102, 0.01, 0.0]}
