{"accuracy": 0.9343544176706827, "precision": 0.9181622491420137, "recall": 0.9537667228595332, "f1_score": 0.9355959489049467, "fp_rate": 0.08507671277931024, "tp_rate": 0.9537667228595332, "std_accuracy": 0.0054578511802553225, "std_precision": 0.008390350899345271, "std_recall": 0.006603122323456805, "std_f1_score": 0.005463432074613047, "std_fp_rate": 0.008938084587006902, "std_tp_rate": 0.006603122323456805, "TP": 950.188, "TN": 911.046, "FP": 84.705, "FN": 46.061, "roc_auc": 0.9831489613070756, "fpr_at_thresholds": [0.0, 0.001004016064257028, 0.001004016064257028, 0.001004016064257028, 0.002008032128514056, 0.002008032128514056, 0.0050200803212851405, 0.009036144578313253, 0.010040160642570281, 0.01104417670682731, 0.01104417670682731, 0.012048192771084338, 0.013052208835341365, 0.018072289156626505, 0.018072289156626505, 0.02208835341365462, 0.02208835341365462, 0.0321285140562249, 0.0321285140562249, 0.03614457831325301, 0.0391566265060241, 0.04116465863453815, 0.04116465863453815, 0.04216867469879518, 0.04216867469879518, 0.045180722891566265, 0.045180722891566265, 0.04618473895582329, 0.04618473895582329, 0.04718875502008032, 0.04919678714859438, 0.04919678714859438, 0.05120481927710843, 0.05220883534136546, 0.05421686746987952, 0.055220883534136546, 0.055220883534136546, 0.05923694779116466, 0.0642570281124498, 0.06927710843373494, 0.06927710843373494, 0.08032128514056225, 0.0823293172690763, 0.0853413654618474, 0.08835341365461848, 0.08835341365461848, 0.09236947791164658, 0.09738955823293173, 0.10542168674698796, 0.11947791164658635, 0.12048192771084337, 0.12951807228915663, 0.14156626506024098, 0.15461847389558234, 0.15562248995983935, 0.15963855421686746, 0.16566265060240964, 0.16967871485943775, 0.16967871485943775, 0.1716867469879518, 0.1757028112449799, 0.17670682730923695, 0.1827309236947791, 0.1857429718875502, 0.19076305220883535, 0.19176706827309237, 0.19377510040160642, 0.19879518072289157, 0.20080321285140562, 0.20180722891566266, 0.20783132530120482, 0.21887550200803213, 0.21987951807228914, 0.2359437751004016, 0.23694779116465864, 0.2419678714859438, 0.24397590361445784, 0.2720883534136546, 0.28815261044176704, 0.29116465863453816, 0.30522088353413657, 0.30622489959839355, 0.3092369477911647, 0.3192771084337349, 0.32228915662650603, 0.33032128514056225, 0.3313253012048193, 0.3333333333333333, 0.34839357429718876, 0.38052208835341367, 0.3815261044176707, 0.40763052208835343, 0.41164658634538154, 0.4267068273092369, 0.42971887550200805, 0.43172690763052207, 0.44176706827309237, 0.44377510040160645, 0.4508032128514056, 0.46285140562248994, 0.49698795180722893, 0.49899598393574296, 0.5381526104417671, 0.5461847389558233, 0.572289156626506, 0.5742971887550201, 0.6224899598393574, 0.6315261044176707, 0.6947791164658634, 0.6987951807228916, 0.7068273092369478, 0.7269076305220884, 0.8825301204819277, 0.8905622489959839, 0.9166666666666666, 1.0], "tpr_at_thresholds": [0.0, 0.41566265060240964, 0.45582329317269077, 0.4779116465863454, 0.48895582329317266, 0.5080321285140562, 0.5371485943775101, 0.606425702811245, 0.642570281124498, 0.7570281124497992, 0.8012048192771084, 0.8102409638554217, 0.8182730923694779, 0.8343373493975904, 0.8353413654618473, 0.8463855421686747, 0.8473895582329317, 0.8614457831325302, 0.8634538152610441, 0.8885542168674698, 0.9026104417670683, 0.9056224899598394, 0.9076305220883534, 0.9076305220883534, 0.9086345381526104, 0.9086345381526104, 0.9096385542168675, 0.9156626506024096, 0.9176706827309237, 0.9176706827309237, 0.9206827309236948, 0.9236947791164659, 0.9267068273092369, 0.928714859437751, 0.9327309236947792, 0.9327309236947792, 0.9337349397590361, 0.9387550200803213, 0.9447791164658634, 0.9467871485943775, 0.9477911646586346, 0.9518072289156626, 0.9518072289156626, 0.9538152610441767, 0.9548192771084337, 0.9558232931726908, 0.9578313253012049, 0.9658634538152611, 0.9688755020080321, 0.9708835341365462, 0.9708835341365462, 0.9759036144578314, 0.9809236947791165, 0.9829317269076305, 0.9829317269076305, 0.9839357429718876, 0.9839357429718876, 0.9839357429718876, 0.9849397590361446, 0.9849397590361446, 0.9849397590361446, 0.9849397590361446, 0.9859437751004017, 0.9869477911646586, 0.9869477911646586, 0.9869477911646586, 0.9869477911646586, 0.9869477911646586, 0.9869477911646586, 0.9869477911646586, 0.9869477911646586, 0.9869477911646586, 0.9869477911646586, 0.9879518072289156, 0.9879518072289156, 0.9889558232931727, 0.9889558232931727, 0.9909638554216867, 0.9929718875502008, 0.9929718875502008, 0.9939759036144579, 0.9939759036144579, 0.9949799196787149, 0.9949799196787149, 0.9949799196787149, 0.9949799196787149, 0.9949799196787149, 0.9949799196787149, 0.9949799196787149, 0.9959839357429718, 0.9959839357429718, 0.9969879518072289, 0.9969879518072289, 0.9969879518072289, 0.9969879518072289, 0.9969879518072289, 0.9979919678714859, 0.9979919678714859, 0.9979919678714859, 0.9979919678714859, 0.9979919678714859, 0.9979919678714859, 0.9979919678714859, 0.9979919678714859, 0.9979919678714859, 0.9979919678714859, 0.998995983935743, 1.0, 1.0, 1.0, 1.0, 1.0, 1.0, 1.0, 1.0, 1.0], "thresholds": [Infinity, 1.0, 0.99, 0.98, 0.97, 0.96, 0.95, 0.94, 0.93, 0.92, 0.91, 0.9, 0.89, 0.88, 0.8787878787878788, 0.87, 0.8686868686868687, 0.86, 0.8585858585858586, 0.85, 0.84, 0.81, 0.8, 0.78, 0.77, 0.76, 0.74, 0.73, 0.72, 0.69, 0.68, 0.64, 0.63, 0.62, 0.61, 0.6, 0.58, 0.56, 0.55, 0.54, 0.5353535353535354, 0.53, 0.52, 0.51, 0.5, 0.494949494949495, 0.49, 0.48, 0.47, 0.46, 0.45454545454545453, 0.45, 0.44, 0.43, 0.42424242424242425, 0.42, 0.41, 0.4, 0.3939393939393939, 0.39, 0.38, 0.37373737373737376, 0.37, 0.36, 0.35, 0.34, 0.33, 0.32, 0.31, 0.3, 0.29, 0.28, 0.2727272727272727, 0.27, 0.26262626262626265, 0.26, 0.25252525252525254, 0.25, 0.24, 0.23232323232323232, 0.23, 0.2222222222222222, 0.22, 0.21, 0.20202020202020202, 0.19, 0.18, 0.16161616161616163, 0.16, 0.15, 0.1414141414141414, 0.14, 0.13131313131313133, 0.13, 0.12, 0.11, 0.1, 0.09090909090909091, 0.09, 0.08080808080808081, 0.08, 0.0707070707070707, 0.07, 0.06060606060606061, 0.06, 0.050505050505050504, 0.05, 0.04040404040404041, 0.04, 0.030303030303030304, 0.03, 0.020202020202020204, 0.02, 0.010101010101010102, 0.01, 0.0]}
