{"samples": 496, "accuracy": 0.6264732052578362, "std": 0.011090416344104759, "lower_bound": 0.6046511627906976, "upper_bound": 0.6476365015166835}
{"samples": 1008, "accuracy": 0.7929524772497473, "std": 0.009061574439421438, "lower_bound": 0.7745197168857432, "upper_bound": 0.8099089989888777}
{"samples": 1520, "accuracy": 0.843927199191102, "std": 0.008187641721422124, "lower_bound": 0.8280965621840243, "upper_bound": 0.8599595551061678}
{"samples": 2032, "accuracy": 0.8077042467138524, "std": 0.008973371573929034, "lower_bound": 0.7906976744186046, "upper_bound": 0.8245702730030333}
{"samples": 2544, "accuracy": 0.7866764408493427, "std": 0.00889908134826493, "lower_bound": 0.7694641051567239, "upper_bound": 0.8043478260869565}
{"samples": 3056, "accuracy": 0.826721941354904, "std": 0.00819817698681496, "lower_bound": 0.810401921132457, "upper_bound": 0.8417719919110213}
{"samples": 3568, "accuracy": 0.8811764408493428, "std": 0.007050900405975754, "lower_bound": 0.8665318503538928, "upper_bound": 0.8943377148634984}
{"samples": 4080, "accuracy": 0.8648119312436805, "std": 0.007508398671576064, "lower_bound": 0.8498483316481295, "upper_bound": 0.8796764408493428}
{"samples": 4592, "accuracy": 0.8419681496461071, "std": 0.00787842808982443, "lower_bound": 0.8265798786653185, "upper_bound": 0.8569388270980789}
{"samples": 5104, "accuracy": 0.8873584428715875, "std": 0.007227597284540805, "lower_bound": 0.8736097067745198, "upper_bound": 0.901428210313448}
{"samples": 5616, "accuracy": 0.9024256825075835, "std": 0.006669308037061854, "lower_bound": 0.8892821031344793, "upper_bound": 0.9150657229524772}
{"samples": 6128, "accuracy": 0.9287355915065723, "std": 0.006027881127906371, "lower_bound": 0.916582406471183, "upper_bound": 0.9398508594539939}
{"samples": 6640, "accuracy": 0.8887730030333671, "std": 0.006787315515434102, "lower_bound": 0.8756319514661274, "upper_bound": 0.9024266936299292}
{"samples": 7152, "accuracy": 0.9346850353892822, "std": 0.005846739031583503, "lower_bound": 0.9236476238624873, "upper_bound": 0.9464105156723963}
{"samples": 7664, "accuracy": 0.9324959555106167, "std": 0.005624864408176913, "lower_bound": 0.9221435793731041, "upper_bound": 0.9428715874620829}
{"samples": 8176, "accuracy": 0.9204357937310415, "std": 0.00608446843390776, "lower_bound": 0.9079878665318504, "upper_bound": 0.9312436804853387}
{"samples": 8688, "accuracy": 0.8940045500505561, "std": 0.0070676786385336565, "lower_bound": 0.8796764408493428, "upper_bound": 0.906989383215369}
{"samples": 9200, "accuracy": 0.9183104145601617, "std": 0.006016035124184942, "lower_bound": 0.9064711830131446, "upper_bound": 0.929726996966633}
{"samples": 9712, "accuracy": 0.9283008088978766, "std": 0.00593802977540427, "lower_bound": 0.916582406471183, "upper_bound": 0.9398382204246714}
{"samples": 10224, "accuracy": 0.8957856420626896, "std": 0.006869486339275323, "lower_bound": 0.8827098078867543, "upper_bound": 0.9084934277047523}
{"samples": 10736, "accuracy": 0.9011102123356927, "std": 0.0066056009179434215, "lower_bound": 0.8872598584428716, "upper_bound": 0.9135490394337715}
{"samples": 11248, "accuracy": 0.9251946410515672, "std": 0.0059526640090326105, "lower_bound": 0.9135490394337715, "upper_bound": 0.9368174924165824}
{"samples": 11760, "accuracy": 0.9342714863498484, "std": 0.005575743367626379, "lower_bound": 0.9226491405460061, "upper_bound": 0.9444009100101113}
{"samples": 12272, "accuracy": 0.8807598584428715, "std": 0.007175524156212114, "lower_bound": 0.8665318503538928, "upper_bound": 0.8943377148634984}
{"samples": 12784, "accuracy": 0.9198073811931244, "std": 0.006277745867638783, "lower_bound": 0.9079752275025278, "upper_bound": 0.9317492416582407}
{"samples": 13296, "accuracy": 0.9277724974721941, "std": 0.005949706366617568, "lower_bound": 0.9160642062689585, "upper_bound": 0.9388397371081901}
{"samples": 13808, "accuracy": 0.9077952477249749, "std": 0.006438631456111575, "lower_bound": 0.8953361981799798, "upper_bound": 0.9201213346814965}
{"samples": 14320, "accuracy": 0.9125065722952477, "std": 0.006523701431531517, "lower_bound": 0.8993933265925177, "upper_bound": 0.9251769464105156}
{"samples": 14832, "accuracy": 0.8991258847320526, "std": 0.006933843993358784, "lower_bound": 0.8852249747219413, "upper_bound": 0.9120323559150657}
{"samples": 15344, "accuracy": 0.9055313447927199, "std": 0.00643694968637754, "lower_bound": 0.8928210313447927, "upper_bound": 0.9186046511627907}
{"samples": 192, "loss": 0.7202465350811298}
{"samples": 400, "loss": 0.704376220703125}
{"samples": 608, "loss": 0.6871560903695914}
{"samples": 816, "loss": 0.6623541025015024}
{"samples": 1024, "loss": 0.6184739332932693}
{"samples": 1232, "loss": 0.5539032862736628}
{"samples": 1440, "loss": 0.49491411447525024}
{"samples": 1648, "loss": 0.4793922992853018}
{"samples": 1856, "loss": 0.440577683540491}
{"samples": 2064, "loss": 0.3456113659418546}
{"samples": 2272, "loss": 0.3574251096982222}
{"samples": 2480, "loss": 0.34448546171188354}
{"samples": 2688, "loss": 0.2847813138594994}
{"samples": 2896, "loss": 0.23272849390139946}
{"samples": 3104, "loss": 0.2585190614828697}
{"samples": 3312, "loss": 0.26937924554714787}
{"samples": 3520, "loss": 0.2681007648889835}
{"samples": 3728, "loss": 0.22657992748113778}
{"samples": 3936, "loss": 0.23379558955247587}
{"samples": 4144, "loss": 0.3796536188859206}
{"samples": 4352, "loss": 0.25332166197208256}
{"samples": 4560, "loss": 0.20442242920398712}
{"samples": 4768, "loss": 0.22126623758902916}
{"samples": 4976, "loss": 0.27443385926576763}
{"samples": 5184, "loss": 0.1894262094910328}
{"samples": 5392, "loss": 0.22090275299090606}
{"samples": 5600, "loss": 0.23104843210715514}
{"samples": 5808, "loss": 0.2198566095187114}
{"samples": 6016, "loss": 0.14465602544637826}
{"samples": 6224, "loss": 0.2851025863335683}
{"samples": 6432, "loss": 0.2640399531676219}
{"samples": 6640, "loss": 0.182572463957163}
{"samples": 6848, "loss": 0.1678638458251953}
{"samples": 7056, "loss": 0.1594457528912104}
{"samples": 7264, "loss": 0.22935441136360168}
{"samples": 7472, "loss": 0.2365017430140422}
{"samples": 7680, "loss": 0.15468592655200225}
{"samples": 7888, "loss": 0.19161461809506783}
{"samples": 8096, "loss": 0.11011759421000114}
{"samples": 8304, "loss": 0.08290564612700389}
{"samples": 8512, "loss": 0.11002837178798822}
{"samples": 8720, "loss": 0.1165537157884011}
{"samples": 8928, "loss": 0.16900247106185326}
{"samples": 9136, "loss": 0.11077895416663243}
{"samples": 9344, "loss": 0.1312572228220793}
{"samples": 9552, "loss": 0.13936480650534996}
{"samples": 9760, "loss": 0.1490732844059284}
{"samples": 9968, "loss": 0.16277686678446257}
{"samples": 10176, "loss": 0.11038068452706704}
{"samples": 10384, "loss": 0.10137199610471725}
{"samples": 10592, "loss": 0.1332936264001406}
{"samples": 10800, "loss": 0.131076285472283}
{"samples": 11008, "loss": 0.09979790563766773}
{"samples": 11216, "loss": 0.2264267888206702}
{"samples": 11424, "loss": 0.13690406886430886}
{"samples": 11632, "loss": 0.12476107879326893}
{"samples": 11840, "loss": 0.11408101881925876}
{"samples": 12048, "loss": 0.2312894990810981}
{"samples": 12256, "loss": 0.09661805228545116}
{"samples": 12464, "loss": 0.07989859351745018}
{"samples": 12672, "loss": 0.12811564596799704}
{"samples": 12880, "loss": 0.1261714037794333}
{"samples": 13088, "loss": 0.10051310979402982}
{"samples": 13296, "loss": 0.17006499091019997}
{"samples": 13504, "loss": 0.0953085244848178}
{"samples": 13712, "loss": 0.13122322066472128}
{"samples": 13920, "loss": 0.0949621876844993}
{"samples": 14128, "loss": 0.12443687652166073}
{"samples": 14336, "loss": 0.12913449796346518}
{"samples": 14544, "loss": 0.10523694925583325}
{"samples": 14752, "loss": 0.16026557638094976}
{"samples": 14960, "loss": 0.12415700348523948}
{"samples": 15168, "loss": 0.11277454575667015}
{"samples": 15376, "loss": 0.11775540216610982}
{"samples": 15584, "loss": 0.17074482486798212}
{"samples": 15792,