{
    "accuracy": 0.9516014056224898,
    "precision": 0.9284581741608738,
    "recall": 0.9787382018904,
    "f1_score": 0.9529117307926713,
    "fp_rate": 0.07558866309386973,
    "tp_rate": 0.9787382018904,
    "std_accuracy": 0.00485491082829117,
    "std_precision": 0.008186770548931754,
    "std_recall": 0.004504781139099589,
    "std_f1_score": 0.004798750092586085,
    "std_fp_rate": 0.008666754150372649,
    "std_tp_rate": 0.004504781139099589,
    "TP": 975.905,
    "TN": 919.685,
    "FP": 75.205,
    "FN": 21.205,
    "roc_auc": 0.993180553539459,
    "fpr_at_thresholds": [
        0.0,
        0.0,
        0.0,
        0.001004016064257028,
        0.001004016064257028,
        0.002008032128514056,
        0.002008032128514056,
        0.0030120481927710845,
        0.0030120481927710845,
        0.004016064257028112,
        0.004016064257028112,
        0.0050200803212851405,
        0.0050200803212851405,
        0.006024096385542169,
        0.006024096385542169,
        0.007028112449799197,
        0.007028112449799197,
        0.008032128514056224,
        0.008032128514056224,
        0.009036144578313253,
        0.009036144578313253,
        0.010040160642570281,
        0.010040160642570281,
        0.01104417670682731,
        0.01104417670682731,
        0.012048192771084338,
        0.012048192771084338,
        0.013052208835341365,
        0.013052208835341365,
        0.014056224899598393,
        0.014056224899598393,
        0.01606425702811245,
        0.01606425702811245,
        0.01706827309236948,
        0.01706827309236948,
        0.020080321285140562,
        0.020080321285140562,
        0.02108433734939759,
        0.02108433734939759,
        0.02710843373493976,
        0.02710843373493976,
        0.028112449799196786,
        0.028112449799196786,
        0.029116465863453816,
        0.029116465863453816,
        0.030120481927710843,
        0.030120481927710843,
        0.03112449799196787,
        0.03112449799196787,
        0.0321285140562249,
        0.0321285140562249,
        0.03313253012048193,
        0.03313253012048193,
        0.03413654618473896,
        0.03413654618473896,
        0.03614457831325301,
        0.03614457831325301,
        0.03815261044176707,
        0.03815261044176707,
        0.04216867469879518,
        0.04216867469879518,
        0.04618473895582329,
        0.04618473895582329,
        0.04819277108433735,
        0.04819277108433735,
        0.05622489959839357,
        0.05622489959839357,
        0.05823293172690763,
        0.05823293172690763,
        0.05923694779116466,
        0.05923694779116466,
        0.06224899598393574,
        0.06224899598393574,
        0.06526104417670683,
        0.06526104417670683,
        0.06827309236947791,
        0.06827309236947791,
        0.07228915662650602,
        0.07228915662650602,
        0.07429718875502007,
        0.07429718875502007,
        0.07630522088353414,
        0.07630522088353414,
        0.08032128514056225,
        0.08032128514056225,
        0.09437751004016064,
        0.09437751004016064,
        0.09538152610441768,
        0.09538152610441768,
        0.10040160642570281,
        0.10040160642570281,
        0.10642570281124498,
        0.10642570281124498,
        0.11144578313253012,
        0.11144578313253012,
        0.14357429718875503,
        0.14357429718875503,
        0.1686746987951807,
        0.1686746987951807,
        0.17269076305220885,
        0.17269076305220885,
        0.1857429718875502,
        0.1857429718875502,
        0.20983935742971888,
        0.20983935742971888,
        0.3152610441767068,
        0.3152610441767068,
        0.42771084337349397,
        0.42771084337349397,
        0.5592369477911646,
        0.5592369477911646,
        1.0
    ],
    "tpr_at_thresholds": [
        0.0,
        0.001004016064257028,
        0.6546184738955824,
        0.6546184738955824,
        0.6696787148594378,
        0.6696787148594378,
        0.7921686746987951,
        0.7921686746987951,
        0.8142570281124498,
        0.8142570281124498,
        0.8152610441767069,
        0.8152610441767069,
        0.8463855421686747,
        0.8463855421686747,
        0.8524096385542169,
        0.8524096385542169,
        0.8734939759036144,
        0.8734939759036144,
        0.8795180722891566,
        0.8795180722891566,
        0.8815261044176707,
        0.8815261044176707,
        0.8895582329317269,
        0.8895582329317269,
        0.8905622489959839,
        0.8905622489959839,
        0.8965863453815262,
        0.8965863453815262,
        0.8975903614457831,
        0.8975903614457831,
        0.9066265060240963,
        0.9066265060240963,
        0.9106425702811245,
        0.9106425702811245,
        0.9307228915662651,
        0.9307228915662651,
        0.9367469879518072,
        0.9367469879518072,
        0.9427710843373494,
        0.9427710843373494,
        0.9437751004016064,
        0.9437751004016064,
        0.9457831325301205,
        0.9457831325301205,
        0.9467871485943775,
        0.9467871485943775,
        0.9508032128514057,
        0.9508032128514057,
        0.9528112449799196,
        0.9528112449799196,
        0.9538152610441767,
        0.9538152610441767,
        0.9548192771084337,
        0.9548192771084337,
        0.9558232931726908,
        0.9558232931726908,
        0.9568273092369478,
        0.9568273092369478,
        0.9578313253012049,
        0.9578313253012049,
        0.9598393574297188,
        0.9598393574297188,
        0.9628514056224899,
        0.9628514056224899,
        0.963855421686747,
        0.963855421686747,
        0.9668674698795181,
        0.9668674698795181,
        0.9698795180722891,
        0.9698795180722891,
        0.9708835341365462,
        0.9708835341365462,
        0.9748995983935743,
        0.9748995983935743,
        0.9759036144578314,
        0.9759036144578314,
        0.9769076305220884,
        0.9769076305220884,
        0.9789156626506024,
        0.9789156626506024,
        0.9809236947791165,
        0.9809236947791165,
        0.9819277108433735,
        0.9819277108433735,
        0.9829317269076305,
        0.9829317269076305,
        0.9839357429718876,
        0.9839357429718876,
        0.9849397590361446,
        0.9849397590361446,
        0.9869477911646586,
        0.9869477911646586,
        0.9879518072289156,
        0.9879518072289156,
        0.9919678714859438,
        0.9919678714859438,
        0.9929718875502008,
        0.9929718875502008,
        0.9939759036144579,
        0.9939759036144579,
        0.9949799196787149,
        0.9949799196787149,
        0.9959839357429718,
        0.9959839357429718,
        0.9969879518072289,
        0.9969879518072289,
        0.9979919678714859,
        0.9979919678714859,
        0.998995983935743,
        0.998995983935743,
        1.0,
        1.0
    ],