{
    "accuracy": 0.9441911021233569,
    "precision": 0.9264929726814213,
    "recall": 0.9649449250898355,
    "f1_score": 0.9452998462635476,
    "fp_rate": 0.07656248083363312,
    "tp_rate": 0.9649449250898355,
    "std_accuracy": 0.005154143469015932,
    "std_precision": 0.008344817150896735,
    "std_recall": 0.005917724924623569,
    "std_f1_score": 0.005172351517152155,
    "std_fp_rate": 0.008786761166442128,
    "std_tp_rate": 0.005917724924623569,
    "TP": 954.297,
    "TN": 913.313,
    "FP": 75.72,
    "FN": 34.67,
    "roc_auc": 0.9894471133939462,
    "fpr_at_thresholds": [
        0.0,
        0.0,
        0.0,
        0.0010111223458038423,
        0.0010111223458038423,
        0.0020222446916076846,
        0.0020222446916076846,
        0.003033367037411527,
        0.003033367037411527,
        0.005055611729019211,
        0.005055611729019211,
        0.006066734074823054,
        0.006066734074823054,
        0.007077856420626896,
        0.007077856420626896,
        0.008088978766430738,
        0.008088978766430738,
        0.00910010111223458,
        0.00910010111223458,
        0.010111223458038422,
        0.010111223458038422,
        0.011122345803842264,
        0.011122345803842264,
        0.012133468149646108,
        0.012133468149646108,
        0.01314459049544995,
        0.01314459049544995,
        0.014155712841253791,
        0.014155712841253791,
        0.016177957532861477,
        0.016177957532861477,
        0.017189079878665317,
        0.017189079878665317,
        0.020222446916076844,
        0.020222446916076844,
        0.021233569261880688,
        0.021233569261880688,
        0.022244691607684528,
        0.022244691607684528,
        0.023255813953488372,
        0.023255813953488372,
        0.024266936299292215,
        0.024266936299292215,
        0.0262891809908999,
        0.0262891809908999,
        0.027300303336703743,
        0.027300303336703743,
        0.028311425682507583,
        0.028311425682507583,
        0.029322548028311426,
        0.029322548028311426,
        0.030333670374115267,
        0.030333670374115267,
        0.03134479271991911,
        0.03134479271991911,
        0.032355915065722954,
        0.032355915065722954,
        0.033367037411526794,
        0.033367037411526794,
        0.03640040444893832,
        0.03640040444893832,
        0.03741152679474216,
        0.03741152679474216,
        0.03842264914054601,
        0.03842264914054601,
        0.04044489383215369,
        0.04044489383215369,
        0.041456016177957536,
        0.041456016177957536,
        0.043478260869565216,
        0.043478260869565216,
        0.046511627906976744,
        0.046511627906976744,
        0.047522750252780584,
        0.047522750252780584,
        0.04853387259858443,
        0.04853387259858443,
        0.05156723963599596,
        0.05156723963599596,
        0.0525783619817998,
        0.0525783619817998,
        0.056622851365015166,
        0.056622851365015166,
        0.057633973710819006,
        0.057633973710819006,
        0.05864509605662285,
        0.05864509605662285,
        0.05965621840242669,
        0.05965621840242669,
        0.06268958543983821,
        0.06268958543983821,
        0.06370070778564206,
        0.06370070778564206,
        0.06673407482305359,
        0.06673407482305359,
        0.06976744186046512,
        0.06976744186046512,
        0.07280080889787664,
        0.07280080889787664,
        0.07785642062689585,
        0.07785642062689585,
        0.0788675429726997,
        0.0788675429726997,
        0.08291203235591507,
        0.08291203235591507,
        0.08695652173913043,
        0.08695652173913043,
        0.09201213346814964,
        0.09201213346814964,
        0.09504550050556117,
        0.09504550050556117,
        0.09605662285136501,
        0.09605662285136501,
        0.10010111223458039,
        0.10010111223458039,
        0.10414560161779575,
        0.10414560161779575,
        0.10717896865520728,
        0.10717896865520728,
        0.10819009100101112,
        0.10819009100101112,
        0.11324570273003033,
        0.11324570273003033,
        0.11931243680485339,
        0.11931243680485339,
        0.12032355915065723,
        0.12032355915065723,
        0.12335692618806876,
        0.12335692618806876,
        0.12537917087967643,
        0.12537917087967643,
        0.1263902932254803,
        0.1263902932254803,
        0.12740141557128412,
        0.12740141557128412,
        0.12841253791708795,
        0.12841253791708795,
        0.13346814964610718,
        0.13346814964610718,
        0.1365015166835187,
        0.1365015166835187,
        0.14459049544994945,
        0.14459049544994945,
        0.14560161779575329,
        0.14560161779575329,
        0.14762386248736098,
        0.14762386248736098,
        0.15470171890798787,
        0.15470171890798787,
        0.15672396359959556,
        0.15672396359959556,
        0.16177957532861476,
        0.16177957532861476,
        0.16582406471183014,
        0.16582406471183014,
        0.1678463094034378,
        0.1678463094034378,
        0.19211324570273003,
        0.19211324570273003,
        0.2103134479271992,
        0.2103134479271992,
        0.2770475227502528,
        0.2770475227502528,
        0.6198179979777553,
        0.6198179979777553,
        1.0
    ],