{
    "accuracy": 0.9507706666666667,
    "precision": 0.9476188206641111,
    "recall": 0.9544785855413015,
    "f1_score": 0.9509748025908735,
    "fp_rate": 0.052965280159785535,
    "tp_rate": 0.9544785855413015,
    "std_accuracy": 0.00805756136254085,
    "std_precision": 0.011832503859276085,
    "std_recall": 0.010663094970261182,
    "std_f1_score": 0.00828509222685027,
    "std_fp_rate": 0.011840125844963613,
    "std_tp_rate": 0.010663094970261182,
    "TP": 358.619,
    "TN": 354.459,
    "FP": 19.825,
    "FN": 17.097,
    "roc_auc": 0.9919146666666667,
    "fpr_at_thresholds": [
        0.0,
        0.0,
        0.0,
        0.0026666666666666666,
        0.0026666666666666666,
        0.005333333333333333,
        0.005333333333333333,
        0.013333333333333334,
        0.013333333333333334,
        0.021333333333333333,
        0.021333333333333333,
        0.037333333333333336,
        0.037333333333333336,
        0.04533333333333334,
        0.04533333333333334,
        0.05333333333333334,
        0.05333333333333334,
        0.06133333333333333,
        0.06133333333333333,
        0.06933333333333333,
        0.06933333333333333,
        0.07733333333333334,
        0.07733333333333334,
        0.09333333333333334,
        0.09333333333333334,
        0.10133333333333333,
        0.104,
        0.112,
        0.112,
        0.128,
        0.13333333333333333,
        0.13333333333333333,
        0.14933333333333335,
        0.14933333333333335,
        0.20533333333333334,
        0.20533333333333334,
        0.25333333333333335,
        0.25866666666666666,
        0.27466666666666667,
        0.28,
        0.336,
        0.3413333333333333,
        0.47733333333333333,
        0.4826666666666667,
        0.5626666666666666,
        0.568,
        0.576,
        0.5786666666666667,
        0.6106666666666667,
        0.616,
        0.712,
        0.7173333333333334,
        0.8853333333333333,
        0.8906666666666667,
        0.8986666666666666,
        0.904,
        0.952,
        0.9546666666666667,
        0.9626666666666667,
        0.9653333333333334,
        0.9733333333333334,
        0.9786666666666667,
        0.9866666666666667,
        0.992,
        1.0
    ],
    "tpr_at_thresholds": [
        0.0,
        0.0026666666666666666,
        0.6026666666666667,
        0.6026666666666667,
        0.72,
        0.72,
        0.7973333333333333,
        0.7973333333333333,
        0.872,
        0.872,
        0.92,
        0.92,
        0.9386666666666666,
        0.9386666666666666,
        0.9546666666666667,
        0.9546666666666667,
        0.9626666666666667,
        0.9626666666666667,
        0.9733333333333334,
        0.9733333333333334,
        0.9786666666666667,
        0.9786666666666667,
        0.9866666666666667,
        0.9866666666666667,
        0.9893333333333333,
        0.9893333333333333,
        0.9893333333333333,
        0.9893333333333333,
        0.992,
        0.992,
        0.992,
        0.9946666666666667,
        0.9946666666666667,
        0.9973333333333333,
        0.9973333333333333,
        1.0,
        1.0,
        1.0,
        1.0,
        1.0,
        1.0,
        1.0,
        1.0,
        1.0,
        1.0,
        1.0,
        1.0,
        1.0,
        1.0,
        1.0,
        1.0,
        1.0,
        1.0,
        1.0,
        1.0,
        1.0,
        1.0,
        1.0,
        1.0,
        1.0,
        1.0,
        1.0,
        1.0,
        1.0,
        1.0
    ],
    "thresholds": [
        Infinity,
        3.7674007415771484,
        2.014610767364502,
        2.0077064037323,
        1.5598105192184448,
        1.5447323322296143,
        1.1495592594146729,
        1.1104648113250732,
        0.7648531794548035,
        0.7593086361885071,
        0.349874883890152,
        0.30781668424606323,
        0.19409777224063873,
        0.17443764209747314,
        0.034294139593839645,
        0.004385998472571373,
        -0.05196712538599968,
        -0.07190386205911636,
        -0.24963924288749695,
        -0.38276728987693787,
        -0.471312552690506,
        -0.5024850368499756,
        -0.5890524983406067,
        -0.6185894012451172,
        -0.7324833273887634,
        -0.7444460988044739,
        -0.8049519062042236,
        -0.8367745876312256,
        -0.8454287052154541,
        -0.9347540736198425,
        -0.9370959401130676,
        -0.9963162541389465,
        -1.0712809562683105,
        -1.0814387798309326,
        -1.197739839553833,
        -1.2669905424118042,
        -1.3633742332458496,
        -1.365875482559204,
        -1.4433132410049438,
        -1.541728138923645,
        -1.6617345809936523,
        -1.6714202165603638,
        -1.9608569145202637,
        -1.9802513122558594,
        -2.187595844268799,
        -2.201223134994507,
        -2.2169008255004883,
        -2.218688726425171,
        -2.234545946121216,
        -2.2426576614379883,
        -2.4031729698181152,
        -2.4113242626190186,
        -2.598193883895874,
        -2.623563289642334,
        -2.627375602722168,
        -2.638186454772949,
        -2.795902729034424,
        -2.8104734420776367,
        -2.8146324157714844,
        -2.8168182373046875,
        -2.9133694171905518,
        -2.9395947456359863,
        -2.9519269466400146,
        -2.982120990753174,
        -3.089284896850586
    ]
}