{
    "accuracy": 0.9484194460146975,
    "precision": 0.9379821507798167,
    "recall": 0.9603950986898135,
    "f1_score": 0.9490314412089503,
    "fp_rate": 0.063587902105244,
    "tp_rate": 0.9603950986898135,
    "std_accuracy": 0.005092626266366794,
    "std_precision": 0.007674159302809024,
    "std_recall": 0.006379231489806641,
    "std_f1_score": 0.005152547833603007,
    "std_fp_rate": 0.00802168485640765,
    "std_tp_rate": 0.006379231489806641,
    "TP": 849.962,
    "TN": 827.792,
    "FP": 56.201,
    "FN": 35.045,
    "roc_auc": 0.9886379323567759,
    "fpr_at_thresholds": [
        0.0,
        0.0,
        0.0,
        0.0011312217194570137,
        0.0011312217194570137,
        0.0011312217194570137,
        0.0011312217194570137,
        0.0022624434389140274,
        0.0022624434389140274,
        0.004524886877828055,
        0.004524886877828055,
        0.005656108597285068,
        0.005656108597285068,
        0.006787330316742082,
        0.006787330316742082,
        0.007918552036199095,
        0.007918552036199095,
        0.00904977375565611,
        0.00904977375565611,
        0.010180995475113122,
        0.010180995475113122,
        0.011312217194570135,
        0.011312217194570135,
        0.013574660633484163,
        0.013574660633484163,
        0.014705882352941176,
        0.014705882352941176,
        0.016968325791855202,
        0.016968325791855202,
        0.01809954751131222,
        0.01809954751131222,
        0.019230769230769232,
        0.019230769230769232,
        0.020361990950226245,
        0.020361990950226245,
        0.021493212669683258,
        0.021493212669683258,
        0.02262443438914027,
        0.02262443438914027,
        0.023755656108597284,
        0.023755656108597284,
        0.024886877828054297,
        0.024886877828054297,
        0.026018099547511313,
        0.026018099547511313,
        0.027149321266968326,
        0.027149321266968326,
        0.029411764705882353,
        0.029411764705882353,
        0.03167420814479638,
        0.03167420814479638,
        0.032805429864253395,
        0.032805429864253395,
        0.03506787330316742,
        0.03506787330316742,
        0.03733031674208145,
        0.03733031674208145,
        0.042986425339366516,
        0.042986425339366516,
        0.04411764705882353,
        0.04411764705882353,
        0.04524886877828054,
        0.04524886877828054,
        0.04638009049773756,
        0.04638009049773756,
        0.04751131221719457,
        0.04751131221719457,
        0.049773755656108594,
        0.049773755656108594,
        0.05090497737556561,
        0.05090497737556561,
        0.05203619909502263,
        0.05203619909502263,
        0.053167420814479636,
        0.053167420814479636,
        0.05429864253393665,
        0.05429864253393665,
        0.05656108597285068,
        0.05656108597285068,
        0.057692307692307696,
        0.057692307692307696,
        0.05995475113122172,
        0.05995475113122172,
        0.06221719457013575,
        0.06221719457013575,
        0.0667420814479638,
        0.0667420814479638,
        0.06787330316742081,
        0.06787330316742081,
        0.06900452488687783,
        0.06900452488687783,
        0.07126696832579185,
        0.07126696832579185,
        0.07239819004524888,
        0.07239819004524888,
        0.07918552036199095,
        0.07918552036199095,
        0.08597285067873303,
        0.08597285067873303,
        0.08710407239819004,
        0.08710407239819004,
        0.09276018099547512,
        0.09276018099547512,
        0.09389140271493213,
        0.09389140271493213,
        0.1165158371040724,
        0.1165158371040724,
        0.12217194570135746,
        0.12217194570135746,
        0.12895927601809956,
        0.12895927601809956,
        0.13122171945701358,
        0.13122171945701358,
        0.1323529411764706,
        0.1323529411764706,
        0.14027149321266968,
        0.14027149321266968,
        0.1414027149321267,
        0.1414027149321267,
        0.1493212669683258,
        0.1493212669683258,
        0.16176470588235295,
        0.16176470588235295,
        0.19004524886877827,
        0.19004524886877827,
        0.2081447963800905,
        0.2081447963800905,
        0.2149321266968326,
        0.2149321266968326,
        0.2171945701357466,
        0.2171945701357466,
        0.24660633484162897,
        0.24660633484162897,
        0.25452488687782804,
        0.25452488687782804,
        0.27828054298642535,
        0.27828054298642535,
        0.29638009049773756,
        0.29638009049773756,
        0.36538461538461536,
        0.36538461538461536,
        0.6097285067873304,
        0.6097285067873304,
        1.0
    ],