{
    "accuracy": 0.9477700803212852,
    "precision": 0.9266333696264594,
    "recall": 0.9726700399577723,
    "f1_score": 0.9490692232734598,
    "fp_rate": 0.077177252681841,
    "tp_rate": 0.9726700399577723,
    "std_accuracy": 0.005014209317923442,
    "std_precision": 0.008276135593817142,
    "std_recall": 0.005004048516645324,
    "std_f1_score": 0.0050166301322743,
    "std_fp_rate": 0.008646814458478234,
    "std_tp_rate": 0.005004048516645324,
    "TP": 969.858,
    "TN": 918.1,
    "FP": 76.79,
    "FN": 27.252,
    "roc_auc": 0.9914033644618635,
    "fpr_at_thresholds": [
        0.0,
        0.0,
        0.0,
        0.001004016064257028,
        0.001004016064257028,
        0.002008032128514056,
        0.002008032128514056,
        0.0030120481927710845,
        0.0030120481927710845,
        0.004016064257028112,
        0.004016064257028112,
        0.0050200803212851405,
        0.0050200803212851405,
        0.007028112449799197,
        0.007028112449799197,
        0.008032128514056224,
        0.008032128514056224,
        0.009036144578313253,
        0.009036144578313253,
        0.010040160642570281,
        0.010040160642570281,
        0.01104417670682731,
        0.01104417670682731,
        0.012048192771084338,
        0.012048192771084338,
        0.013052208835341365,
        0.013052208835341365,
        0.014056224899598393,
        0.014056224899598393,
        0.015060240963855422,
        0.015060240963855422,
        0.01606425702811245,
        0.01606425702811245,
        0.018072289156626505,
        0.018072289156626505,
        0.019076305220883535,
        0.019076305220883535,
        0.02208835341365462,
        0.02208835341365462,
        0.023092369477911646,
        0.023092369477911646,
        0.025100401606425703,
        0.025100401606425703,
        0.02610441767068273,
        0.02610441767068273,
        0.028112449799196786,
        0.028112449799196786,
        0.029116465863453816,
        0.029116465863453816,
        0.030120481927710843,
        0.030120481927710843,
        0.03112449799196787,
        0.03112449799196787,
        0.0321285140562249,
        0.0321285140562249,
        0.03313253012048193,
        0.03313253012048193,
        0.03413654618473896,
        0.03413654618473896,
        0.03714859437751004,
        0.03714859437751004,
        0.03815261044176707,
        0.03815261044176707,
        0.04317269076305221,
        0.04317269076305221,
        0.04417670682730924,
        0.04417670682730924,
        0.045180722891566265,
        0.045180722891566265,
        0.04718875502008032,
        0.04718875502008032,
        0.04819277108433735,
        0.04819277108433735,
        0.05421686746987952,
        0.05421686746987952,
        0.05823293172690763,
        0.05823293172690763,
        0.060240963855421686,
        0.060240963855421686,
        0.06124497991967871,
        0.06124497991967871,
        0.0642570281124498,
        0.0642570281124498,
        0.06526104417670683,
        0.06526104417670683,
        0.06726907630522089,
        0.06726907630522089,
        0.06827309236947791,
        0.06827309236947791,
        0.06927710843373494,
        0.06927710843373494,
        0.071285140562249,
        0.071285140562249,
        0.07329317269076305,
        0.07329317269076305,
        0.07429718875502007,
        0.07429718875502007,
        0.07530120481927711,
        0.07530120481927711,
        0.07630522088353414,
        0.07630522088353414,
        0.07730923694779117,
        0.07730923694779117,
        0.07931726907630522,
        0.07931726907630522,
        0.08032128514056225,
        0.08032128514056225,
        0.08634538152610442,
        0.08634538152610442,
        0.09136546184738956,
        0.09136546184738956,
        0.09337349397590361,
        0.09337349397590361,
        0.09437751004016064,
        0.09437751004016064,
        0.11244979919678715,
        0.11244979919678715,
        0.14357429718875503,
        0.14357429718875503,
        0.15562248995983935,
        0.15562248995983935,
        0.1636546184738956,
        0.1636546184738956,
        0.16967871485943775,
        0.16967871485943775,
        0.18072289156626506,
        0.18072289156626506,
        0.1857429718875502,
        0.1857429718875502,
        0.21184738955823293,
        0.21184738955823293,
        0.22088353413654618,
        0.22088353413654618,
        0.2248995983935743,
        0.2248995983935743,
        0.2389558232931727,
        0.2389558232931727,
        0.2459839357429719,
        0.2459839357429719,
        0.25,
        0.25,
        0.38353413654618473,
        0.38353413654618473,
        1.0
    ],