{
    "accuracy": 0.9475055220883534,
    "precision": 0.9279275730923677,
    "recall": 0.9705038876312446,
    "f1_score": 0.9487146693692265,
    "fp_rate": 0.07553841972969172,
    "tp_rate": 0.9705038876312446,
    "std_accuracy": 0.005086538981906518,
    "std_precision": 0.008120082793093716,
    "std_recall": 0.005315344240370806,
    "std_f1_score": 0.005104826446471138,
    "std_fp_rate": 0.008422323909349648,
    "std_tp_rate": 0.005315344240370806,
    "TP": 967.7,
    "TN": 919.731,
    "FP": 75.159,
    "FN": 29.41,
    "roc_auc": 0.9904154771697231,
    "fpr_at_thresholds": [
        0.0,
        0.0,
        0.0,
        0.001004016064257028,
        0.001004016064257028,
        0.002008032128514056,
        0.002008032128514056,
        0.0030120481927710845,
        0.0030120481927710845,
        0.0050200803212851405,
        0.0050200803212851405,
        0.006024096385542169,
        0.006024096385542169,
        0.007028112449799197,
        0.007028112449799197,
        0.008032128514056224,
        0.008032128514056224,
        0.010040160642570281,
        0.010040160642570281,
        0.012048192771084338,
        0.012048192771084338,
        0.014056224899598393,
        0.014056224899598393,
        0.01606425702811245,
        0.01606425702811245,
        0.01706827309236948,
        0.01706827309236948,
        0.019076305220883535,
        0.019076305220883535,
        0.020080321285140562,
        0.020080321285140562,
        0.02108433734939759,
        0.02108433734939759,
        0.02610441767068273,
        0.02610441767068273,
        0.02710843373493976,
        0.02710843373493976,
        0.028112449799196786,
        0.028112449799196786,
        0.029116465863453816,
        0.029116465863453816,
        0.030120481927710843,
        0.030120481927710843,
        0.03112449799196787,
        0.03112449799196787,
        0.0321285140562249,
        0.0321285140562249,
        0.03413654618473896,
        0.03413654618473896,
        0.035140562248995984,
        0.035140562248995984,
        0.03614457831325301,
        0.03614457831325301,
        0.03815261044176707,
        0.03815261044176707,
        0.040160642570281124,
        0.040160642570281124,
        0.04116465863453815,
        0.04116465863453815,
        0.04216867469879518,
        0.04216867469879518,
        0.04317269076305221,
        0.04317269076305221,
        0.04417670682730924,
        0.04417670682730924,
        0.04819277108433735,
        0.04819277108433735,
        0.050200803212851405,
        0.050200803212851405,
        0.05120481927710843,
        0.05120481927710843,
        0.05321285140562249,
        0.05321285140562249,
        0.05622489959839357,
        0.05622489959839357,
        0.05823293172690763,
        0.05823293172690763,
        0.06224899598393574,
        0.06224899598393574,
        0.06325301204819277,
        0.06325301204819277,
        0.06526104417670683,
        0.06526104417670683,
        0.06626506024096386,
        0.06626506024096386,
        0.06927710843373494,
        0.06927710843373494,
        0.07028112449799197,
        0.07028112449799197,
        0.07429718875502007,
        0.07429718875502007,
        0.07530120481927711,
        0.07530120481927711,
        0.0783132530120482,
        0.0783132530120482,
        0.08132530120481928,
        0.08132530120481928,
        0.09036144578313253,
        0.09036144578313253,
        0.09136546184738956,
        0.09136546184738956,
        0.09437751004016064,
        0.09437751004016064,
        0.09538152610441768,
        0.09538152610441768,
        0.10542168674698796,
        0.10542168674698796,
        0.11044176706827309,
        0.11044176706827309,
        0.1144578313253012,
        0.1144578313253012,
        0.14056224899598393,
        0.14056224899598393,
        0.1495983935742972,
        0.1495983935742972,
        0.15261044176706828,
        0.15261044176706828,
        0.1536144578313253,
        0.1536144578313253,
        0.1636546184738956,
        0.1636546184738956,
        0.1706827309236948,
        0.1706827309236948,
        0.1746987951807229,
        0.1746987951807229,
        0.20582329317269077,
        0.20582329317269077,
        0.21586345381526104,
        0.21586345381526104,
        0.23092369477911648,
        0.23092369477911648,
        0.2580321285140562,
        0.2580321285140562,
        0.2961847389558233,
        0.2961847389558233,
        0.30120481927710846,
        0.30120481927710846,
        0.4066265060240964,
        0.4066265060240964,
        1.0
    ],