{
    "accuracy": 0.9271713995943204,
    "precision": 0.9246243532153794,
    "recall": 0.9302266133657413,
    "f1_score": 0.9273825542210457,
    "fp_rate": 0.07588208528940997,
    "tp_rate": 0.9302266133657413,
    "std_accuracy": 0.005925040865843744,
    "std_precision": 0.008490822336464627,
    "std_recall": 0.008060838017672248,
    "std_f1_score": 0.006052659402798892,
    "std_fp_rate": 0.008673231278955602,
    "std_tp_rate": 0.008060838017672248,
    "TP": 917.435,
    "TN": 910.947,
    "FP": 74.801,
    "FN": 68.817,
    "roc_auc": 0.9844938674917404,
    "fpr_at_thresholds": [
        0.0,
        0.0,
        0.0,
        0.0010141987829614604,
        0.0010141987829614604,
        0.002028397565922921,
        0.002028397565922921,
        0.0030425963488843813,
        0.0030425963488843813,
        0.005070993914807302,
        0.005070993914807302,
        0.006085192697768763,
        0.006085192697768763,
        0.007099391480730223,
        0.007099391480730223,
        0.008113590263691683,
        0.008113590263691683,
        0.009127789046653144,
        0.009127789046653144,
        0.010141987829614604,
        0.010141987829614604,
        0.011156186612576065,
        0.011156186612576065,
        0.012170385395537525,
        0.012170385395537525,
        0.013184584178498986,
        0.013184584178498986,
        0.014198782961460446,
        0.014198782961460446,
        0.016227180527383367,
        0.016227180527383367,
        0.017241379310344827,
        0.017241379310344827,
        0.018255578093306288,
        0.018255578093306288,
        0.02028397565922921,
        0.02028397565922921,
        0.02129817444219067,
        0.02129817444219067,
        0.02332657200811359,
        0.02332657200811359,
        0.028397565922920892,
        0.028397565922920892,
        0.029411764705882353,
        0.029411764705882353,
        0.030425963488843813,
        0.030425963488843813,
        0.03144016227180527,
        0.03144016227180527,
        0.032454361054766734,
        0.032454361054766734,
        0.034482758620689655,
        0.034482758620689655,
        0.035496957403651115,
        0.035496957403651115,
        0.036511156186612576,
        0.036511156186612576,
        0.037525354969574036,
        0.037525354969574036,
        0.038539553752535496,
        0.038539553752535496,
        0.04056795131845842,
        0.04056795131845842,
        0.04462474645030426,
        0.04462474645030426,
        0.04766734279918864,
        0.04766734279918864,
        0.0486815415821501,
        0.0486815415821501,
        0.05070993914807302,
        0.05070993914807302,
        0.056795131845841784,
        0.056795131845841784,
        0.058823529411764705,
        0.058823529411764705,
        0.059837728194726165,
        0.059837728194726165,
        0.06288032454361055,
        0.06288032454361055,
        0.06389452332657201,
        0.06389452332657201,
        0.06592292089249494,
        0.06592292089249494,
        0.06693711967545639,
        0.06693711967545639,
        0.06795131845841786,
        0.06795131845841786,
        0.06896551724137931,
        0.06896551724137931,
        0.06997971602434078,
        0.06997971602434078,
        0.07302231237322515,
        0.07302231237322515,
        0.07505070993914807,
        0.07505070993914807,
        0.07606490872210954,
        0.07606490872210954,
        0.07809330628803246,
        0.07809330628803246,
        0.07910750507099391,
        0.07910750507099391,
        0.08012170385395538,
        0.08012170385395538,
        0.08113590263691683,
        0.08113590263691683,
        0.0821501014198783,
        0.0821501014198783,
        0.08417849898580122,
        0.08417849898580122,
        0.08620689655172414,
        0.08620689655172414,
        0.09026369168356999,
        0.09026369168356999,
        0.09127789046653144,
        0.09127789046653144,
        0.0922920892494929,
        0.0922920892494929,
        0.09330628803245436,
        0.09330628803245436,
        0.09533468559837728,
        0.09533468559837728,
        0.10141987829614604,
        0.10141987829614604,
        0.10446247464503043,
        0.10446247464503043,
        0.10547667342799188,
        0.10547667342799188,
        0.1075050709939148,
        0.1075050709939148,
        0.10851926977687627,
        0.10851926977687627,
        0.11257606490872211,
        0.11257606490872211,
        0.11359026369168357,
        0.11359026369168357,
        0.11460446247464504,
        0.11460446247464504,
        0.11561866125760649,
        0.11561866125760649,
        0.11663286004056796,
        0.11663286004056796,
        0.11764705882352941,
        0.11764705882352941,
        0.12373225152129817,
        0.12373225152129817,
        0.1328600405679513,
        0.1328600405679513,
        0.14198782961460446,
        0.14198782961460446,
        0.14503042596348883,
        0.14503042596348883,
        0.15720081135902636,
        0.15720081135902636,
        0.1592292089249493,
        0.1592292089249493,
        0.16328600405679514,
        0.16328600405679514,
        0.16937119675456389,
        0.16937119675456389,
        0.17139959432048682,
        0.17139959432048682,
        0.18052738336713997,
        0.18052738336713997,
        0.18864097363083165,
        0.18864097363083165,
        0.21095334685598377,
        0.21095334685598377,
        0.21399594320486814,
        0.21399594320486814,
        0.21805273833671399,
        0.21805273833671399,
        0.21906693711967545,
        0.21906693711967545,
        0.2281947261663286,
        0.2281947261663286,
        0.2332657200811359,
        0.2332657200811359,
        0.2768762677484787,
        0.2768762677484787,
        0.2839756592292089,
        0.2839756592292089,
        0.3265720081135903,
        0.3265720081135903,
        0.4279918864097363,
        0.4279918864097363,
        1.0
    ],