{"samples": 496, "accuracy": 0.6291678498985801, "std": 0.011005809758861694, "lower_bound": 0.6080121703853956, "upper_bound": 0.6501140973630832}
{"samples": 1008, "accuracy": 0.5564361054766734, "std": 0.011140210024231703, "lower_bound": 0.5339629817444219, "upper_bound": 0.5775862068965517}
{"samples": 1520, "accuracy": 0.8391115618661258, "std": 0.008195674035916438, "lower_bound": 0.8220081135902637, "upper_bound": 0.8544624746450304}
{"samples": 2032, "accuracy": 0.8724006085192698, "std": 0.007465910592995351, "lower_bound": 0.8580121703853956, "upper_bound": 0.8859026369168357}
{"samples": 2544, "accuracy": 0.8486075050709939, "std": 0.008285015309160556, "lower_bound": 0.8311359026369168, "upper_bound": 0.8646171399594321}
{"samples": 3056, "accuracy": 0.778183569979716, "std": 0.009451411944032826, "lower_bound": 0.7596348884381339, "upper_bound": 0.7966531440162272}
{"samples": 3568, "accuracy": 0.9064163286004057, "std": 0.006490590744879848, "lower_bound": 0.8934964503042596, "upper_bound": 0.9188640973630832}
{"samples": 4080, "accuracy": 0.9201029411764706, "std": 0.006274783836980515, "lower_bound": 0.907707910750507, "upper_bound": 0.9320486815415822}
{"samples": 4592, "accuracy": 0.8784959432048681, "std": 0.007345956744355519, "lower_bound": 0.8640973630831643, "upper_bound": 0.8940162271805274}
{"samples": 5104, "accuracy": 0.9152134888438134, "std": 0.006352953623222675, "lower_bound": 0.9026242393509127, "upper_bound": 0.9274847870182555}
{"samples": 5616, "accuracy": 0.9024695740365112, "std": 0.006567575368202329, "lower_bound": 0.8884254563894523, "upper_bound": 0.9143128803245436}
{"samples": 6128, "accuracy": 0.9178559837728195, "std": 0.006121255882966371, "lower_bound": 0.9046653144016227, "upper_bound": 0.9295131845841785}
{"samples": 6640, "accuracy": 0.8834721095334686, "std": 0.0073432150649042184, "lower_bound": 0.8696754563894523, "upper_bound": 0.8975786004056795}
{"samples": 7152, "accuracy": 0.9107961460446247, "std": 0.006375590665879142, "lower_bound": 0.8980730223123732, "upper_bound": 0.9239477687626775}
{"samples": 7664, "accuracy": 0.9368159229208924, "std": 0.0051542905011948996, "lower_bound": 0.9269776876267748, "upper_bound": 0.9467545638945233}
{"samples": 8176, "accuracy": 0.9405552738336713, "std": 0.005334781401703399, "lower_bound": 0.9295131845841785, "upper_bound": 0.9508113590263692}
{"samples": 8688, "accuracy": 0.896093813387424, "std": 0.006670228780404273, "lower_bound": 0.8833671399594321, "upper_bound": 0.9092292089249493}
{"samples": 9200, "accuracy": 0.9188397565922921, "std": 0.005808705573929679, "lower_bound": 0.907707910750507, "upper_bound": 0.9300329614604462}
{"samples": 9712, "accuracy": 0.918870182555781, "std": 0.006066864216282457, "lower_bound": 0.9072008113590264, "upper_bound": 0.9305273833671399}
{"samples": 10224, "accuracy": 0.8713260649087222, "std": 0.00733876325982051, "lower_bound": 0.8559837728194726, "upper_bound": 0.8848884381338742}
{"samples": 10736, "accuracy": 0.934830121703854, "std": 0.00542311386091256, "lower_bound": 0.9249492900608519, "upper_bound": 0.945753042596349}
{"samples": 11248, "accuracy": 0.9204447261663286, "std": 0.005848360177815487, "lower_bound": 0.9092165314401622, "upper_bound": 0.9315415821501014}
{"samples": 11760, "accuracy": 0.88551369168357, "std": 0.007130703027848424, "lower_bound": 0.8706896551724138, "upper_bound": 0.898592799188641}
{"samples": 12272, "accuracy": 0.8445334685598377, "std": 0.007954603576865508, "lower_bound": 0.829107505070994, "upper_bound": 0.8595461460446248}
{"samples": 12784, "accuracy": 0.9255436105476674, "std": 0.005906443639803634, "lower_bound": 0.9137931034482759, "upper_bound": 0.9366125760649088}
{"samples": 13296, "accuracy": 0.9291450304259634, "std": 0.0056667971056583565, "lower_bound": 0.9178498985801217, "upper_bound": 0.9396551724137931}
{"samples": 13808, "accuracy": 0.8996774847870184, "std": 0.006990969834077396, "lower_bound": 0.8859026369168357, "upper_bound": 0.9132986815415822}
{"samples": 14320, "accuracy": 0.9057332657200812, "std": 0.006422985110350426, "lower_bound": 0.8924822515212981, "upper_bound": 0.9188640973630832}
{"samples": 14832, "accuracy": 0.8943595334685598, "std": 0.007084646216488441, "lower_bound": 0.8803245436105477, "upper_bound": 0.907707910750507}
{"samples": 15344, "accuracy": 0.9021333671399593, "std": 0.006552127430456524, "lower_bound": 0.888932555780933, "upper_bound": 0.915314401622718}
{"samples": 192, "loss": 0.6987750713641827}
{"samples": 400, "loss": 0.6921128493088943}
{"samples": 608, "loss": 0.6880868765024039}
{"samples": 816, "loss": 0.6456815279447116}
{"samples": 1024, "loss": 0.6313993013822116}
{"samples": 1232, "loss": 0.5147834190955529}
{"samples": 1440, "loss": 0.5377440819373498}
{"samples": 1648, "loss": 0.44725740872896635}
{"samples": 1856, "loss": 0.3876195320716271}
{"samples": 2064, "loss": 0.28653797736534703}
{"samples": 2272, "loss": 0.39896077376145583}
{"samples": 2480, "loss": 0.2595243453979492}
{"samples": 2688, "loss": 0.27342084737924427}
{"samples": 2896, "loss": 0.23874557935274565}
{"samples": 3104, "loss": 0.24121897037212664}
{"samples": 3312, "loss": 0.2402129631776076}
{"samples": 3520, "loss": 0.3681508486087506}
{"samples": 3728, "loss": 0.258150183237516}
{"samples": 3936, "loss": 0.2679672699708205}
{"samples": 4144, "loss": 0.2661657608472384}
{"samples": 4352, "loss": 0.25876696751667905}
{"samples": 4560, "loss": 0.1752397234623249}
{"samples": 4768, "loss": 0.16018532789670503}
{"samples": 4976, "loss": 0.23113822020017183}
{"samples": 5184, "loss": 0.15897585795475885}
{"samples": 5392, "loss": 0.21650055509347182}
{"samples": 5600, "loss": 0.2178274576480572}
{"samples": 5808, "loss": 0.21808844346266526}
{"samples": 6016, "loss": 0.2138361564049354}
{"samples": 6224, "loss": 0.26967471837997437}
{"samples": 6432, "loss": 0.2097352147102356}
{"samples": 6640, "loss": 0.15242245564093956}
{"samples": 6848, "loss": 0.14634167689543504}
{"samples": 7056, "loss": 0.14509442448616028}
{"samples": 7264, "loss": 0.2689561362449939}
{"samples": 7472, "loss": 0.14494616710222685}
{"samples": 7680, "loss": 0.16868083293621355}
{"samples": 7888, "loss": 0.16026082405677208}
{"samples": 8096, "loss": 0.16759119354761565}
{"samples": 8304, "loss": 0.18880646045391375}
{"samples": 8512, "loss": 0.11015436282524696}
{"samples": 8720, "loss": 0.16025076921169573}
{"samples": 8928, "loss": 0.1886795713351323}
{"samples": 9136, "loss": 0.1322015363436479}
{"samples": 9344, "loss": 0.10183145908208993}
{"samples": 9552, "loss": 0.19943268024004424}
{"samples": 9760, "loss": 0.22721829551916856}
{"samples": 9968, "loss": 0.21957229880186227}
{"samples": 10176, "loss": 0.20400808178461516}
{"samples": 10384, "loss": 0.1472064462991861}
{"samples": 10592, "loss": 0.1362407345038194}
{"samples": 10800, "loss": 0.14913684129714966}
{"samples": 11008, "loss": 0.15265784699183244}
{"samples": 11216, "loss": 0.09777375367971566}
{"samples": 11424, "loss": 0.208535380088366}
{"samples": 11632, "loss": 0.10150503539122067}
{"samples": 11840, "loss": 0.13417148016966307}
{"samples": 12048, "loss": 0.163530537715325}
{"samples": 12256, "loss": 0.14243219792842865}
{"samples": 12464, "loss": 0.12982776417182043}
{"samples": 12672, "loss": 0.1571966982804812}
{"samples": 12880, "loss": 0.1559441192792012}
{"samples": 13088, "loss": 0.11293369760880104}
{"samples": 13296, "loss": 0.16990132859120002}
{"samples": 13504, "loss": 0.09236721350596501}
{"samples": 13712, "loss": 0.15399508865980002}
{"samples": 13920, "loss": 0.07431022822856903}
{"samples": 14128, "loss": 0.1595347420527385}
{"samples": 14336, "loss": 0.12835717315857226}
{"samples": 14544, "loss": 0.09988552217300121}
{"samples": 14752, "loss": 0.1726896923321944}
{"samples": 14960, "loss": 0.0863362206862523}
{"samples": 15168, "loss": 0.12797869283419389}
{"samples": 15376, "loss": 0.15936155101427665}
{"samples": 15584, "loss": 0.1186008957716135}
{"samples": 0,