{"samples": 448, "accuracy": 0.4998504016064257, "std": 0.011911765190653262, "lower_bound": 0.4764056224899598, "upper_bound": 0.5225903614457831}
{"samples": 960, "accuracy": 0.5636541164658635, "std": 0.011430124291392124, "lower_bound": 0.5411646586345381, "upper_bound": 0.5863453815261044}
{"samples": 1472, "accuracy": 0.7966079317269075, "std": 0.008929936278908816, "lower_bound": 0.7786144578313253, "upper_bound": 0.8137675702811245}
{"samples": 1984, "accuracy": 0.8029809236947791, "std": 0.009358950647291177, "lower_bound": 0.785140562248996, "upper_bound": 0.8217871485943775}
{"samples": 2496, "accuracy": 0.8156706827309237, "std": 0.008660360891822027, "lower_bound": 0.7976782128514056, "upper_bound": 0.8333333333333334}
{"samples": 3008, "accuracy": 0.8275567269076305, "std": 0.008604598541045576, "lower_bound": 0.8097389558232931, "upper_bound": 0.8448795180722891}
{"samples": 3520, "accuracy": 0.833507530120482, "std": 0.00847134041338567, "lower_bound": 0.8162525100401606, "upper_bound": 0.8489081325301204}
{"samples": 4032, "accuracy": 0.8252946787148594, "std": 0.008398353287167766, "lower_bound": 0.8097264056224899, "upper_bound": 0.8423820281124498}
{"samples": 4544, "accuracy": 0.8485366465863453, "std": 0.007991043502046071, "lower_bound": 0.8328313253012049, "upper_bound": 0.8639683734939758}
{"samples": 5056, "accuracy": 0.8369171686746988, "std": 0.00838557316845487, "lower_bound": 0.8207831325301205, "upper_bound": 0.8529241967871485}
{"samples": 5568, "accuracy": 0.8277821285140562, "std": 0.008714498481873985, "lower_bound": 0.8107429718875502, "upper_bound": 0.8448920682730923}
{"samples": 6080, "accuracy": 0.7820788152610442, "std": 0.009241846513451406, "lower_bound": 0.7630522088353414, "upper_bound": 0.800715361445783}
{"samples": 6592, "accuracy": 0.761445281124498, "std": 0.009435034950010052, "lower_bound": 0.742457329317269, "upper_bound": 0.7796184738955824}
{"samples": 7104, "accuracy": 0.8149839357429719, "std": 0.008711760317313912, "lower_bound": 0.7976907630522089, "upper_bound": 0.8318273092369478}
{"samples": 7616, "accuracy": 0.8662961847389559, "std": 0.007616204002139333, "lower_bound": 0.8514056224899599, "upper_bound": 0.8805220883534136}
{"samples": 8128, "accuracy": 0.8667976907630521, "std": 0.00750232619783059, "lower_bound": 0.8523845381526105, "upper_bound": 0.8815386546184738}
{"samples": 8640, "accuracy": 0.7047876506024097, "std": 0.010154259197257234, "lower_bound": 0.6847264056224899, "upper_bound": 0.7244226907630522}
{"samples": 9152, "accuracy": 0.859234437751004, "std": 0.007550457393716287, "lower_bound": 0.8448669678714859, "upper_bound": 0.873995983935743}
{"samples": 9664, "accuracy": 0.8478052208835342, "std": 0.007955717366492037, "lower_bound": 0.8323167670682731, "upper_bound": 0.8634538152610441}
{"samples": 10176, "accuracy": 0.7846817269076305, "std": 0.008918757320920973, "lower_bound": 0.7670682730923695, "upper_bound": 0.8017193775100401}
{"samples": 10688, "accuracy": 0.8676501004016063, "std": 0.007473146562165376, "lower_bound": 0.8534011044176706, "upper_bound": 0.8820281124497992}
{"samples": 11200, "accuracy": 0.779664156626506, "std": 0.009556006316851934, "lower_bound": 0.7605170682730924, "upper_bound": 0.7992093373493975}
{"samples": 11712, "accuracy": 0.8669342369477911, "std": 0.007584716919509969, "lower_bound": 0.8529116465863453, "upper_bound": 0.8810366465863453}
{"samples": 12224, "accuracy": 0.7627911646586345, "std": 0.009451434155035647, "lower_bound": 0.7439633534136546, "upper_bound": 0.7811370481927711}
{"samples": 12736, "accuracy": 0.859043172690763, "std": 0.007918947243666713, "lower_bound": 0.8423694779116466, "upper_bound": 0.8744979919678715}
{"samples": 13248, "accuracy": 0.8426937751004016, "std": 0.008046183172921132, "lower_bound": 0.8268072289156626, "upper_bound": 0.8579442771084337}
{"samples": 13760, "accuracy": 0.8075918674698797, "std": 0.00879830154454763, "lower_bound": 0.7901606425702812, "upper_bound": 0.8253012048192772}
{"samples": 14272, "accuracy": 0.8450406626506025, "std": 0.007976241928720504, "lower_bound": 0.8293172690763052, "upper_bound": 0.8599397590361446}
{"samples": 14784, "accuracy": 0.8491390562248996, "std": 0.00815338590528725, "lower_bound": 0.8323167670682731, "upper_bound": 0.8649598393574297}
{"samples": 15296, "accuracy": 0.8378177710843374, "std": 0.007948429857969506, "lower_bound": 0.8217745983935743, "upper_bound": 0.8534136546184738}
{"samples": 15808, "accuracy": 0.831129016064257, "std": 0.008212859368398846, "lower_bound": 0.8152484939759036, "upper_bound": 0.8469001004016063}
{"samples": 192, "loss": 0.7005243301391602}
{"samples": 448, "loss": 0.7016229629516602}
{"samples": 704, "loss": 0.6834383010864258}
{"samples": 960, "loss": 0.6558914184570312}
{"samples": 1216, "loss": 0.639808177947998}
{"samples": 1472, "loss": 0.5987911224365234}
{"samples": 1728, "loss": 0.5658402442932129}
{"samples": 1984, "loss": 0.5570178031921387}
{"samples": 2240, "loss": 0.5309219360351562}
{"samples": 2496, "loss": 0.4941272735595703}
{"samples": 2752, "loss": 0.4924826994538307}
{"samples": 3008, "loss": 0.46938586235046387}
{"samples": 3264, "loss": 0.4324447065591812}
{"samples": 3520, "loss": 0.4433201402425766}
{"samples": 3776, "loss": 0.40350528061389923}
{"samples": 4032, "loss": 0.44110121577978134}
{"samples": 4288, "loss": 0.449551559984684}
{"samples": 4544, "loss": 0.4404953271150589}
{"samples": 4800, "loss": 0.4498591423034668}
{"samples": 5056, "loss": 0.4040907621383667}
{"samples": 5312, "loss": 0.4443110153079033}
{"samples": 5568, "loss": 0.3940510079264641}
{"samples": 5824, "loss": 0.4397961050271988}
{"samples": 6080, "loss": 0.4068874567747116}
{"samples": 6336, "loss": 0.44713738560676575}
{"samples": 6592, "loss": 0.3888235166668892}
{"samples": 6848, "loss": 0.41844186931848526}
{"samples": 7104, "loss": 0.4154549241065979}
{"samples": 7360, "loss": 0.3804975003004074}
{"samples": 7616, "loss": 0.4600590467453003}
{"samples": 7872, "loss": 0.38608022034168243}
{"samples": 8128, "loss": 0.4211704432964325}
{"samples": 8384, "loss": 0.3977658897638321}
{"samples": 8640, "loss": 0.3953549638390541}
{"samples": 8896, "loss": 0.44216233491897583}
{"samples": 9152, "loss": 0.4182902052998543}
{"samples": 9408, "loss": 0.39337773621082306}
{"samples": 9664, "loss": 0.37228626012802124}
{"samples": 9920, "loss": 0.39262018352746964}
{"samples": 10176, "loss": 0.34674714505672455}
{"samples": 10432, "loss": 0.3351510837674141}
{"samples": 10688, "loss": 0.3727869838476181}
{"samples": 10944, "loss": 0.336090512573719}
{"samples": 11200, "loss": 0.3751586154103279}
{"samples": 11456, "loss": 0.3557044416666031}
{"samples": 11712, "loss": 0.42439154535532}
{"samples": 11968, "loss": 0.3592025265097618}
{"samples": 12224, "loss": 0.4706621840596199}
{"samples": 12480, "loss": 0.36391083896160126}
{"samples": 12736, "loss": 0.366705559194088}
{"samples": 12992, "loss": 0.37385230511426926}
{"samples": 13248, "loss": 0.3542192131280899}
{"samples": 13504, "loss": 0.3292320668697357}
{"samples": 13760, "loss": 0.3740050420165062}
{"samples": 14016, "loss": 0.3585839197039604}
{"samples": 14272, "loss": 0.3599882498383522}
{"samples": 14528, "loss": 0.355664424598217}
{"samples": 14784, "loss": 0.39156613126397133}
{"samples": 15040, "loss": 0.3737221658229828}
{"samples": 15296, "loss": 0.4022975414991379}
{"samples": 15552, "loss": 0.37380486726760864}
{"samples": 15808, "loss": 0.37307410687208176}
