{"samples": 192, "accuracy": 0.4998579317269076, "std": 0.010912838432347551, "lower_bound": 0.4784136546184739, "upper_bound": 0.5210968875502008}
{"samples": 400, "accuracy": 0.652438253012048, "std": 0.010312292825673948, "lower_bound": 0.6325175702811244, "upper_bound": 0.6722013052208835}
{"samples": 608, "accuracy": 0.7686415662650602, "std": 0.009406430930363335, "lower_bound": 0.7505020080321285, "upper_bound": 0.7871611445783132}
{"samples": 816, "accuracy": 0.8053644578313254, "std": 0.0088666642541719, "lower_bound": 0.7886546184738956, "upper_bound": 0.822289156626506}
{"samples": 1024, "accuracy": 0.8014131526104418, "std": 0.009091125334734815, "lower_bound": 0.7836219879518072, "upper_bound": 0.8192771084337349}
{"samples": 1232, "accuracy": 0.8811581325301205, "std": 0.007056128022383338, "lower_bound": 0.8669678714859438, "upper_bound": 0.8945783132530121}
{"samples": 1440, "accuracy": 0.914434236947791, "std": 0.0064233725812139885, "lower_bound": 0.9016064257028112, "upper_bound": 0.9272088353413654}
{"samples": 1648, "accuracy": 0.8493930722891566, "std": 0.008065113605700999, "lower_bound": 0.8343247991967871, "upper_bound": 0.8654618473895582}
{"samples": 1856, "accuracy": 0.9026671686746988, "std": 0.006690134891197754, "lower_bound": 0.8890562248995983, "upper_bound": 0.9151731927710843}
{"samples": 2064, "accuracy": 0.7120903614457832, "std": 0.00994393831249749, "lower_bound": 0.6917545180722892, "upper_bound": 0.7304342369477911}
{"samples": 2272, "accuracy": 0.9302098393574297, "std": 0.005970003034747927, "lower_bound": 0.9181726907630522, "upper_bound": 0.9417670682730924}
{"samples": 2480, "accuracy": 0.908206827309237, "std": 0.006402169191652359, "lower_bound": 0.8955697791164658, "upper_bound": 0.9201807228915663}
{"samples": 2688, "accuracy": 0.7635878514056225, "std": 0.009605691327968617, "lower_bound": 0.7444779116465864, "upper_bound": 0.782141064257028}
{"samples": 2896, "accuracy": 0.8258042168674699, "std": 0.00875548632513721, "lower_bound": 0.8082203815261043, "upper_bound": 0.8423694779116466}
{"samples": 3104, "accuracy": 0.8157013052208836, "std": 0.008623876610456247, "lower_bound": 0.7986822289156627, "upper_bound": 0.8318273092369478}
{"samples": 3312, "accuracy": 0.9290868473895583, "std": 0.005566631208909006, "lower_bound": 0.9181726907630522, "upper_bound": 0.9402610441767069}
{"samples": 3520, "accuracy": 0.9532811244979918, "std": 0.004888019599084961, "lower_bound": 0.9432730923694779, "upper_bound": 0.9623619477911646}
{"samples": 3728, "accuracy": 0.9559106425702812, "std": 0.004549470440325838, "lower_bound": 0.947289156626506, "upper_bound": 0.9643574297188755}
{"samples": 3936, "accuracy": 0.938726907630522, "std": 0.0055039145994583115, "lower_bound": 0.9282128514056225, "upper_bound": 0.9492971887550201}
{"samples": 4144, "accuracy": 0.9371089357429718, "std": 0.005367195087410265, "lower_bound": 0.9267068273092369, "upper_bound": 0.9477911646586346}
{"samples": 4352, "accuracy": 0.9494698795180723, "std": 0.0047842093446970125, "lower_bound": 0.9397590361445783, "upper_bound": 0.9583458835341365}
{"samples": 4560, "accuracy": 0.9056706827309238, "std": 0.006686942662694102, "lower_bound": 0.8925577309236947, "upper_bound": 0.9181726907630522}
{"samples": 4768, "accuracy": 0.8965667670682731, "std": 0.006926428039516955, "lower_bound": 0.8820155622489959, "upper_bound": 0.9096385542168675}
{"samples": 4976, "accuracy": 0.9220165662650602, "std": 0.005808589815064159, "lower_bound": 0.9106425702811245, "upper_bound": 0.9327309236947792}
{"samples": 5184, "accuracy": 0.9122314257028112, "std": 0.0064991677447263, "lower_bound": 0.8995983935742972, "upper_bound": 0.9241967871485943}
{"samples": 5392, "accuracy": 0.8965401606425702, "std": 0.007015686375894674, "lower_bound": 0.8825301204819277, "upper_bound": 0.910140562248996}
{"samples": 5600, "accuracy": 0.939921686746988, "std": 0.005506893662349259, "lower_bound": 0.928714859437751, "upper_bound": 0.9503012048192772}
{"samples": 5808, "accuracy": 0.9192088353413654, "std": 0.005982114086215753, "lower_bound": 0.9066265060240963, "upper_bound": 0.9297314257028112}
{"samples": 6016, "accuracy": 0.9174437751004015, "std": 0.006274692677517133, "lower_bound": 0.9056099397590361, "upper_bound": 0.9297314257028112}
{"samples": 6224, "accuracy": 0.913781124497992, "std": 0.0061394267981872575, "lower_bound": 0.9006024096385542, "upper_bound": 0.9257028112449799}
{"samples": 6432, "accuracy": 0.9488333333333334, "std": 0.0049833046534350335, "lower_bound": 0.9387550200803213, "upper_bound": 0.958847891566265}
{"samples": 6640, "accuracy": 0.9522429718875502, "std": 0.004676079544633881, "lower_bound": 0.9432605421686746, "upper_bound": 0.9613453815261044}
{"samples": 6848, "accuracy": 0.8977128514056225, "std": 0.0066041911602859205, "lower_bound": 0.8850401606425703, "upper_bound": 0.9106425702811245}
{"samples": 7056, "accuracy": 0.9011576305220884, "std": 0.006618757715943353, "lower_bound": 0.8875502008032129, "upper_bound": 0.9136671686746988}
{"samples": 7264, "accuracy": 0.9543373493975904, "std": 0.00454372458872401, "lower_bound": 0.9457831325301205, "upper_bound": 0.9633534136546185}
{"samples": 7472, "accuracy": 0.9293298192771084, "std": 0.005800362843441673, "lower_bound": 0.9181726907630522, "upper_bound": 0.9407630522088354}
{"samples": 7680, "accuracy": 0.9335763052208835, "std": 0.005389662224650471, "lower_bound": 0.9231927710843374, "upper_bound": 0.9437876506024095}
{"samples": 7888, "accuracy": 0.8453850401606425, "std": 0.007871270650460185, "lower_bound": 0.8293172690763052, "upper_bound": 0.8624497991967871}
{"samples": 8096, "accuracy": 0.8452846385542169, "std": 0.008359417356525997, "lower_bound": 0.8283007028112449, "upper_bound": 0.8614457831325302}
{"samples": 8304, "accuracy": 0.954894076305221, "std": 0.004519210002894006, "lower_bound": 0.946285140562249, "upper_bound": 0.9638679718875501}
{"samples": 8512, "accuracy": 0.8790998995983936, "std": 0.007321527036007011, "lower_bound": 0.8644578313253012, "upper_bound": 0.892570281124498}
{"samples": 8720, "accuracy": 0.9306551204819278, "std": 0.005451418343722565, "lower_bound": 0.9196661646586345, "upper_bound": 0.9412650602409639}
{"samples": 8928, "accuracy": 0.9365326305220883, "std": 0.005298852822490505, "lower_bound": 0.9261922690763051, "upper_bound": 0.946285140562249}
{"samples": 9136, "accuracy": 0.8873298192771084, "std": 0.0071339612191946315, "lower_bound": 0.8734939759036144, "upper_bound": 0.9006024096385542}
{"samples": 9344, "accuracy": 0.9363574297188756, "std": 0.005509245379236137, "lower_bound": 0.9257028112449799, "upper_bound": 0.947289156626506}
{"samples": 9552, "accuracy": 0.9357961847389559, "std": 0.005584233282397527, "lower_bound": 0.9241967871485943, "upper_bound": 0.9467871485943775}
{"samples": 9760, "accuracy": 0.932633032128514, "std": 0.005658923813332462, "lower_bound": 0.92117218875502, "upper_bound": 0.9432730923694779}
{"samples": 9968, "accuracy": 0.8923739959839356, "std": 0.006954435223475136, "lower_bound": 0.8790160642570282, "upper_bound": 0.9061244979919679}
{"samples": 10176, "accuracy": 0.9257926706827309, "std": 0.005932515024029054, "lower_bound": 0.9136546184738956, "upper_bound": 0.9362449799196787}
{"samples": 10384, "accuracy": 0.876898092369478, "std": 0.00752367594039336, "lower_bound": 0.8624497991967871, "upper_bound": 0.8915788152610441}
{"samples": 10592, "accuracy": 0.9552971887550201, "std": 0.004467637284597675, "lower_bound": 0.9467871485943775, "upper_bound": 0.9638679718875501}
{"samples": 10800, "accuracy": 0.9156646586345382, "std": 0.00643624386399813, "lower_bound": 0.9021084337349398, "upper_bound": 0.9277233935742971}
{"samples": 11008, "accuracy": 0.944804718875502, "std": 0.00521074662239652, "lower_bound": 0.9342369477911646, "upper_bound": 0.9553338353413654}
{"samples": 11216, "accuracy": 0.892527108433735, "std": 0.006868867947008266, "lower_bound": 0.8795180722891566,