{"samples": 496, "accuracy": 0.7343823529411765, "std": 0.009900278914762705, "lower_bound": 0.716011663286004, "upper_bound": 0.7530425963488844}
{"samples": 1008, "accuracy": 0.7870111561866127, "std": 0.009174348853859543, "lower_bound": 0.7687499999999999, "upper_bound": 0.8042723123732252}
{"samples": 1520, "accuracy": 0.8498397565922922, "std": 0.008118319868964647, "lower_bound": 0.8336713995943205, "upper_bound": 0.8656186612576064}
{"samples": 2032, "accuracy": 0.8550922920892495, "std": 0.008201373438681402, "lower_bound": 0.83822261663286, "upper_bound": 0.8706896551724138}
{"samples": 2544, "accuracy": 0.8302459432048681, "std": 0.008739707219782724, "lower_bound": 0.8133874239350912, "upper_bound": 0.8468686612576065}
{"samples": 3056, "accuracy": 0.8692261663286004, "std": 0.007575511695359141, "lower_bound": 0.8549695740365112, "upper_bound": 0.8848884381338742}
{"samples": 3568, "accuracy": 0.9055694726166329, "std": 0.006536586119130731, "lower_bound": 0.8929893509127789, "upper_bound": 0.9183569979716024}
{"samples": 4080, "accuracy": 0.8696795131845843, "std": 0.0076830484046666045, "lower_bound": 0.8539553752535497, "upper_bound": 0.8853955375253549}
{"samples": 4592, "accuracy": 0.8499721095334686, "std": 0.008027176344267193, "lower_bound": 0.8341784989858012, "upper_bound": 0.8661257606490872}
{"samples": 5104, "accuracy": 0.9154731237322514, "std": 0.006351367366469428, "lower_bound": 0.9031440162271805, "upper_bound": 0.9274847870182555}
{"samples": 5616, "accuracy": 0.883895537525355, "std": 0.0070689407078875855, "lower_bound": 0.8706896551724138, "upper_bound": 0.8980730223123732}
{"samples": 6128, "accuracy": 0.9198646044624746, "std": 0.006092378089558934, "lower_bound": 0.907707910750507, "upper_bound": 0.9315415821501014}
{"samples": 6640, "accuracy": 0.8364609533468561, "std": 0.008517820783154278, "lower_bound": 0.8199797160243407, "upper_bound": 0.853448275862069}
{"samples": 7152, "accuracy": 0.9345152129817444, "std": 0.005577713060984105, "lower_bound": 0.9239350912778904, "upper_bound": 0.945753042596349}
{"samples": 7664, "accuracy": 0.9545796146044625, "std": 0.00475201752070173, "lower_bound": 0.9452332657200812, "upper_bound": 0.9635015212981745}
{"samples": 8176, "accuracy": 0.9179553752535498, "std": 0.006139898117445447, "lower_bound": 0.9051724137931034, "upper_bound": 0.9295131845841785}
{"samples": 8688, "accuracy": 0.888093813387424, "std": 0.007199060564090523, "lower_bound": 0.8732251521298174, "upper_bound": 0.9016227180527383}
{"samples": 9200, "accuracy": 0.9334822515212982, "std": 0.005618676612445243, "lower_bound": 0.922908215010142, "upper_bound": 0.9442317444219067}
{"samples": 9712, "accuracy": 0.8974041582150101, "std": 0.006905033692767371, "lower_bound": 0.8843686612576065, "upper_bound": 0.9102434077079108}
{"samples": 10224, "accuracy": 0.876053752535497, "std": 0.007598371528681831, "lower_bound": 0.8610420892494929, "upper_bound": 0.8904665314401623}
{"samples": 10736, "accuracy": 0.8955111561866126, "std": 0.006590561795079183, "lower_bound": 0.8828600405679513, "upper_bound": 0.9087221095334685}
{"samples": 11248, "accuracy": 0.9360735294117647, "std": 0.0056588527568962035, "lower_bound": 0.9244421906693712, "upper_bound": 0.9467545638945233}
{"samples": 11760, "accuracy": 0.9114107505070993, "std": 0.006505766933604157, "lower_bound": 0.8980603448275861, "upper_bound": 0.9234279918864098}
{"samples": 12272, "accuracy": 0.8744092292089249, "std": 0.00739574126287256, "lower_bound": 0.8600405679513184, "upper_bound": 0.8884508113590264}
{"samples": 12784, "accuracy": 0.90944523326572, "std": 0.006586292401668647, "lower_bound": 0.8970461460446247, "upper_bound": 0.9219066937119675}
{"samples": 13296, "accuracy": 0.9154406693711967, "std": 0.006401775822157453, "lower_bound": 0.9031440162271805, "upper_bound": 0.9279918864097363}
{"samples": 13808, "accuracy": 0.893621196754564, "std": 0.00682168676339829, "lower_bound": 0.8803245436105477, "upper_bound": 0.9072008113590264}
{"samples": 14320, "accuracy": 0.900802738336714, "std": 0.006612473224819091, "lower_bound": 0.8879310344827587, "upper_bound": 0.9127789046653144}
{"samples": 14832, "accuracy": 0.907393509127789, "std": 0.006549078208990431, "lower_bound": 0.8945233265720081, "upper_bound": 0.9203853955375254}
{"samples": 15344, "accuracy": 0.9012829614604463, "std": 0.006810537394252906, "lower_bound": 0.8874112576064909, "upper_bound": 0.9148073022312373}
{"samples": 192, "loss": 0.7049795297475961}
{"samples": 400, "loss": 0.6839047945462741}
{"samples": 608, "loss": 0.6746180607722356}
{"samples": 816, "loss": 0.6263521634615384}
{"samples": 1024, "loss": 0.6223575885479267}
{"samples": 1232, "loss": 0.4146986741286058}
{"samples": 1440, "loss": 0.5624958551847018}
{"samples": 1648, "loss": 0.4708182444939247}
{"samples": 1856, "loss": 0.3831396378003634}
{"samples": 2064, "loss": 0.2613263680384709}
{"samples": 2272, "loss": 0.23430739916287935}
{"samples": 2480, "loss": 0.22883883806375357}
{"samples": 2688, "loss": 0.2858614738170917}
{"samples": 2896, "loss": 0.23227244157057542}
{"samples": 3104, "loss": 0.29582898433391863}
{"samples": 3312, "loss": 0.17778664368849534}
{"samples": 3520, "loss": 0.20383656941927397}
{"samples": 3728, "loss": 0.20156073570251465}
{"samples": 3936, "loss": 0.21566689014434814}
{"samples": 4144, "loss": 0.45075041972673857}
{"samples": 4352, "loss": 0.2698881442730243}
{"samples": 4560, "loss": 0.20133144580400908}
{"samples": 4768, "loss": 0.17153105827478263}
{"samples": 4976, "loss": 0.2200229947383587}
{"samples": 5184, "loss": 0.10516740954839267}
{"samples": 5392, "loss": 0.21775339658443743}
{"samples": 5600, "loss": 0.19471977994992182}
{"samples": 5808, "loss": 0.16875141629805931}
{"samples": 6016, "loss": 0.19753755514438337}
{"samples": 6224, "loss": 0.19978785056334275}
{"samples": 6432, "loss": 0.15817808646422166}
{"samples": 6640, "loss": 0.11389608337328984}
{"samples": 6848, "loss": 0.18397043760006243}
{"samples": 7056, "loss": 0.10872891086798447}
{"samples": 7264, "loss": 0.22385740280151367}
{"samples": 7472, "loss": 0.1857812496332022}
{"samples": 7680, "loss": 0.15652969021063584}
{"samples": 7888, "loss": 0.173553283397968}
{"samples": 8096, "loss": 0.11538455119499794}
{"samples": 8304, "loss": 0.14898196550515982}
{"samples": 8512, "loss": 0.0733805917776548}
{"samples": 8720, "loss": 0.12056773900985718}
{"samples": 8928, "loss": 0.11634281048407921}
{"samples": 9136, "loss": 0.07168627931521489}
{"samples": 9344, "loss": 0.12015919158091912}
{"samples": 9552, "loss": 0.17383671150757715}
{"samples": 9760, "loss": 0.17599652363703802}
{"samples": 9968, "loss": 0.15648148839290327}
{"samples": 10176, "loss": 0.12602606415748596}
{"samples": 10384, "loss": 0.11016709070939285}
{"samples": 10592, "loss": 0.09124379203869747}
{"samples": 10800, "loss": 0.11101475816506606}
{"samples": 11008, "loss": 0.11813370081094596}
{"samples": 11216, "loss": 0.08880402950140145}
{"samples": 11424, "loss": 0.15354660611886245}
{"samples": 11632, "loss": 0.13771464503728426}
{"samples": 11840, "loss": 0.08682508422778203}
{"samples": 12048, "loss": 0.11566785436410171}
{"samples": 12256, "loss": 0.11561919634158795}
{"samples": 12464, "loss": 0.12413197526564965}
{"samples": 12672, "loss": 0.0919925318314479}
{"samples": 12880, "loss": 0.11604390465296231}
{"samples": 13088, "loss": 0.08514763758732723}
{"samples": 13296, "loss": 0.11585113406181335}
{"samples": 13504, "loss": 0.09937329017199002}
{"samples": 13712, "loss": 0.06885829109411973}
{"samples": 13920, "loss": 0.06380681578929608}
{"samples": 14128, "loss": 0.1471894131256984}
{"samples": 14336, "loss": 0.13904962172875038}
{"samples": 14544, "loss": 0.11638804697073422}
{"samples": 14752, "loss": 0.11574606024301969}
{"samples": 14960, "loss": 0.1032443826015179}
{"samples": 15168, "loss": 0.09480392245145944}
{"samples": 15376, "loss": 0.12163352278562692}
{"samples": 15584,