{"samples": 496, "accuracy": 0.6816054766734281, "std": 0.01082153100288413, "lower_bound": 0.6587094320486815, "upper_bound": 0.7023326572008114}
{"samples": 1000, "accuracy": 0.5265212981744422, "std": 0.010935889664555378, "lower_bound": 0.5045638945233266, "upper_bound": 0.5476673427991886}
{"samples": 1504, "accuracy": 0.8318174442190668, "std": 0.008505005686325317, "lower_bound": 0.8154031440162272, "upper_bound": 0.847882860040568}
{"samples": 2008, "accuracy": 0.8058093306288032, "std": 0.009406206610571136, "lower_bound": 0.787525354969574, "upper_bound": 0.8240365111561866}
{"samples": 2512, "accuracy": 0.7858869168356998, "std": 0.009359901484099173, "lower_bound": 0.7682429006085192, "upper_bound": 0.8042596348884381}
{"samples": 3016, "accuracy": 0.9047089249492901, "std": 0.006598230357109377, "lower_bound": 0.8914807302231237, "upper_bound": 0.9178498985801217}
{"samples": 3520, "accuracy": 0.9106678498985802, "std": 0.006568306164905415, "lower_bound": 0.8975659229208925, "upper_bound": 0.9234279918864098}
{"samples": 4024, "accuracy": 0.9145953346855985, "std": 0.00645024198816689, "lower_bound": 0.902129817444219, "upper_bound": 0.9269776876267748}
{"samples": 4528, "accuracy": 0.8968950304259634, "std": 0.0067332922054506444, "lower_bound": 0.8838742393509128, "upper_bound": 0.90973630831643}
{"samples": 5032, "accuracy": 0.9283686612576065, "std": 0.005888359679678091, "lower_bound": 0.9173427991886409, "upper_bound": 0.9396551724137931}
{"samples": 5536, "accuracy": 0.9101140973630831, "std": 0.006759350994313869, "lower_bound": 0.896551724137931, "upper_bound": 0.9234279918864098}
{"samples": 6040, "accuracy": 0.8566632860040567, "std": 0.007927220593337257, "lower_bound": 0.84026369168357, "upper_bound": 0.8712094320486816}
{"samples": 6544, "accuracy": 0.8745552738336715, "std": 0.00748748815783484, "lower_bound": 0.859026369168357, "upper_bound": 0.8889579107505071}
{"samples": 7048, "accuracy": 0.9187119675456389, "std": 0.005980247870200154, "lower_bound": 0.9072008113590264, "upper_bound": 0.930540060851927}
{"samples": 7552, "accuracy": 0.899843813387424, "std": 0.006825262735906896, "lower_bound": 0.8869041582150101, "upper_bound": 0.9132860040567952}
{"samples": 8056, "accuracy": 0.919684584178499, "std": 0.006116679777695222, "lower_bound": 0.9072008113590264, "upper_bound": 0.9315415821501014}
{"samples": 8560, "accuracy": 0.9064538539553753, "std": 0.006815183227189891, "lower_bound": 0.8924949290060852, "upper_bound": 0.9198782961460447}
{"samples": 9064, "accuracy": 0.9032738336713996, "std": 0.006527227358937034, "lower_bound": 0.8904665314401623, "upper_bound": 0.9153270791075051}
{"samples": 9568, "accuracy": 0.8995466531440162, "std": 0.006779999726435095, "lower_bound": 0.8858899594320486, "upper_bound": 0.9132860040567952}
{"samples": 10072, "accuracy": 0.9335456389452332, "std": 0.00588662885788013, "lower_bound": 0.9219066937119675, "upper_bound": 0.9447261663286004}
{"samples": 10576, "accuracy": 0.9297662271805274, "std": 0.00572892154795484, "lower_bound": 0.9188640973630832, "upper_bound": 0.9406693711967545}
{"samples": 11080, "accuracy": 0.9336744421906694, "std": 0.005522998335050615, "lower_bound": 0.922920892494929, "upper_bound": 0.9442317444219067}
{"samples": 11584, "accuracy": 0.9486866125760649, "std": 0.004844747545156108, "lower_bound": 0.9391480730223124, "upper_bound": 0.9579107505070994}
{"samples": 12088, "accuracy": 0.9418539553752535, "std": 0.005353372741200828, "lower_bound": 0.9310218052738336, "upper_bound": 0.9518382352941177}
{"samples": 12592, "accuracy": 0.8719802231237322, "std": 0.007604597042808095, "lower_bound": 0.8569979716024341, "upper_bound": 0.8869295131845842}
{"samples": 13096, "accuracy": 0.9193149087221095, "std": 0.006415853064386667, "lower_bound": 0.9072008113590264, "upper_bound": 0.9320613590263692}
{"samples": 13600, "accuracy": 0.9154269776876267, "std": 0.005992891855062559, "lower_bound": 0.9036384381338742, "upper_bound": 0.9269776876267748}
{"samples": 14104, "accuracy": 0.9302261663286003, "std": 0.005694777282440345, "lower_bound": 0.9183569979716024, "upper_bound": 0.9411764705882353}
{"samples": 14608, "accuracy": 0.9380780933062881, "std": 0.00592516724677978, "lower_bound": 0.9264579107505071, "upper_bound": 0.949302738336714}
{"samples": 15112, "accuracy": 0.9214974645030426, "std": 0.006059991574680618, "lower_bound": 0.9092292089249493, "upper_bound": 0.9330628803245437}
{"samples": 15616, "accuracy": 0.913357505070994, "std": 0.006580913862191252, "lower_bound": 0.9006085192697769, "upper_bound": 0.9259761663286005}
{"samples": 192, "loss": 0.69607666015625}
{"samples": 392, "loss": 0.6901513671875}
{"samples": 592, "loss": 0.68751220703125}
{"samples": 792, "loss": 0.650281982421875}
{"samples": 992, "loss": 0.58377685546875}
{"samples": 1192, "loss": 0.5270517349243165}
{"samples": 1392, "loss": 0.4121199035644531}
{"samples": 1592, "loss": 0.3237478446960449}
{"samples": 1792, "loss": 0.3622766709327698}
{"samples": 1992, "loss": 0.28462648391723633}
{"samples": 2192, "loss": 0.46205878257751465}
{"samples": 2392, "loss": 0.3049456214904785}
{"samples": 2592, "loss": 0.21780382871627807}
{"samples": 2792, "loss": 0.3208333683013916}
{"samples": 2992, "loss": 0.2782395648956299}
{"samples": 3192, "loss": 0.24917978048324585}
{"samples": 3392, "loss": 0.2804997968673706}
{"samples": 3592, "loss": 0.327956907749176}
{"samples": 3792, "loss": 0.23563751459121704}
{"samples": 3992, "loss": 0.22834824562072753}
{"samples": 4192, "loss": 0.396558895111084}
{"samples": 4392, "loss": 0.3214025187492371}
{"samples": 4592, "loss": 0.17124777793884277}
{"samples": 4792, "loss": 0.16560678720474242}
{"samples": 4992, "loss": 0.2268004059791565}
{"samples": 5192, "loss": 0.1657634496688843}
{"samples": 5392, "loss": 0.20766263127326964}
{"samples": 5592, "loss": 0.2511528277397156}
{"samples": 5792, "loss": 0.2246366000175476}
{"samples": 5992, "loss": 0.2225702691078186}
{"samples": 6192, "loss": 0.2675100266933441}
{"samples": 6392, "loss": 0.19605665922164917}
{"samples": 6592, "loss": 0.25516664862632754}
{"samples": 6792, "loss": 0.1521427857875824}
{"samples": 6992, "loss": 0.17961270809173585}
{"samples": 7192, "loss": 0.19955217003822326}
{"samples": 7392, "loss": 0.1681029224395752}
{"samples": 7592, "loss": 0.18839139938354493}
{"samples": 7792, "loss": 0.17817267417907715}
{"samples": 7992, "loss": 0.1976757514476776}
{"samples": 8192, "loss": 0.11821120738983154}
{"samples": 8392, "loss": 0.17489962935447692}
{"samples": 8592, "loss": 0.15208834052085876}
{"samples": 8792, "loss": 0.16160499095916747}
{"samples": 8992, "loss": 0.11914533138275146}
{"samples": 9192, "loss": 0.15576555132865905}
{"samples": 9392, "loss": 0.17904795408248902}
{"samples": 9592, "loss": 0.1727585506439209}
{"samples": 9792, "loss": 0.16626072645187379}
{"samples": 9992, "loss": 0.16623758435249328}
{"samples": 10192, "loss": 0.1853501856327057}
{"samples": 10392, "loss": 0.1434640669822693}
{"samples": 10592, "loss": 0.1634056043624878}
{"samples": 10792, "loss": 0.13467582702636718}
{"samples": 10992, "loss": 0.1126978850364685}
{"samples": 11192, "loss": 0.10899518251419067}
{"samples": 11392, "loss": 0.14075928270816804}
{"samples": 11592, "loss": 0.11328979015350342}
{"samples": 11792, "loss": 0.15342432677745818}
{"samples": 11992, "loss": 0.15268004536628724}
{"samples": 12192, "loss": 0.1617234480381012}
{"samples": 12392, "loss": 0.14919209361076355}
{"samples": 12592, "loss": 0.093397616147995}
{"samples": 12792, "loss": 0.18938440084457397}
{"samples": 12992, "loss": 0.14393184185028077}
{"samples": 13192, "loss": 0.08332505643367767}
{"samples": 13392, "loss": 0.1355063408613205}
{"samples": 13592, "loss": 0.09402824640274048}
{"samples": 13792, "loss": 0.15598482191562651}
{"samples": 13992, "loss": 0.13202665448188783}
{"samples": 14192, "loss": 0.1651831352710724}
{"samples": 14392, "loss": 0.14015021026134492}
{"samples": 14592,