{"samples": 192, "accuracy": 0.5006274014155713, "std": 0.011362929299444659, "lower_bound": 0.4782608695652174, "upper_bound": 0.5217517694641052}
{"samples": 400, "accuracy": 0.5369135490394338, "std": 0.011473641205285458, "lower_bound": 0.5141557128412538, "upper_bound": 0.5591506572295247}
{"samples": 608, "accuracy": 0.7130859453993933, "std": 0.01037464919776194, "lower_bound": 0.6930990899898888, "upper_bound": 0.7340748230535895}
{"samples": 816, "accuracy": 0.7595955510616785, "std": 0.009592236906108588, "lower_bound": 0.7406471183013145, "upper_bound": 0.7775657229524773}
{"samples": 1024, "accuracy": 0.8349914054600606, "std": 0.008470182678551218, "lower_bound": 0.8185035389282103, "upper_bound": 0.8513776541961577}
{"samples": 1232, "accuracy": 0.7712866531850354, "std": 0.009601337100317794, "lower_bound": 0.7532735085945399, "upper_bound": 0.7906976744186046}
{"samples": 1440, "accuracy": 0.7477709807886754, "std": 0.009938421257305456, "lower_bound": 0.7280080889787665, "upper_bound": 0.7664307381193124}
{"samples": 1648, "accuracy": 0.8230803842264914, "std": 0.008375978333201691, "lower_bound": 0.8068756319514662, "upper_bound": 0.8392441860465116}
{"samples": 1856, "accuracy": 0.8521329625884733, "std": 0.007934985764700694, "lower_bound": 0.8367037411526794, "upper_bound": 0.8675556117290193}
{"samples": 2064, "accuracy": 0.824422649140546, "std": 0.008308059759448752, "lower_bound": 0.8063700707785642, "upper_bound": 0.8402553083923155}
{"samples": 2272, "accuracy": 0.9176597573306369, "std": 0.006320077608899791, "lower_bound": 0.9054474216380182, "upper_bound": 0.929726996966633}
{"samples": 2480, "accuracy": 0.9246835187057634, "std": 0.006004598895305326, "lower_bound": 0.9130434782608695, "upper_bound": 0.935793731041456}
{"samples": 2688, "accuracy": 0.9277467138523762, "std": 0.0058460911345626036, "lower_bound": 0.916076845298281, "upper_bound": 0.9388270980788676}
{"samples": 2896, "accuracy": 0.8854039433771486, "std": 0.0073044887541034035, "lower_bound": 0.8710819009100101, "upper_bound": 0.8993933265925177}
{"samples": 3104, "accuracy": 0.8145141557128414, "std": 0.00867206336517246, "lower_bound": 0.7982684529828109, "upper_bound": 0.8311425682507584}
{"samples": 3312, "accuracy": 0.877365520728008, "std": 0.0075516516855135985, "lower_bound": 0.8634984833164813, "upper_bound": 0.8918225480283115}
{"samples": 3520, "accuracy": 0.894897876643074, "std": 0.0067887724148535025, "lower_bound": 0.8816986855409504, "upper_bound": 0.9084934277047523}
{"samples": 3728, "accuracy": 0.9253847320525783, "std": 0.006058346050761354, "lower_bound": 0.913536400404449, "upper_bound": 0.9363119312436805}
{"samples": 3936, "accuracy": 0.8037254802831142, "std": 0.008940912434066592, "lower_bound": 0.7871461071789686, "upper_bound": 0.820525783619818}
{"samples": 4144, "accuracy": 0.880397371081901, "std": 0.006805020979100529, "lower_bound": 0.8670374115267947, "upper_bound": 0.8933392315470172}
{"samples": 4352, "accuracy": 0.9194686552072802, "std": 0.006357465801660476, "lower_bound": 0.9069641051567239, "upper_bound": 0.9317492416582407}
{"samples": 4560, "accuracy": 0.8635677451971687, "std": 0.0076479931902866055, "lower_bound": 0.8488372093023255, "upper_bound": 0.8791708796764408}
{"samples": 4768, "accuracy": 0.8856359959555107, "std": 0.007147302238531132, "lower_bound": 0.872093023255814, "upper_bound": 0.8998988877654196}
{"samples": 4976, "accuracy": 0.9351349848331648, "std": 0.005765463393374602, "lower_bound": 0.9241658240647118, "upper_bound": 0.9464105156723963}
{"samples": 5184, "accuracy": 0.9131238624873609, "std": 0.005948152667036206, "lower_bound": 0.9014029322548028, "upper_bound": 0.9246840242669363}
{"samples": 5392, "accuracy": 0.8877285136501516, "std": 0.007531125250335802, "lower_bound": 0.872093023255814, "upper_bound": 0.9029322548028311}
{"samples": 5600, "accuracy": 0.9226435793731043, "std": 0.006068016358419563, "lower_bound": 0.9110085945399393, "upper_bound": 0.9342896865520728}
{"samples": 5808, "accuracy": 0.8855667340748231, "std": 0.00736672541899894, "lower_bound": 0.8710819009100101, "upper_bound": 0.8993933265925177}
{"samples": 6016, "accuracy": 0.8739135490394337, "std": 0.007545266334799296, "lower_bound": 0.8584428715874621, "upper_bound": 0.8887765419615774}
{"samples": 6224, "accuracy": 0.8683928210313447, "std": 0.007721215830276213, "lower_bound": 0.8523761375126391, "upper_bound": 0.8832280080889788}
{"samples": 6432, "accuracy": 0.9179049544994944, "std": 0.006071125475019181, "lower_bound": 0.906458543983822, "upper_bound": 0.9302325581395349}
{"samples": 6640, "accuracy": 0.8779625884732053, "std": 0.007593183802356501, "lower_bound": 0.8629929221435794, "upper_bound": 0.8928210313447927}
{"samples": 6848, "accuracy": 0.8832664307381193, "std": 0.007282622277879976, "lower_bound": 0.8695652173913043, "upper_bound": 0.897876643073812}
{"samples": 7056, "accuracy": 0.903320020222447, "std": 0.0064105617428881646, "lower_bound": 0.8902932254802831, "upper_bound": 0.916582406471183}
{"samples": 7264, "accuracy": 0.8999944388270981, "std": 0.006628816596651219, "lower_bound": 0.887247219413549, "upper_bound": 0.9125379170879676}
{"samples": 7472, "accuracy": 0.8930712841253792, "std": 0.006902344599160895, "lower_bound": 0.8801820020222447, "upper_bound": 0.9064711830131446}
{"samples": 7680, "accuracy": 0.9388195146612741, "std": 0.005490654444173652, "lower_bound": 0.9271991911021233, "upper_bound": 0.9489383215369059}
{"samples": 7888, "accuracy": 0.9122143579373103, "std": 0.006485630674292098, "lower_bound": 0.8998988877654196, "upper_bound": 0.9241658240647118}
{"samples": 8096, "accuracy": 0.8836870576339736, "std": 0.007441175435977968, "lower_bound": 0.8690596562184024, "upper_bound": 0.8988877654196158}
{"samples": 8304, "accuracy": 0.9217654196157734, "std": 0.006116590221424166, "lower_bound": 0.91051567239636, "upper_bound": 0.9342770475227502}
{"samples": 8512, "accuracy": 0.9030808897876643, "std": 0.006798990784353805, "lower_bound": 0.8892821031344793, "upper_bound": 0.916076845298281}
{"samples": 8720, "accuracy": 0.8830985844287159, "std": 0.0070777054548395195, "lower_bound": 0.8690596562184024, "upper_bound": 0.89737108190091}
{"samples": 8928, "accuracy": 0.9566071789686552, "std": 0.004580854022740252, "lower_bound": 0.9474216380182002, "upper_bound": 0.9656218402426694}
{"samples": 9136, "accuracy": 0.8898746208291203, "std": 0.0070452886426419755, "lower_bound": 0.8761375126390293, "upper_bound": 0.9039433771486349}
{"samples": 9344, "accuracy": 0.901566734074823, "std": 0.006490736049164894, "lower_bound": 0.8892694641051567, "upper_bound": 0.9140546006066734}
{"samples": 9552, "accuracy": 0.920932254802831, "std": 0.005932220937805056, "lower_bound": 0.9099974721941354, "upper_bound": 0.9327603640040445}
{"samples": 9760, "accuracy": 0.9520419615773508, "std": 0.004896632803605263, "lower_bound": 0.942366026289181, "upper_bound": 0.961577350859454}
{"samples": 9968, "accuracy": 0.9025116279069767, "std": 0.006603290372663643, "lower_bound": 0.8897876643073812, "upper_bound": 0.9150657229524772}
{"samples": 10176, "accuracy": 0.9065303336703742, "std": 0.006271471800428894, "lower_bound": 0.8938321536905965, "upper_bound": 0.9191102123356926}
{"samples": 10384, "accuracy": 0.902633973710819, "std": 0.006746162144949134, "lower_bound": 0.8887765419615774, "upper_bound": 0.9150657229524772}
{"samples": 10592, "accuracy": 0.915149140546006, "std": 0.006179681971520826, "lower_bound": 0.9024266936299292, "upper_bound": 0.9261880687563195}
{"samples": 10800, "accuracy": 0.9220970677451972, "std": 0.005997914687669343, "lower_bound": 0.9099974721941354, "upper_bound": 0.9337714863498483}
{"samples": 11008, "accuracy": 0.9290561172901921, "std": 0.005589551432032707, "lower_bound": 0.9180990899898888, "upper_bound": 0.9398382204246714}
{"samples": 11216, "accuracy": 0.9377694641051566, "std": 0.0055260295955251336, "lower_bound": 0.9266936299292214,