{
    "accuracy": 0.9582751004016065,
    "precision": 0.9392814548948345,
    "recall": 0.9799978028005868,
    "f1_score": 0.9591884998027549,
    "fp_rate": 0.06349527558810235,
    "tp_rate": 0.9799978028005868,
    "std_accuracy": 0.004558900310289823,
    "std_precision": 0.007506305723686389,
    "std_recall": 0.004373919768584507,
    "std_f1_score": 0.004531738661042196,
    "std_fp_rate": 0.007862009180849568,
    "std_tp_rate": 0.004373919768584507,
    "TP": 977.165,
    "TN": 931.719,
    "FP": 63.171,
    "FN": 19.945,
    "roc_auc": 0.9934335736520379,
    "fpr_at_thresholds": [
        0.0,
        0.0,
        0.0,
        0.001004016064257028,
        0.001004016064257028,
        0.002008032128514056,
        0.002008032128514056,
        0.0030120481927710845,
        0.0030120481927710845,
        0.004016064257028112,
        0.004016064257028112,
        0.0050200803212851405,
        0.0050200803212851405,
        0.006024096385542169,
        0.006024096385542169,
        0.007028112449799197,
        0.007028112449799197,
        0.008032128514056224,
        0.008032128514056224,
        0.009036144578313253,
        0.009036144578313253,
        0.01104417670682731,
        0.01104417670682731,
        0.012048192771084338,
        0.012048192771084338,
        0.013052208835341365,
        0.013052208835341365,
        0.014056224899598393,
        0.014056224899598393,
        0.015060240963855422,
        0.015060240963855422,
        0.01606425702811245,
        0.01606425702811245,
        0.01706827309236948,
        0.01706827309236948,
        0.018072289156626505,
        0.018072289156626505,
        0.019076305220883535,
        0.019076305220883535,
        0.020080321285140562,
        0.020080321285140562,
        0.02108433734939759,
        0.02108433734939759,
        0.023092369477911646,
        0.023092369477911646,
        0.025100401606425703,
        0.025100401606425703,
        0.02610441767068273,
        0.02610441767068273,
        0.028112449799196786,
        0.028112449799196786,
        0.029116465863453816,
        0.029116465863453816,
        0.030120481927710843,
        0.030120481927710843,
        0.03112449799196787,
        0.03112449799196787,
        0.0321285140562249,
        0.0321285140562249,
        0.03313253012048193,
        0.03313253012048193,
        0.03614457831325301,
        0.03614457831325301,
        0.03714859437751004,
        0.03714859437751004,
        0.03815261044176707,
        0.03815261044176707,
        0.0391566265060241,
        0.0391566265060241,
        0.040160642570281124,
        0.040160642570281124,
        0.04216867469879518,
        0.04216867469879518,
        0.04417670682730924,
        0.04417670682730924,
        0.04919678714859438,
        0.04919678714859438,
        0.050200803212851405,
        0.050200803212851405,
        0.055220883534136546,
        0.055220883534136546,
        0.0572289156626506,
        0.0572289156626506,
        0.05823293172690763,
        0.05823293172690763,
        0.05923694779116466,
        0.05923694779116466,
        0.06124497991967871,
        0.06124497991967871,
        0.06325301204819277,
        0.06325301204819277,
        0.06626506024096386,
        0.06626506024096386,
        0.07028112449799197,
        0.07028112449799197,
        0.07931726907630522,
        0.07931726907630522,
        0.08032128514056225,
        0.08032128514056225,
        0.08333333333333333,
        0.08333333333333333,
        0.09538152610441768,
        0.09538152610441768,
        0.09939759036144578,
        0.09939759036144578,
        0.1144578313253012,
        0.1144578313253012,
        0.11546184738955824,
        0.11546184738955824,
        0.14156626506024098,
        0.14156626506024098,
        0.14558232931726908,
        0.14558232931726908,
        0.1495983935742972,
        0.1495983935742972,
        0.18674698795180722,
        0.18674698795180722,
        0.20281124497991967,
        0.20281124497991967,
        0.20783132530120482,
        0.20783132530120482,
        0.22590361445783133,
        0.22590361445783133,
        0.22690763052208834,
        0.22690763052208834,
        0.2891566265060241,
        0.2891566265060241,
        1.0
    ],
    "tpr_at_thresholds": [
        0.0,
        0.001004016064257028,
        0.35040160642570284,
        0.35040160642570284,
        0.536144578313253,
        0.536144578313253,
        0.6485943775100401,
        0.6485943775100401,
        0.7670682730923695,
        0.7670682730923695,
        0.7831325301204819,
        0.7831325301204819,
        0.8353413654618473,
        0.8353413654618473,
        0.8363453815261044,
        0.8363453815261044,
        0.8644578313253012,
        0.8644578313253012,
        0.892570281124498,
        0.892570281124498,
        0.8985943775100401,
        0.8985943775100401,
        0.9036144578313253,
        0.9036144578313253,
        0.9046184738955824,
        0.9046184738955824,
        0.9086345381526104,
        0.9086345381526104,
        0.9126506024096386,
        0.9126506024096386,
        0.9166666666666666,
        0.9166666666666666,
        0.9186746987951807,
        0.9186746987951807,
        0.9196787148594378,
        0.9196787148594378,
        0.9226907630522089,
        0.9226907630522089,
        0.9246987951807228,
        0.9246987951807228,
        0.928714859437751,
        0.928714859437751,
        0.9347389558232931,
        0.9347389558232931,
        0.9357429718875502,
        0.9357429718875502,
        0.9367469879518072,
        0.9367469879518072,
        0.9437751004016064,
        0.9437751004016064,
        0.9447791164658634,
        0.9447791164658634,
        0.9548192771084337,
        0.9548192771084337,
        0.9558232931726908,
        0.9558232931726908,
        0.9568273092369478,
        0.9568273092369478,
        0.9578313253012049,
        0.9578313253012049,
        0.9608433734939759,
        0.9608433734939759,
        0.9618473895582329,
        0.9618473895582329,
        0.9628514056224899,
        0.9628514056224899,
        0.963855421686747,
        0.963855421686747,
        0.9658634538152611,
        0.9658634538152611,
        0.9678714859437751,
        0.9678714859437751,
        0.9688755020080321,
        0.9688755020080321,
        0.9698795180722891,
        0.9698795180722891,
        0.9708835341365462,
        0.9708835341365462,
        0.9728915662650602,
        0.9728915662650602,
        0.9738955823293173,
        0.9738955823293173,
        0.9759036144578314,
        0.9759036144578314,
        0.9779116465863453,
        0.9779116465863453,
        0.9789156626506024,
        0.9789156626506024,
        0.9799196787148594,
        0.9799196787148594,
        0.9809236947791165,
        0.9809236947791165,
        0.9819277108433735,
        0.9819277108433735,
        0.9829317269076305,
        0.9829317269076305,
        0.9839357429718876,
        0.9839357429718876,
        0.9849397590361446,
        0.9849397590361446,
        0.9869477911646586,
        0.9869477911646586,
        0.9879518072289156,
        0.9879518072289156,
        0.9889558232931727,
        0.9889558232931727,
        0.9899598393574297,
        0.9899598393574297,
        0.9909638554216867,
        0.9909638554216867,
        0.9919678714859438,
        0.9919678714859438,
        0.9929718875502008,
        0.9929718875502008,
        0.9939759036144579,
        0.9939759036144579,
        0.9949799196787149,
        0.9949799196787149,
        0.9959839357429718,
        0.9959839357429718,
        0.9969879518072289,
        0.9969879518072289,
        0.9979919678714859,
        0.9979919678714859,
        0.998995983935743,
        0.998995983935743,
        1.0,
        1.0
    ],