{
    "accuracy": 0.915460953346856,
    "precision": 0.9341128785382695,
    "recall": 0.8940255199118394,
    "f1_score": 0.9135903654493613,
    "fp_rate": 0.06309864249493445,
    "tp_rate": 0.8940255199118394,
    "std_accuracy": 0.006314832776871276,
    "std_precision": 0.00814907383364911,
    "std_recall": 0.009687831699007913,
    "std_f1_score": 0.006728044013102366,
    "std_fp_rate": 0.007874283720203167,
    "std_tp_rate": 0.009687831699007913,
    "TP": 881.74,
    "TN": 923.549,
    "FP": 62.199,
    "FN": 104.512,
    "roc_auc": 0.9767721735123369,
    "fpr_at_thresholds": [
        0.0,
        0.0,
        0.0,
        0.0010141987829614604,
        0.0010141987829614604,
        0.002028397565922921,
        0.002028397565922921,
        0.0030425963488843813,
        0.0030425963488843813,
        0.004056795131845842,
        0.004056795131845842,
        0.005070993914807302,
        0.005070993914807302,
        0.006085192697768763,
        0.006085192697768763,
        0.007099391480730223,
        0.007099391480730223,
        0.008113590263691683,
        0.008113590263691683,
        0.009127789046653144,
        0.009127789046653144,
        0.010141987829614604,
        0.010141987829614604,
        0.011156186612576065,
        0.011156186612576065,
        0.012170385395537525,
        0.012170385395537525,
        0.013184584178498986,
        0.013184584178498986,
        0.014198782961460446,
        0.014198782961460446,
        0.016227180527383367,
        0.016227180527383367,
        0.017241379310344827,
        0.017241379310344827,
        0.018255578093306288,
        0.018255578093306288,
        0.019269776876267748,
        0.019269776876267748,
        0.02028397565922921,
        0.02028397565922921,
        0.02129817444219067,
        0.02129817444219067,
        0.02231237322515213,
        0.02231237322515213,
        0.02332657200811359,
        0.02332657200811359,
        0.02434077079107505,
        0.02434077079107505,
        0.02535496957403651,
        0.02535496957403651,
        0.02636916835699797,
        0.02636916835699797,
        0.02738336713995943,
        0.02738336713995943,
        0.028397565922920892,
        0.028397565922920892,
        0.030425963488843813,
        0.030425963488843813,
        0.032454361054766734,
        0.032454361054766734,
        0.036511156186612576,
        0.036511156186612576,
        0.037525354969574036,
        0.037525354969574036,
        0.038539553752535496,
        0.038539553752535496,
        0.03955375253549696,
        0.03955375253549696,
        0.04056795131845842,
        0.04056795131845842,
        0.04158215010141988,
        0.04158215010141988,
        0.04259634888438134,
        0.04259634888438134,
        0.0436105476673428,
        0.0436105476673428,
        0.04563894523326572,
        0.04563894523326572,
        0.04665314401622718,
        0.04665314401622718,
        0.04766734279918864,
        0.04766734279918864,
        0.0486815415821501,
        0.0486815415821501,
        0.04969574036511156,
        0.04969574036511156,
        0.05476673427991886,
        0.05476673427991886,
        0.055780933062880324,
        0.055780933062880324,
        0.056795131845841784,
        0.056795131845841784,
        0.057809330628803245,
        0.057809330628803245,
        0.058823529411764705,
        0.058823529411764705,
        0.059837728194726165,
        0.059837728194726165,
        0.060851926977687626,
        0.060851926977687626,
        0.06288032454361055,
        0.06288032454361055,
        0.06389452332657201,
        0.06389452332657201,
        0.06490872210953347,
        0.06490872210953347,
        0.06693711967545639,
        0.06693711967545639,
        0.06997971602434078,
        0.06997971602434078,
        0.0720081135902637,
        0.0720081135902637,
        0.07505070993914807,
        0.07505070993914807,
        0.07606490872210954,
        0.07606490872210954,
        0.07707910750507099,
        0.07707910750507099,
        0.07910750507099391,
        0.07910750507099391,
        0.08012170385395538,
        0.08012170385395538,
        0.08417849898580122,
        0.08417849898580122,
        0.08519269776876268,
        0.08519269776876268,
        0.0872210953346856,
        0.0872210953346856,
        0.09026369168356999,
        0.09026369168356999,
        0.09127789046653144,
        0.09127789046653144,
        0.09330628803245436,
        0.09330628803245436,
        0.09837728194726167,
        0.09837728194726167,
        0.10344827586206896,
        0.10344827586206896,
        0.10446247464503043,
        0.10446247464503043,
        0.1075050709939148,
        0.1075050709939148,
        0.1105476673427992,
        0.1105476673427992,
        0.11359026369168357,
        0.11359026369168357,
        0.11663286004056796,
        0.11663286004056796,
        0.11764705882352941,
        0.11764705882352941,
        0.12373225152129817,
        0.12373225152129817,
        0.1257606490872211,
        0.1257606490872211,
        0.1308316430020284,
        0.1308316430020284,
        0.1328600405679513,
        0.1328600405679513,
        0.13387423935091278,
        0.13387423935091278,
        0.1460446247464503,
        0.1460446247464503,
        0.14908722109533468,
        0.14908722109533468,
        0.15010141987829614,
        0.15010141987829614,
        0.1511156186612576,
        0.1511156186612576,
        0.1592292089249493,
        0.1592292089249493,
        0.16531440162271804,
        0.16531440162271804,
        0.16835699797160245,
        0.16835699797160245,
        0.18052738336713997,
        0.18052738336713997,
        0.1815415821501014,
        0.1815415821501014,
        0.18255578093306288,
        0.18255578093306288,
        0.1845841784989858,
        0.1845841784989858,
        0.18559837728194725,
        0.18559837728194725,
        0.18661257606490872,
        0.18661257606490872,
        0.19066937119675456,
        0.19066937119675456,
        0.19675456389452334,
        0.19675456389452334,
        0.20385395537525355,
        0.20385395537525355,
        0.22616632860040567,
        0.22616632860040567,
        0.2535496957403651,
        0.2535496957403651,
        0.25862068965517243,
        0.25862068965517243,
        0.2606490872210953,
        0.2606490872210953,
        0.27586206896551724,
        0.27586206896551724,
        0.2778904665314402,
        0.2778904665314402,
        0.2971602434077079,
        0.2971602434077079,
        0.3022312373225152,
        0.3022312373225152,
        0.3184584178498986,
        0.3184584178498986,
        0.3539553752535497,
        0.3539553752535497,
        0.36815415821501013,
        0.36815415821501013,
        0.37322515212981744,
        0.37322515212981744,
        0.38336713995943206,
        0.38336713995943206,
        0.4249492900608519,
        0.4249492900608519,
        0.6156186612576064,
        0.6156186612576064,
        0.6703853955375254,
        0.6703853955375254,
        1.0
    ],