{
    "accuracy": 0.9392747314867156,
    "precision": 0.94287761788842,
    "recall": 0.9352876565401225,
    "f1_score": 0.9390356997750668,
    "fp_rate": 0.05674304118393074,
    "tp_rate": 0.9352876565401225,
    "std_accuracy": 0.005530849243454289,
    "std_precision": 0.007781281891657393,
    "std_recall": 0.007960271648582817,
    "std_f1_score": 0.005687496151673544,
    "std_fp_rate": 0.007825607653894267,
    "std_tp_rate": 0.007960271648582817,
    "TP": 827.737,
    "TN": 833.84,
    "FP": 50.153,
    "FN": 57.27,
    "roc_auc": 0.9855408134570647,
    "fpr_at_thresholds": [
        0.0,
        0.0,
        0.0,
        0.0011312217194570137,
        0.0011312217194570137,
        0.0022624434389140274,
        0.0022624434389140274,
        0.003393665158371041,
        0.003393665158371041,
        0.004524886877828055,
        0.004524886877828055,
        0.005656108597285068,
        0.005656108597285068,
        0.006787330316742082,
        0.006787330316742082,
        0.00904977375565611,
        0.00904977375565611,
        0.010180995475113122,
        0.010180995475113122,
        0.011312217194570135,
        0.011312217194570135,
        0.012443438914027148,
        0.012443438914027148,
        0.013574660633484163,
        0.013574660633484163,
        0.014705882352941176,
        0.014705882352941176,
        0.01583710407239819,
        0.01583710407239819,
        0.016968325791855202,
        0.016968325791855202,
        0.01809954751131222,
        0.01809954751131222,
        0.019230769230769232,
        0.019230769230769232,
        0.020361990950226245,
        0.020361990950226245,
        0.021493212669683258,
        0.021493212669683258,
        0.02262443438914027,
        0.02262443438914027,
        0.023755656108597284,
        0.023755656108597284,
        0.024886877828054297,
        0.024886877828054297,
        0.026018099547511313,
        0.026018099547511313,
        0.030542986425339366,
        0.030542986425339366,
        0.032805429864253395,
        0.032805429864253395,
        0.033936651583710405,
        0.033936651583710405,
        0.03506787330316742,
        0.03506787330316742,
        0.03619909502262444,
        0.03619909502262444,
        0.038461538461538464,
        0.038461538461538464,
        0.03959276018099547,
        0.03959276018099547,
        0.0418552036199095,
        0.0418552036199095,
        0.042986425339366516,
        0.042986425339366516,
        0.04411764705882353,
        0.04411764705882353,
        0.04638009049773756,
        0.04638009049773756,
        0.048642533936651584,
        0.048642533936651584,
        0.049773755656108594,
        0.049773755656108594,
        0.05090497737556561,
        0.05090497737556561,
        0.05203619909502263,
        0.05203619909502263,
        0.05542986425339366,
        0.05542986425339366,
        0.057692307692307696,
        0.057692307692307696,
        0.05995475113122172,
        0.05995475113122172,
        0.06108597285067873,
        0.06108597285067873,
        0.06787330316742081,
        0.06787330316742081,
        0.06900452488687783,
        0.06900452488687783,
        0.07013574660633484,
        0.07013574660633484,
        0.07239819004524888,
        0.07239819004524888,
        0.0746606334841629,
        0.0746606334841629,
        0.07918552036199095,
        0.07918552036199095,
        0.08031674208144797,
        0.08031674208144797,
        0.08144796380090498,
        0.08144796380090498,
        0.083710407239819,
        0.083710407239819,
        0.08484162895927602,
        0.08484162895927602,
        0.08710407239819004,
        0.08710407239819004,
        0.08936651583710407,
        0.08936651583710407,
        0.09502262443438914,
        0.09502262443438914,
        0.09615384615384616,
        0.09615384615384616,
        0.09728506787330317,
        0.09728506787330317,
        0.10067873303167421,
        0.10067873303167421,
        0.10294117647058823,
        0.10294117647058823,
        0.1085972850678733,
        0.1085972850678733,
        0.11425339366515837,
        0.11425339366515837,
        0.1165158371040724,
        0.1165158371040724,
        0.12217194570135746,
        0.12217194570135746,
        0.12782805429864252,
        0.12782805429864252,
        0.12895927601809956,
        0.12895927601809956,
        0.1323529411764706,
        0.1323529411764706,
        0.13914027149321267,
        0.13914027149321267,
        0.1414027149321267,
        0.1414027149321267,
        0.16402714932126697,
        0.16402714932126697,
        0.16515837104072398,
        0.16515837104072398,
        0.16855203619909503,
        0.16855203619909503,
        0.1753393665158371,
        0.1753393665158371,
        0.17760180995475114,
        0.17760180995475114,
        0.18665158371040724,
        0.18665158371040724,
        0.21380090497737556,
        0.21380090497737556,
        0.22058823529411764,
        0.22058823529411764,
        0.2409502262443439,
        0.2409502262443439,
        0.252262443438914,
        0.252262443438914,
        0.3009049773755656,
        0.3009049773755656,
        0.3404977375565611,
        0.3404977375565611,
        0.46945701357466063,
        0.46945701357466063,
        0.4819004524886878,
        0.4819004524886878,
        1.0
    ],