{
    "accuracy": 0.9562494979919679,
    "precision": 0.9399802326367888,
    "recall": 0.9748481225898242,
    "f1_score": 0.9570753887910708,
    "fp_rate": 0.062387916094390976,
    "tp_rate": 0.9748481225898242,
    "std_accuracy": 0.004487182416777236,
    "std_precision": 0.007507244356944975,
    "std_recall": 0.004772272572974259,
    "std_f1_score": 0.004486102584101395,
    "std_fp_rate": 0.007806262460434853,
    "std_tp_rate": 0.004772272572974259,
    "TP": 972.03,
    "TN": 932.819,
    "FP": 62.071,
    "FN": 25.08,
    "roc_auc": 0.9926231028531798,
    "fpr_at_thresholds": [
        0.0,
        0.0,
        0.0,
        0.001004016064257028,
        0.001004016064257028,
        0.002008032128514056,
        0.002008032128514056,
        0.0030120481927710845,
        0.0030120481927710845,
        0.004016064257028112,
        0.004016064257028112,
        0.006024096385542169,
        0.006024096385542169,
        0.007028112449799197,
        0.007028112449799197,
        0.008032128514056224,
        0.008032128514056224,
        0.010040160642570281,
        0.010040160642570281,
        0.01104417670682731,
        0.01104417670682731,
        0.012048192771084338,
        0.012048192771084338,
        0.014056224899598393,
        0.014056224899598393,
        0.01606425702811245,
        0.01606425702811245,
        0.01706827309236948,
        0.01706827309236948,
        0.018072289156626505,
        0.018072289156626505,
        0.019076305220883535,
        0.019076305220883535,
        0.020080321285140562,
        0.020080321285140562,
        0.023092369477911646,
        0.023092369477911646,
        0.024096385542168676,
        0.024096385542168676,
        0.025100401606425703,
        0.025100401606425703,
        0.02610441767068273,
        0.02610441767068273,
        0.02710843373493976,
        0.02710843373493976,
        0.028112449799196786,
        0.028112449799196786,
        0.030120481927710843,
        0.030120481927710843,
        0.0321285140562249,
        0.0321285140562249,
        0.03614457831325301,
        0.03614457831325301,
        0.03815261044176707,
        0.03815261044176707,
        0.0391566265060241,
        0.0391566265060241,
        0.04216867469879518,
        0.04216867469879518,
        0.04618473895582329,
        0.04618473895582329,
        0.05321285140562249,
        0.05321285140562249,
        0.05421686746987952,
        0.05421686746987952,
        0.05622489959839357,
        0.05622489959839357,
        0.0572289156626506,
        0.0572289156626506,
        0.05823293172690763,
        0.05823293172690763,
        0.060240963855421686,
        0.060240963855421686,
        0.0642570281124498,
        0.0642570281124498,
        0.07028112449799197,
        0.07028112449799197,
        0.07228915662650602,
        0.07228915662650602,
        0.07429718875502007,
        0.07429718875502007,
        0.07530120481927711,
        0.07530120481927711,
        0.07931726907630522,
        0.07931726907630522,
        0.08032128514056225,
        0.08032128514056225,
        0.08433734939759036,
        0.08433734939759036,
        0.09036144578313253,
        0.09036144578313253,
        0.09136546184738956,
        0.09136546184738956,
        0.09538152610441768,
        0.09538152610441768,
        0.09939759036144578,
        0.09939759036144578,
        0.10140562248995984,
        0.10140562248995984,
        0.10341365461847389,
        0.10341365461847389,
        0.1355421686746988,
        0.1355421686746988,
        0.17670682730923695,
        0.17670682730923695,
        0.1897590361445783,
        0.1897590361445783,
        0.19477911646586346,
        0.19477911646586346,
        0.20180722891566266,
        0.20180722891566266,
        0.25301204819277107,
        0.25301204819277107,
        0.7168674698795181,
        0.7168674698795181,
        1.0
    ],
    "tpr_at_thresholds": [
        0.0,
        0.001004016064257028,
        0.1686746987951807,
        0.1686746987951807,
        0.39357429718875503,
        0.39357429718875503,
        0.7168674698795181,
        0.7168674698795181,
        0.7409638554216867,
        0.7409638554216867,
        0.8092369477911646,
        0.8092369477911646,
        0.8463855421686747,
        0.8463855421686747,
        0.8825301204819277,
        0.8825301204819277,
        0.8955823293172691,
        0.8955823293172691,
        0.8995983935742972,
        0.8995983935742972,
        0.9006024096385542,
        0.9006024096385542,
        0.9076305220883534,
        0.9076305220883534,
        0.9096385542168675,
        0.9096385542168675,
        0.9126506024096386,
        0.9126506024096386,
        0.9216867469879518,
        0.9216867469879518,
        0.9236947791164659,
        0.9236947791164659,
        0.928714859437751,
        0.928714859437751,
        0.9337349397590361,
        0.9337349397590361,
        0.9357429718875502,
        0.9357429718875502,
        0.9367469879518072,
        0.9367469879518072,
        0.9417670682730924,
        0.9417670682730924,
        0.9427710843373494,
        0.9427710843373494,
        0.9457831325301205,
        0.9457831325301205,
        0.9518072289156626,
        0.9518072289156626,
        0.9548192771084337,
        0.9548192771084337,
        0.9558232931726908,
        0.9558232931726908,
        0.9568273092369478,
        0.9568273092369478,
        0.9608433734939759,
        0.9608433734939759,
        0.9628514056224899,
        0.9628514056224899,
        0.963855421686747,
        0.963855421686747,
        0.9658634538152611,
        0.9658634538152611,
        0.9668674698795181,
        0.9668674698795181,
        0.9688755020080321,
        0.9688755020080321,
        0.9698795180722891,
        0.9698795180722891,
        0.9728915662650602,
        0.9728915662650602,
        0.9738955823293173,
        0.9738955823293173,
        0.9759036144578314,
        0.9759036144578314,
        0.9769076305220884,
        0.9769076305220884,
        0.9779116465863453,
        0.9779116465863453,
        0.9789156626506024,
        0.9789156626506024,
        0.9819277108433735,
        0.9819277108433735,
        0.9829317269076305,
        0.9829317269076305,
        0.9839357429718876,
        0.9839357429718876,
        0.9849397590361446,
        0.9849397590361446,
        0.9859437751004017,
        0.9859437751004017,
        0.9869477911646586,
        0.9869477911646586,
        0.9879518072289156,
        0.9879518072289156,
        0.9889558232931727,
        0.9889558232931727,
        0.9899598393574297,
        0.9899598393574297,
        0.9909638554216867,
        0.9909638554216867,
        0.9919678714859438,
        0.9919678714859438,
        0.9929718875502008,
        0.9929718875502008,
        0.9939759036144579,
        0.9939759036144579,
        0.9959839357429718,
        0.9959839357429718,
        0.9969879518072289,
        0.9969879518072289,
        0.9979919678714859,
        0.9979919678714859,
        0.998995983935743,
        0.998995983935743,
        1.0,
        1.0
    ],