{
    "accuracy": 0.955218875502008,
    "precision": 0.9398894363427324,
    "recall": 0.9727462232058104,
    "f1_score": 0.9560161787386356,
    "fp_rate": 0.06234795750541135,
    "tp_rate": 0.9727462232058104,
    "std_accuracy": 0.004673324971673408,
    "std_precision": 0.007410049799791493,
    "std_recall": 0.004973568757289401,
    "std_f1_score": 0.00470079156796724,
    "std_fp_rate": 0.007637063300281691,
    "std_tp_rate": 0.004973568757289401,
    "TP": 969.937,
    "TN": 932.859,
    "FP": 62.031,
    "FN": 27.173,
    "roc_auc": 0.991721907711166,
    "fpr_at_thresholds": [
        0.0,
        0.0,
        0.0,
        0.001004016064257028,
        0.001004016064257028,
        0.002008032128514056,
        0.002008032128514056,
        0.0030120481927710845,
        0.0030120481927710845,
        0.004016064257028112,
        0.004016064257028112,
        0.0050200803212851405,
        0.0050200803212851405,
        0.006024096385542169,
        0.006024096385542169,
        0.007028112449799197,
        0.007028112449799197,
        0.008032128514056224,
        0.008032128514056224,
        0.010040160642570281,
        0.010040160642570281,
        0.01104417670682731,
        0.01104417670682731,
        0.012048192771084338,
        0.012048192771084338,
        0.013052208835341365,
        0.013052208835341365,
        0.014056224899598393,
        0.014056224899598393,
        0.015060240963855422,
        0.015060240963855422,
        0.01706827309236948,
        0.01706827309236948,
        0.018072289156626505,
        0.018072289156626505,
        0.019076305220883535,
        0.019076305220883535,
        0.020080321285140562,
        0.020080321285140562,
        0.02108433734939759,
        0.02108433734939759,
        0.02208835341365462,
        0.02208835341365462,
        0.023092369477911646,
        0.023092369477911646,
        0.024096385542168676,
        0.024096385542168676,
        0.025100401606425703,
        0.025100401606425703,
        0.02610441767068273,
        0.02610441767068273,
        0.02710843373493976,
        0.02710843373493976,
        0.028112449799196786,
        0.028112449799196786,
        0.030120481927710843,
        0.030120481927710843,
        0.0321285140562249,
        0.0321285140562249,
        0.03413654618473896,
        0.03413654618473896,
        0.03614457831325301,
        0.03614457831325301,
        0.03714859437751004,
        0.03714859437751004,
        0.03815261044176707,
        0.03815261044176707,
        0.0391566265060241,
        0.0391566265060241,
        0.04216867469879518,
        0.04216867469879518,
        0.04718875502008032,
        0.04718875502008032,
        0.04819277108433735,
        0.04819277108433735,
        0.05120481927710843,
        0.05120481927710843,
        0.05321285140562249,
        0.05321285140562249,
        0.05421686746987952,
        0.05421686746987952,
        0.055220883534136546,
        0.055220883534136546,
        0.05622489959839357,
        0.05622489959839357,
        0.0572289156626506,
        0.0572289156626506,
        0.05823293172690763,
        0.05823293172690763,
        0.060240963855421686,
        0.060240963855421686,
        0.06325301204819277,
        0.06325301204819277,
        0.071285140562249,
        0.071285140562249,
        0.07228915662650602,
        0.07228915662650602,
        0.07530120481927711,
        0.07530120481927711,
        0.07931726907630522,
        0.07931726907630522,
        0.08032128514056225,
        0.08032128514056225,
        0.08333333333333333,
        0.08333333333333333,
        0.08433734939759036,
        0.08433734939759036,
        0.08634538152610442,
        0.08634538152610442,
        0.09036144578313253,
        0.09036144578313253,
        0.09839357429718876,
        0.09839357429718876,
        0.09939759036144578,
        0.09939759036144578,
        0.10140562248995984,
        0.10140562248995984,
        0.10240963855421686,
        0.10240963855421686,
        0.11947791164658635,
        0.11947791164658635,
        0.12248995983935743,
        0.12248995983935743,
        0.1285140562248996,
        0.1285140562248996,
        0.13453815261044177,
        0.13453815261044177,
        0.142570281124498,
        0.142570281124498,
        0.14558232931726908,
        0.14558232931726908,
        0.1636546184738956,
        0.1636546184738956,
        0.3002008032128514,
        0.3002008032128514,
        0.34036144578313254,
        0.34036144578313254,
        0.34839357429718876,
        0.34839357429718876,
        1.0
    ],