{
    "accuracy": 0.9480599999999999,
    "precision": 0.9569839626890291,
    "recall": 0.9385034935517025,
    "f1_score": 0.9475851057452648,
    "fp_rate": 0.04235575099800981,
    "tp_rate": 0.9385034935517025,
    "std_accuracy": 0.007980974599355367,
    "std_precision": 0.010928043577851996,
    "std_recall": 0.01211459983956146,
    "std_f1_score": 0.008297148654192102,
    "std_fp_rate": 0.010756811395646871,
    "std_tp_rate": 0.01211459983956146,
    "TP": 352.615,
    "TN": 358.43,
    "FP": 15.854,
    "FN": 23.101,
    "roc_auc": 0.9892480000000001,
    "fpr_at_thresholds": [
        0.0,
        0.0,
        0.0,
        0.0026666666666666666,
        0.0026666666666666666,
        0.010666666666666666,
        0.010666666666666666,
        0.018666666666666668,
        0.018666666666666668,
        0.02666666666666667,
        0.02666666666666667,
        0.034666666666666665,
        0.034666666666666665,
        0.042666666666666665,
        0.042666666666666665,
        0.050666666666666665,
        0.050666666666666665,
        0.06666666666666667,
        0.06666666666666667,
        0.08266666666666667,
        0.08266666666666667,
        0.13066666666666665,
        0.13066666666666665,
        0.13333333333333333,
        0.13333333333333333,
        0.18933333333333333,
        0.18933333333333333,
        0.192,
        0.208,
        0.208,
        0.264,
        0.2693333333333333,
        0.30933333333333335,
        0.30933333333333335,
        0.3333333333333333,
        0.3333333333333333,
        0.4053333333333333,
        0.4106666666666667,
        0.4266666666666667,
        0.432,
        0.44,
        0.44533333333333336,
        0.4693333333333333,
        0.4746666666666667,
        0.5706666666666667,
        0.576,
        0.6,
        0.6053333333333333,
        0.6133333333333333,
        0.616,
        0.656,
        0.6586666666666666,
        0.7466666666666667,
        0.752,
        0.936,
        0.9413333333333334,
        0.944,
        0.9493333333333334,
        0.9573333333333334,
        0.9626666666666667,
        0.9946666666666667,
        1.0
    ],
    "tpr_at_thresholds": [
        0.0,
        0.0026666666666666666,
        0.52,
        0.52,
        0.8133333333333334,
        0.8133333333333334,
        0.8186666666666667,
        0.8186666666666667,
        0.8773333333333333,
        0.8773333333333333,
        0.912,
        0.912,
        0.9146666666666666,
        0.9146666666666666,
        0.9386666666666666,
        0.9386666666666666,
        0.9626666666666667,
        0.9626666666666667,
        0.968,
        0.968,
        0.976,
        0.976,
        0.9786666666666667,
        0.9786666666666667,
        0.9893333333333333,
        0.9893333333333333,
        0.992,
        0.992,
        0.992,
        0.9946666666666667,
        0.9946666666666667,
        0.9946666666666667,
        0.9946666666666667,
        0.9973333333333333,
        0.9973333333333333,
        1.0,
        1.0,
        1.0,
        1.0,
        1.0,
        1.0,
        1.0,
        1.0,
        1.0,
        1.0,
        1.0,
        1.0,
        1.0,
        1.0,
        1.0,
        1.0,
        1.0,
        1.0,
        1.0,
        1.0,
        1.0,
        1.0,
        1.0,
        1.0,
        1.0,
        1.0,
        1.0
    ],
    "thresholds": [
        Infinity,
        3.6827709674835205,
        2.1536805629730225,
        2.1423091888427734,
        1.1432052850723267,
        1.1100337505340576,
        1.0700156688690186,
        1.0693635940551758,
        0.6162930130958557,
        0.5906565189361572,
        0.11655370146036148,
        0.10475846379995346,
        0.09012314677238464,
        0.08843443542718887,
        -0.2490168660879135,
        -0.3990408778190613,
        -0.8389309644699097,
        -0.9443330764770508,
        -1.0311914682388306,
        -1.0419548749923706,
        -1.166436791419983,
        -1.5528721809387207,
        -1.5599091053009033,
        -1.5703562498092651,
        -1.6751494407653809,
        -2.0295298099517822,
        -2.0341453552246094,
        -2.1153147220611572,
        -2.1308207511901855,
        -2.1476104259490967,
        -2.2676987648010254,
        -2.2937381267547607,
        -2.409943103790283,
        -2.438448429107666,
        -2.4774956703186035,
        -2.4832851886749268,
        -2.6476125717163086,
        -2.650973320007324,
        -2.6591763496398926,
        -2.663705825805664,
        -2.677478551864624,
        -2.6828386783599854,
        -2.6946427822113037,
        -2.7232882976531982,
        -2.841261148452759,
        -2.8529574871063232,
        -2.8659303188323975,
        -2.8676705360412598,
        -2.8680622577667236,
        -2.870091676712036,
        -2.8940353393554688,
        -2.8970084190368652,
        -3.0093560218811035,
        -3.0106003284454346,
        -3.2381608486175537,
        -3.239924430847168,
        -3.244459867477417,
        -3.256287097930908,
        -3.263313055038452,
        -3.265543222427368,
        -3.3271591663360596,
        -3.4013352394104004
    ]
}