{"samples": 480, "accuracy": 0.6451779918864097, "std": 0.010532251946615523, "lower_bound": 0.6242266734279919, "upper_bound": 0.6648199797160244}
{"samples": 992, "accuracy": 0.7483767748478701, "std": 0.009529213896203764, "lower_bound": 0.7297033468559837, "upper_bound": 0.7682555780933062}
{"samples": 1504, "accuracy": 0.8038813387423935, "std": 0.009056850270928738, "lower_bound": 0.7870182555780934, "upper_bound": 0.8209939148073022}
{"samples": 2016, "accuracy": 0.7658610547667343, "std": 0.008932447695994994, "lower_bound": 0.7474645030425964, "upper_bound": 0.7829741379310345}
{"samples": 2528, "accuracy": 0.8431227180527384, "std": 0.008145363686557982, "lower_bound": 0.8275862068965517, "upper_bound": 0.8600405679513184}
{"samples": 3040, "accuracy": 0.8354487829614604, "std": 0.00831850106243765, "lower_bound": 0.8189528397565923, "upper_bound": 0.8514198782961461}
{"samples": 3552, "accuracy": 0.8892292089249493, "std": 0.007110835459048181, "lower_bound": 0.875747971602434, "upper_bound": 0.9026369168356998}
{"samples": 4064, "accuracy": 0.8929852941176469, "std": 0.00687054948935999, "lower_bound": 0.8792976673427991, "upper_bound": 0.9056795131845842}
{"samples": 4576, "accuracy": 0.8058184584178499, "std": 0.009008182501164886, "lower_bound": 0.7870182555780934, "upper_bound": 0.8230223123732252}
{"samples": 5088, "accuracy": 0.8972854969574037, "std": 0.0069851204684592905, "lower_bound": 0.8828473630831642, "upper_bound": 0.9102434077079108}
{"samples": 5600, "accuracy": 0.8969153144016228, "std": 0.007026738339166213, "lower_bound": 0.8828600405679513, "upper_bound": 0.9107505070993914}
{"samples": 6112, "accuracy": 0.8757647058823529, "std": 0.007361573166430728, "lower_bound": 0.8610547667342799, "upper_bound": 0.8894523326572008}
{"samples": 6624, "accuracy": 0.8977150101419877, "std": 0.006805409184785918, "lower_bound": 0.8838742393509128, "upper_bound": 0.9102560851926977}
{"samples": 7136, "accuracy": 0.8887525354969573, "std": 0.0072403707231092, "lower_bound": 0.8742393509127789, "upper_bound": 0.902129817444219}
{"samples": 7648, "accuracy": 0.9043661257606491, "std": 0.006596189751179858, "lower_bound": 0.890960953346856, "upper_bound": 0.9173427991886409}
{"samples": 8160, "accuracy": 0.8267200811359027, "std": 0.0081607203671961, "lower_bound": 0.8103321501014198, "upper_bound": 0.8433062880324543}
{"samples": 8672, "accuracy": 0.8085856997971602, "std": 0.009092152642918051, "lower_bound": 0.7915821501014199, "upper_bound": 0.8265720081135902}
{"samples": 9184, "accuracy": 0.8965983772819472, "std": 0.006638927260882879, "lower_bound": 0.8838742393509128, "upper_bound": 0.9107505070993914}
{"samples": 9696, "accuracy": 0.9001541582150102, "std": 0.0065769673648394976, "lower_bound": 0.8874239350912779, "upper_bound": 0.9127789046653144}
{"samples": 10208, "accuracy": 0.8890425963488845, "std": 0.007166538728519241, "lower_bound": 0.8742393509127789, "upper_bound": 0.9026369168356998}
{"samples": 10720, "accuracy": 0.8911419878296145, "std": 0.007337428134341537, "lower_bound": 0.8767748478701826, "upper_bound": 0.9046653144016227}
{"samples": 11232, "accuracy": 0.904450304259635, "std": 0.006738551945399611, "lower_bound": 0.890973630831643, "upper_bound": 0.9168356997971603}
{"samples": 11744, "accuracy": 0.8822555780933062, "std": 0.007237520633732141, "lower_bound": 0.8676343813387424, "upper_bound": 0.8960446247464503}
{"samples": 12256, "accuracy": 0.8547358012170385, "std": 0.007807066118158815, "lower_bound": 0.84026369168357, "upper_bound": 0.8696881338742394}
{"samples": 12768, "accuracy": 0.8900958417849898, "std": 0.007063962579158993, "lower_bound": 0.8762677484787018, "upper_bound": 0.9036511156186613}
{"samples": 13280, "accuracy": 0.8717276876267748, "std": 0.00747641985679941, "lower_bound": 0.856985294117647, "upper_bound": 0.8864097363083164}
{"samples": 13792, "accuracy": 0.8398909736308315, "std": 0.008515356591250212, "lower_bound": 0.8240365111561866, "upper_bound": 0.8559837728194726}
{"samples": 14304, "accuracy": 0.8859310344827586, "std": 0.006889778322742834, "lower_bound": 0.8722109533468559, "upper_bound": 0.898592799188641}
{"samples": 14816, "accuracy": 0.8794558823529413, "std": 0.0072543333991942766, "lower_bound": 0.8656059837728194, "upper_bound": 0.8930020283975659}
{"samples": 15328, "accuracy": 0.8471227180527383, "std": 0.008313667168337632, "lower_bound": 0.8296146044624746, "upper_bound": 0.8635902636916836}
{"samples": 192, "loss": 0.6985179356166294}
{"samples": 416, "loss": 0.6907108851841518}
{"samples": 640, "loss": 0.6823316301618304}
{"samples": 864, "loss": 0.6772548130580357}
{"samples": 1088, "loss": 0.6436407906668526}
{"samples": 1312, "loss": 0.5378808294023786}
{"samples": 1536, "loss": 0.42545043570654734}
{"samples": 1760, "loss": 0.4000239372253418}
{"samples": 1984, "loss": 0.36351380603654043}
{"samples": 2208, "loss": 0.34968274406024386}
{"samples": 2432, "loss": 0.3179038805621011}
{"samples": 2656, "loss": 0.2895506066935403}
{"samples": 2880, "loss": 0.27479320232357296}
{"samples": 3104, "loss": 0.27933469840458464}
{"samples": 3328, "loss": 0.2828832502876009}
{"samples": 3552, "loss": 0.3408484288624355}
{"samples": 3776, "loss": 0.28428400840078083}
{"samples": 4000, "loss": 0.2917353915316718}
{"samples": 4224, "loss": 0.28000703028270174}
{"samples": 4448, "loss": 0.22521394065448216}
{"samples": 4672, "loss": 0.24615099387509481}
{"samples": 4896, "loss": 0.26892709732055664}
{"samples": 5120, "loss": 0.2770013234445027}
{"samples": 5344, "loss": 0.2350882121494838}
{"samples": 5568, "loss": 0.24678338212626322}
{"samples": 5792, "loss": 0.2688008759702955}
{"samples": 6016, "loss": 0.279280566743442}
{"samples": 6240, "loss": 0.28248865476676394}
{"samples": 6464, "loss": 0.22406152955123357}
{"samples": 6688, "loss": 0.20702426774161203}
{"samples": 6912, "loss": 0.23730927918638503}
{"samples": 7136, "loss": 0.17891437347446168}
{"samples": 7360, "loss": 0.2428271078637668}
{"samples": 7584, "loss": 0.20251416202102387}
{"samples": 7808, "loss": 0.2190130991595132}
{"samples": 8032, "loss": 0.18506652116775513}
{"samples": 8256, "loss": 0.24558049546820776}
{"samples": 8480, "loss": 0.1636595263012818}
{"samples": 8704, "loss": 0.246926092675754}
{"samples": 8928, "loss": 0.22157120491777146}
{"samples": 9152, "loss": 0.18273572836603438}
{"samples": 9376, "loss": 0.2241170502134732}
{"samples": 9600, "loss": 0.1670935239110674}
{"samples": 9824, "loss": 0.25628522464207243}
{"samples": 10048, "loss": 0.2075357245547431}
{"samples": 10272, "loss": 0.2109579358782087}
{"samples": 10496, "loss": 0.20173632885728562}
{"samples": 10720, "loss": 0.21955774937357223}
{"samples": 10944, "loss": 0.17975566004003798}
{"samples": 11168, "loss": 0.17276238011462347}
{"samples": 11392, "loss": 0.20055988005229405}
{"samples": 11616, "loss": 0.19281109741755895}
{"samples": 11840, "loss": 0.16233909662280763}
{"samples": 12064, "loss": 0.16812128041471755}
{"samples": 12288, "loss": 0.17930698607649123}
{"samples": 12512, "loss": 0.15430724301508494}
{"samples": 12736, "loss": 0.20544422205005372}
{"samples": 12960, "loss": 0.22267183022839682}
{"samples": 13184, "loss": 0.1337252924484866}
{"samples": 13408, "loss": 0.1889966811452593}
{"samples": 13632, "loss": 0.14519312605261803}
{"samples": 13856, "loss": 0.1720587717635291}
{"samples": 14080, "loss": 0.2018132678100041}
{"samples": 14304, "loss": 0.16878426128200122}
{"samples": 14528, "loss": 0.13451094499656133}
{"samples": 14752, "loss": 0.20517584149326598}
{"samples": 14976, "loss": 0.15327378575290954}
{"samples": 15200, "loss": 0.24132880994251796}
{"samples": 15424, "loss": 0.20283798021929605}
{"samples": 15648, "loss": 0.1613188087940216}
{"samples": 0, "degrad_loss": 6.209624445438385, "std": 0.06352693989300832}
{"samples": 480, "degrad_loss": 6.238034749031067, "std": 0.0621355189228272}
{"samples": 992, "degrad_loss": 6.309107214212418, "std": 0.028025965974556588}
{"samples": 1504,