{"samples": 192, "accuracy": 0.49972, "std": 0.01720867481501376, "lower_bound": 0.468, "upper_bound": 0.5346666666666666}
{"samples": 400, "accuracy": 0.4989786666666666, "std": 0.0181162293844804, "lower_bound": 0.4613333333333333, "upper_bound": 0.5320333333333334}
{"samples": 608, "accuracy": 0.8253813333333333, "std": 0.01342930156204873, "lower_bound": 0.8, "upper_bound": 0.8533333333333334}
{"samples": 816, "accuracy": 0.8472493333333334, "std": 0.0134394464833109, "lower_bound": 0.82, "upper_bound": 0.872}
{"samples": 1024, "accuracy": 0.7901466666666666, "std": 0.015027199044103701, "lower_bound": 0.76, "upper_bound": 0.8186666666666667}
{"samples": 1232, "accuracy": 0.8677426666666667, "std": 0.01227621012817519, "lower_bound": 0.8426666666666667, "upper_bound": 0.892}
{"samples": 1440, "accuracy": 0.8921413333333333, "std": 0.01145385051218827, "lower_bound": 0.8693333333333333, "upper_bound": 0.9133333333333333}
{"samples": 1648, "accuracy": 0.8274879999999999, "std": 0.013759621700226113, "lower_bound": 0.8013, "upper_bound": 0.8546666666666667}
{"samples": 1856, "accuracy": 0.7058733333333332, "std": 0.01669613261939556, "lower_bound": 0.6733333333333333, "upper_bound": 0.7386666666666667}
{"samples": 2064, "accuracy": 0.8877866666666666, "std": 0.011609222387586706, "lower_bound": 0.864, "upper_bound": 0.9093333333333333}
{"samples": 2272, "accuracy": 0.8840226666666666, "std": 0.011463310439058268, "lower_bound": 0.86, "upper_bound": 0.9066666666666666}
{"samples": 2480, "accuracy": 0.9196813333333334, "std": 0.00990531879569984, "lower_bound": 0.9, "upper_bound": 0.9386666666666666}
{"samples": 2688, "accuracy": 0.9095493333333334, "std": 0.01050424303687695, "lower_bound": 0.888, "upper_bound": 0.9293333333333333}
{"samples": 2896, "accuracy": 0.912824, "std": 0.01019996305004201, "lower_bound": 0.892, "upper_bound": 0.9333333333333333}
{"samples": 3104, "accuracy": 0.9157253333333333, "std": 0.010248257434532202, "lower_bound": 0.896, "upper_bound": 0.9346666666666666}
{"samples": 3312, "accuracy": 0.9299839999999999, "std": 0.009468530896254886, "lower_bound": 0.9106666666666666, "upper_bound": 0.948}
{"samples": 3520, "accuracy": 0.8938666666666667, "std": 0.011226159925222273, "lower_bound": 0.872, "upper_bound": 0.9146666666666666}
{"samples": 3728, "accuracy": 0.922408, "std": 0.009488459797740274, "lower_bound": 0.904, "upper_bound": 0.94}
{"samples": 3936, "accuracy": 0.9264333333333334, "std": 0.009806879671378093, "lower_bound": 0.9066666666666666, "upper_bound": 0.9466666666666667}
{"samples": 4144, "accuracy": 0.9144386666666666, "std": 0.010354752768120009, "lower_bound": 0.8933333333333333, "upper_bound": 0.9346666666666666}
{"samples": 4352, "accuracy": 0.938864, "std": 0.0087320707484282, "lower_bound": 0.9226333333333333, "upper_bound": 0.9547}
{"samples": 4560, "accuracy": 0.9395866666666666, "std": 0.008903222887122262, "lower_bound": 0.9226666666666666, "upper_bound": 0.956}
{"samples": 4768, "accuracy": 0.8546973333333334, "std": 0.012529678261365421, "lower_bound": 0.8306333333333333, "upper_bound": 0.8773666666666666}
{"samples": 4976, "accuracy": 0.8456079999999999, "std": 0.013252391918274811, "lower_bound": 0.82, "upper_bound": 0.872}
{"samples": 5184, "accuracy": 0.9468920000000001, "std": 0.008261981360424385, "lower_bound": 0.9306666666666666, "upper_bound": 0.9627}
{"samples": 5392, "accuracy": 0.9088786666666666, "std": 0.010225955559805213, "lower_bound": 0.8893333333333333, "upper_bound": 0.9266666666666666}
{"samples": 5600, "accuracy": 0.9304773333333333, "std": 0.009310623418678495, "lower_bound": 0.9119666666666667, "upper_bound": 0.9480333333333333}
{"samples": 5808, "accuracy": 0.88288, "std": 0.011603708219549666, "lower_bound": 0.8613333333333333, "upper_bound": 0.9053333333333333}
{"samples": 6016, "accuracy": 0.9170546666666667, "std": 0.010050301841791181, "lower_bound": 0.8973333333333333, "upper_bound": 0.9373333333333334}
{"samples": 6224, "accuracy": 0.9267013333333333, "std": 0.009281506008066676, "lower_bound": 0.908, "upper_bound": 0.944}
{"samples": 6432, "accuracy": 0.9321946666666666, "std": 0.009150075555243607, "lower_bound": 0.9146666666666666, "upper_bound": 0.9493666666666667}
{"samples": 6640, "accuracy": 0.9096226666666667, "std": 0.010282577368215296, "lower_bound": 0.8893333333333333, "upper_bound": 0.928}
{"samples": 6848, "accuracy": 0.91938, "std": 0.009534664242762947, "lower_bound": 0.9, "upper_bound": 0.9373333333333334}
{"samples": 7056, "accuracy": 0.9335800000000001, "std": 0.00913978117899985, "lower_bound": 0.9146666666666666, "upper_bound": 0.9506666666666667}
{"samples": 7264, "accuracy": 0.9395426666666667, "std": 0.009234847144256242, "lower_bound": 0.9213333333333333, "upper_bound": 0.9573333333333334}
{"samples": 7472, "accuracy": 0.9402906666666665, "std": 0.008753866548877443, "lower_bound": 0.9226666666666666, "upper_bound": 0.956}
{"samples": 192, "loss": 0.6937115009014423}
{"samples": 400, "loss": 0.6913311298076923}
{"samples": 608, "loss": 0.6824458195612981}
{"samples": 816, "loss": 0.5701056260329026}
{"samples": 1024, "loss": 0.46695181039663464}
{"samples": 1232, "loss": 0.3317681092482347}
{"samples": 1440, "loss": 0.3683825639578012}
{"samples": 1648, "loss": 0.3225235939025879}
{"samples": 1856, "loss": 0.4279254491512592}
{"samples": 2064, "loss": 0.42035917135385364}
{"samples": 2272, "loss": 0.3838218909043532}
{"samples": 2480, "loss": 0.2476353645324707}
{"samples": 2688, "loss": 0.26322897580953747}
{"samples": 2896, "loss": 0.1986081783588116}
{"samples": 3104, "loss": 0.1918320105626033}
{"samples": 3312, "loss": 0.11284684217893161}
{"samples": 3520, "loss": 0.19421581121591422}
{"samples": 3728, "loss": 0.16834683143175566}
{"samples": 3936, "loss": 0.13950738998559806}
{"samples": 4144, "loss": 0.12465081306604239}
{"samples": 4352, "loss": 0.13150130326931292}
{"samples": 4560, "loss": 0.16661831507316002}
{"samples": 4768, "loss": 0.10957951499865605}
{"samples": 4976, "loss": 0.19844318353212798}
{"samples": 5184, "loss": 0.2731757920521956}
{"samples": 5392, "loss": 0.186440830047314}
{"samples": 5600, "loss": 0.1303554681631235}
{"samples": 5808, "loss": 0.13309669494628906}
{"samples": 6016, "loss": 0.07205963134765625}
{"samples": 6224, "loss": 0.09371693776204036}
{"samples": 6432, "loss": 0.1141603932930873}
{"samples": 6640, "loss": 0.06565781052295978}
{"samples": 6848, "loss": 0.0990739052112286}
{"samples": 7056, "loss": 0.05942884546059828}
{"samples": 7264, "loss": 0.1028753977555495}
{"samples": 7472, "loss": 0.17274011786167437}
