{"samples": 192, "accuracy": 0.5001683518705763, "std": 0.011093769141986797, "lower_bound": 0.4787537917087968, "upper_bound": 0.522762891809909}
{"samples": 400, "accuracy": 0.5338205257836198, "std": 0.011067615030335858, "lower_bound": 0.5116279069767442, "upper_bound": 0.5561425682507583}
{"samples": 608, "accuracy": 0.6904089989888776, "std": 0.009965396333094392, "lower_bound": 0.6703741152679474, "upper_bound": 0.7098078867542973}
{"samples": 816, "accuracy": 0.8344848331648129, "std": 0.00882150906224656, "lower_bound": 0.8174924165824065, "upper_bound": 0.8523761375126391}
{"samples": 1024, "accuracy": 0.8596157735085944, "std": 0.007982930985994747, "lower_bound": 0.8437815975733064, "upper_bound": 0.8761375126390293}
{"samples": 1232, "accuracy": 0.8166274014155713, "std": 0.008624664374187479, "lower_bound": 0.8008088978766431, "upper_bound": 0.8336703741152679}
{"samples": 1440, "accuracy": 0.8909443882709809, "std": 0.006852826331028364, "lower_bound": 0.8786653185035389, "upper_bound": 0.9049544994944388}
{"samples": 1648, "accuracy": 0.9148943377148636, "std": 0.006556644642422616, "lower_bound": 0.9024266936299292, "upper_bound": 0.9271991911021233}
{"samples": 1856, "accuracy": 0.8171971688574318, "std": 0.008755334957736961, "lower_bound": 0.8013018200202224, "upper_bound": 0.8341759352881699}
{"samples": 2064, "accuracy": 0.8448604651162791, "std": 0.00824012051143887, "lower_bound": 0.8291203235591507, "upper_bound": 0.8599721941354904}
{"samples": 2272, "accuracy": 0.8264054600606673, "std": 0.008612944963212736, "lower_bound": 0.8093907987866531, "upper_bound": 0.8427704752275025}
{"samples": 2480, "accuracy": 0.9123382204246714, "std": 0.006270160665426242, "lower_bound": 0.8988877654196158, "upper_bound": 0.9236602628918099}
{"samples": 2688, "accuracy": 0.9135111223458039, "std": 0.00613817422636469, "lower_bound": 0.9019211324570273, "upper_bound": 0.9256951466127402}
{"samples": 2896, "accuracy": 0.9283235591506572, "std": 0.005855084298598257, "lower_bound": 0.917087967644085, "upper_bound": 0.9393326592517695}
{"samples": 3104, "accuracy": 0.894566734074823, "std": 0.006904044351666453, "lower_bound": 0.8806875631951466, "upper_bound": 0.9079878665318504}
{"samples": 3312, "accuracy": 0.930649140546006, "std": 0.005890927214799379, "lower_bound": 0.91909757330637, "upper_bound": 0.9418604651162791}
{"samples": 3520, "accuracy": 0.9080283114256825, "std": 0.0061754581815614855, "lower_bound": 0.8958543983822043, "upper_bound": 0.9201213346814965}
{"samples": 3728, "accuracy": 0.9240106167846309, "std": 0.006098307438773806, "lower_bound": 0.9115267947421638, "upper_bound": 0.9352881698685541}
{"samples": 3936, "accuracy": 0.9360854398382203, "std": 0.005374095554354711, "lower_bound": 0.9256825075834176, "upper_bound": 0.9469160768452983}
{"samples": 4144, "accuracy": 0.9200803842264913, "std": 0.0061727019086172535, "lower_bound": 0.9074823053589485, "upper_bound": 0.9317492416582407}
{"samples": 4352, "accuracy": 0.9434342770475228, "std": 0.0053929002276058655, "lower_bound": 0.9327603640040445, "upper_bound": 0.9539939332659252}
{"samples": 4560, "accuracy": 0.9327724974721942, "std": 0.005572316805817122, "lower_bound": 0.9216253791708796, "upper_bound": 0.9428715874620829}
{"samples": 4768, "accuracy": 0.9145419615773508, "std": 0.005990136260862361, "lower_bound": 0.9019211324570273, "upper_bound": 0.9256825075834176}
{"samples": 4976, "accuracy": 0.937020728008089, "std": 0.005474101684575094, "lower_bound": 0.9261880687563195, "upper_bound": 0.948432760364004}
{"samples": 5184, "accuracy": 0.9033003033367037, "std": 0.006833459555183048, "lower_bound": 0.8897876643073812, "upper_bound": 0.916582406471183}
{"samples": 5392, "accuracy": 0.9267239635995955, "std": 0.0060905833885059055, "lower_bound": 0.9150657229524772, "upper_bound": 0.9388270980788676}
{"samples": 5600, "accuracy": 0.9392876643073812, "std": 0.005515834094788382, "lower_bound": 0.9282103134479271, "upper_bound": 0.9499494438827099}
{"samples": 5808, "accuracy": 0.9293528816986855, "std": 0.005817741764887452, "lower_bound": 0.9175935288169869, "upper_bound": 0.9408493427704753}
{"samples": 6016, "accuracy": 0.9060197168857431, "std": 0.006734058711118553, "lower_bound": 0.8928210313447927, "upper_bound": 0.9191102123356926}
{"samples": 6224, "accuracy": 0.8964342770475228, "std": 0.006699847105350397, "lower_bound": 0.8832153690596563, "upper_bound": 0.9095171890798787}
{"samples": 6432, "accuracy": 0.930917087967644, "std": 0.005614977425439049, "lower_bound": 0.9186046511627907, "upper_bound": 0.9413549039433772}
{"samples": 6640, "accuracy": 0.9107143579373105, "std": 0.006530366194976458, "lower_bound": 0.8968655207280081, "upper_bound": 0.923154701718908}
{"samples": 6848, "accuracy": 0.937608190091001, "std": 0.005366194973630999, "lower_bound": 0.9271991911021233, "upper_bound": 0.9479398382204247}
{"samples": 7056, "accuracy": 0.8547310414560162, "std": 0.007913785247602013, "lower_bound": 0.8387259858442871, "upper_bound": 0.8700707785642062}
{"samples": 7264, "accuracy": 0.9055783619817999, "std": 0.006535035630010612, "lower_bound": 0.893819514661274, "upper_bound": 0.9180990899898888}
{"samples": 7472, "accuracy": 0.929190091001011, "std": 0.005804541464983767, "lower_bound": 0.9175935288169869, "upper_bound": 0.9403437815975733}
{"samples": 7680, "accuracy": 0.9334024266936299, "std": 0.005327211573431003, "lower_bound": 0.9226365015166835, "upper_bound": 0.9428715874620829}
{"samples": 7888, "accuracy": 0.9368139534883722, "std": 0.005676028658836105, "lower_bound": 0.9251769464105156, "upper_bound": 0.948432760364004}
{"samples": 8096, "accuracy": 0.8894747219413548, "std": 0.007040161049963745, "lower_bound": 0.8751263902932255, "upper_bound": 0.9024393326592518}
{"samples": 8304, "accuracy": 0.924654196157735, "std": 0.006080512748728862, "lower_bound": 0.9125379170879676, "upper_bound": 0.9362992922143579}
{"samples": 8512, "accuracy": 0.9407087967644084, "std": 0.00518215531598956, "lower_bound": 0.9307381193124368, "upper_bound": 0.9514661274014156}
{"samples": 8720, "accuracy": 0.9033902932254803, "std": 0.006521056469550341, "lower_bound": 0.8902805864509605, "upper_bound": 0.9155839231547017}
{"samples": 8928, "accuracy": 0.9416172901921133, "std": 0.005196609144517287, "lower_bound": 0.9307381193124368, "upper_bound": 0.9519716885743175}
{"samples": 9136, "accuracy": 0.8583392315470172, "std": 0.007522250365959727, "lower_bound": 0.8432633973710819, "upper_bound": 0.8731041456016178}
{"samples": 9344, "accuracy": 0.884655207280081, "std": 0.00754995813677556, "lower_bound": 0.8700707785642062, "upper_bound": 0.8989004044489384}
{"samples": 9552, "accuracy": 0.881845803842265, "std": 0.0073888127596318295, "lower_bound": 0.8675429726996967, "upper_bound": 0.8958670374115268}
{"samples": 9760, "accuracy": 0.9455935288169869, "std": 0.004961266916078774, "lower_bound": 0.9362992922143579, "upper_bound": 0.955005055611729}
{"samples": 9968, "accuracy": 0.8926683518705764, "std": 0.007034258254188132, "lower_bound": 0.8791708796764408, "upper_bound": 0.9054600606673407}
{"samples": 10176, "accuracy": 0.9294959555106168, "std": 0.005902048344204551, "lower_bound": 0.9180990899898888, "upper_bound": 0.9408619817997979}
{"samples": 10384, "accuracy": 0.8586263902932254, "std": 0.00813273728740708, "lower_bound": 0.8427704752275025, "upper_bound": 0.8751263902932255}
{"samples": 10592, "accuracy": 0.9440267947421638, "std": 0.005476974864182817, "lower_bound": 0.9327603640040445, "upper_bound": 0.9539939332659252}
{"samples": 10800, "accuracy": 0.9211693629929221, "std": 0.005959141803726163, "lower_bound": 0.910010111223458, "upper_bound": 0.9327603640040445}
{"samples": 11008, "accuracy": 0.9303998988877654, "std": 0.005697776225244522, "lower_bound": 0.9180990899898888, "upper_bound": 0.9413549039433772}
{"samples": 11216, "accuracy": 0.9381587462082912, "std": 0.005256628448827048, "lower_bound": 0.9277047522750252,