{"samples": 448, "accuracy": 0.6959723895582328, "std": 0.01008802435271457, "lower_bound": 0.6757028112449799, "upper_bound": 0.7148719879518072}
{"samples": 960, "accuracy": 0.8483955823293172, "std": 0.008169507634258623, "lower_bound": 0.8333333333333334, "upper_bound": 0.8654618473895582}
{"samples": 1472, "accuracy": 0.8873303212851406, "std": 0.006688701895332779, "lower_bound": 0.8744979919678715, "upper_bound": 0.8995983935742972}
{"samples": 1984, "accuracy": 0.8782294176706826, "std": 0.007483010449408815, "lower_bound": 0.8629518072289156, "upper_bound": 0.893574297188755}
{"samples": 2496, "accuracy": 0.8525722891566265, "std": 0.00778551217139704, "lower_bound": 0.8373493975903614, "upper_bound": 0.8669804216867469}
{"samples": 3008, "accuracy": 0.8890532128514055, "std": 0.006762887876715484, "lower_bound": 0.8765060240963856, "upper_bound": 0.9016064257028112}
{"samples": 3520, "accuracy": 0.7996204819277108, "std": 0.00892408291189938, "lower_bound": 0.7821285140562249, "upper_bound": 0.8167670682730924}
{"samples": 4032, "accuracy": 0.7661485943775102, "std": 0.009726498263582647, "lower_bound": 0.7479919678714859, "upper_bound": 0.7846511044176706}
{"samples": 4544, "accuracy": 0.740535140562249, "std": 0.00972329667892937, "lower_bound": 0.7213855421686747, "upper_bound": 0.7600401606425703}
{"samples": 5056, "accuracy": 0.801370983935743, "std": 0.008932265452450827, "lower_bound": 0.7841239959839357, "upper_bound": 0.8192771084337349}
{"samples": 5568, "accuracy": 0.7928684738955822, "std": 0.009071060998290968, "lower_bound": 0.7740963855421686, "upper_bound": 0.8097389558232931}
{"samples": 6080, "accuracy": 0.8645130522088353, "std": 0.007421639955236804, "lower_bound": 0.8493975903614458, "upper_bound": 0.8780245983935743}
{"samples": 6592, "accuracy": 0.8030210843373495, "std": 0.008797410765586017, "lower_bound": 0.7846385542168675, "upper_bound": 0.8197791164658634}
{"samples": 7104, "accuracy": 0.8357971887550201, "std": 0.008077050834397954, "lower_bound": 0.8197791164658634, "upper_bound": 0.8514056224899599}
{"samples": 7616, "accuracy": 0.8658067269076305, "std": 0.007847800720685657, "lower_bound": 0.8503890562248996, "upper_bound": 0.8805346385542168}
{"samples": 8128, "accuracy": 0.8951862449799196, "std": 0.007010097375088486, "lower_bound": 0.8810240963855421, "upper_bound": 0.9081325301204819}
{"samples": 8640, "accuracy": 0.8679317269076305, "std": 0.00765353352235531, "lower_bound": 0.8514056224899599, "upper_bound": 0.8820406626506023}
{"samples": 9152, "accuracy": 0.8487414658634539, "std": 0.008236493239231438, "lower_bound": 0.8328187751004016, "upper_bound": 0.8649598393574297}
{"samples": 9664, "accuracy": 0.8258353413654619, "std": 0.00837318554226668, "lower_bound": 0.8097264056224899, "upper_bound": 0.8418674698795181}
{"samples": 10176, "accuracy": 0.8434518072289157, "std": 0.007881968370677759, "lower_bound": 0.8283132530120482, "upper_bound": 0.8589482931726907}
{"samples": 10688, "accuracy": 0.9068549196787149, "std": 0.006559268049470223, "lower_bound": 0.8940763052208835, "upper_bound": 0.9191767068273092}
{"samples": 11200, "accuracy": 0.8727821285140562, "std": 0.007576385251690981, "lower_bound": 0.8579317269076305, "upper_bound": 0.8870481927710844}
{"samples": 11712, "accuracy": 0.8417786144578313, "std": 0.00792803519330851, "lower_bound": 0.8267946787148593, "upper_bound": 0.8564382530120481}
{"samples": 12224, "accuracy": 0.852750502008032, "std": 0.007865810038067205, "lower_bound": 0.8378388554216867, "upper_bound": 0.867984437751004}
{"samples": 12736, "accuracy": 0.8505913654618473, "std": 0.007844140413197262, "lower_bound": 0.8358433734939759, "upper_bound": 0.8654618473895582}
{"samples": 13248, "accuracy": 0.8291877510040162, "std": 0.008648091014432034, "lower_bound": 0.8117469879518072, "upper_bound": 0.8463855421686747}
{"samples": 13760, "accuracy": 0.8693815261044177, "std": 0.00748771756007446, "lower_bound": 0.8549196787148594, "upper_bound": 0.8845381526104418}
{"samples": 14272, "accuracy": 0.8632801204819277, "std": 0.007725156339851875, "lower_bound": 0.8478915662650602, "upper_bound": 0.8780245983935743}
{"samples": 14784, "accuracy": 0.8724011044176707, "std": 0.007045941080587996, "lower_bound": 0.8589357429718876, "upper_bound": 0.8860441767068273}
{"samples": 15296, "accuracy": 0.8443293172690763, "std": 0.008184375127391664, "lower_bound": 0.8272966867469879, "upper_bound": 0.8594377510040161}
{"samples": 15808, "accuracy": 0.8451380522088353, "std": 0.008169288472491834, "lower_bound": 0.8288152610441767, "upper_bound": 0.8614457831325302}
{"samples": 192, "loss": 0.6937007904052734}
{"samples": 448, "loss": 0.6695470809936523}
{"samples": 704, "loss": 0.6288042068481445}
{"samples": 960, "loss": 0.5654406547546387}
{"samples": 1216, "loss": 0.5163286924362183}
{"samples": 1472, "loss": 0.4197530150413513}
{"samples": 1728, "loss": 0.3961979001760483}
{"samples": 1984, "loss": 0.3488945960998535}
{"samples": 2240, "loss": 0.3501380681991577}
{"samples": 2496, "loss": 0.33430660516023636}
{"samples": 2752, "loss": 0.32874801754951477}
{"samples": 3008, "loss": 0.383151151239872}
{"samples": 3264, "loss": 0.24375193193554878}
{"samples": 3520, "loss": 0.28093448281288147}
{"samples": 3776, "loss": 0.3368116393685341}
{"samples": 4032, "loss": 0.33275962620973587}
{"samples": 4288, "loss": 0.4138118550181389}
{"samples": 4544, "loss": 0.3879416212439537}
{"samples": 4800, "loss": 0.37478576228022575}
{"samples": 5056, "loss": 0.31280405819416046}
{"samples": 5312, "loss": 0.2965451776981354}
{"samples": 5568, "loss": 0.3088031932711601}
{"samples": 5824, "loss": 0.3708588033914566}
{"samples": 6080, "loss": 0.2967378869652748}
{"samples": 6336, "loss": 0.2944178506731987}
{"samples": 6592, "loss": 0.30486060306429863}
{"samples": 6848, "loss": 0.2716897577047348}
{"samples": 7104, "loss": 0.3527027294039726}
{"samples": 7360, "loss": 0.29260503500699997}
{"samples": 7616, "loss": 0.32624416798353195}
{"samples": 7872, "loss": 0.3276209831237793}
{"samples": 8128, "loss": 0.31614646315574646}
{"samples": 8384, "loss": 0.3319384939968586}
{"samples": 8640, "loss": 0.28346074372529984}
{"samples": 8896, "loss": 0.3332894369959831}
{"samples": 9152, "loss": 0.2905239462852478}
{"samples": 9408, "loss": 0.2680109664797783}
{"samples": 9664, "loss": 0.3029216080904007}
{"samples": 9920, "loss": 0.2745526283979416}
{"samples": 10176, "loss": 0.26454292610287666}
{"samples": 10432, "loss": 0.32225240767002106}
{"samples": 10688, "loss": 0.3071863278746605}
{"samples": 10944, "loss": 0.30133212730288506}
{"samples": 11200, "loss": 0.29397960752248764}
{"samples": 11456, "loss": 0.22161249443888664}
{"samples": 11712, "loss": 0.2798452079296112}
{"samples": 11968, "loss": 0.2713281363248825}
{"samples": 12224, "loss": 0.3301299512386322}
{"samples": 12480, "loss": 0.2415892668068409}
{"samples": 12736, "loss": 0.2726057544350624}
{"samples": 12992, "loss": 0.2989935800433159}
{"samples": 13248, "loss": 0.2982960641384125}
{"samples": 13504, "loss": 0.2936268448829651}
{"samples": 13760, "loss": 0.26185866817831993}
{"samples": 14016, "loss": 0.23886598646640778}
{"samples": 14272, "loss": 0.2820492312312126}
{"samples": 14528, "loss": 0.2610177621245384}
{"samples": 14784, "loss": 0.3203289210796356}
{"samples": 15040, "loss": 0.2220468781888485}
{"samples": 15296, "loss": 0.25524088367819786}
{"samples": 15552, "loss": 0.3187370039522648}
{"samples": 15808, "loss": 0.3023664765059948}
