{"samples": 496, "accuracy": 0.6355182555780932, "std": 0.01105159616404826, "lower_bound": 0.6140973630831643, "upper_bound": 0.6566937119675457}
{"samples": 1000, "accuracy": 0.8340786004056795, "std": 0.008210566984527117, "lower_bound": 0.8179386409736308, "upper_bound": 0.8509127789046653}
{"samples": 1504, "accuracy": 0.8617712981744421, "std": 0.008010219275490746, "lower_bound": 0.8463488843813387, "upper_bound": 0.8767875253549696}
{"samples": 2008, "accuracy": 0.7881196754563895, "std": 0.009172170893540093, "lower_bound": 0.7692697768762677, "upper_bound": 0.8052865111561867}
{"samples": 2512, "accuracy": 0.7850425963488843, "std": 0.00912721409052382, "lower_bound": 0.7672287018255578, "upper_bound": 0.8032454361054767}
{"samples": 3016, "accuracy": 0.8470005070993915, "std": 0.008043398443565017, "lower_bound": 0.8321501014198783, "upper_bound": 0.8625760649087221}
{"samples": 3520, "accuracy": 0.891104462474645, "std": 0.006871850451304369, "lower_bound": 0.877776369168357, "upper_bound": 0.904170892494929}
{"samples": 4024, "accuracy": 0.9089274847870183, "std": 0.006399284407748458, "lower_bound": 0.8960446247464503, "upper_bound": 0.9219066937119675}
{"samples": 4528, "accuracy": 0.9022631845841784, "std": 0.0066785554133652805, "lower_bound": 0.8894523326572008, "upper_bound": 0.9148073022312373}
{"samples": 5032, "accuracy": 0.8798057809330628, "std": 0.007188846568444256, "lower_bound": 0.8656186612576064, "upper_bound": 0.8935091277890467}
{"samples": 5536, "accuracy": 0.9202789046653145, "std": 0.006226344252770848, "lower_bound": 0.9082150101419878, "upper_bound": 0.9330628803245437}
{"samples": 6040, "accuracy": 0.8383620689655172, "std": 0.00820776826267496, "lower_bound": 0.8225152129817445, "upper_bound": 0.853473630831643}
{"samples": 6544, "accuracy": 0.8394097363083165, "std": 0.008397972327526648, "lower_bound": 0.8225152129817445, "upper_bound": 0.8554766734279919}
{"samples": 7048, "accuracy": 0.9252074036511156, "std": 0.006067882728703796, "lower_bound": 0.9132860040567952, "upper_bound": 0.9371196754563894}
{"samples": 7552, "accuracy": 0.8501663286004056, "std": 0.008280099489886922, "lower_bound": 0.8336587221095334, "upper_bound": 0.8661257606490872}
{"samples": 8056, "accuracy": 0.8394685598377282, "std": 0.008089616203406263, "lower_bound": 0.8235167342799188, "upper_bound": 0.8549822515212983}
{"samples": 8560, "accuracy": 0.8516693711967546, "std": 0.008172641600774367, "lower_bound": 0.8356997971602435, "upper_bound": 0.8676470588235294}
{"samples": 9064, "accuracy": 0.9050826572008114, "std": 0.006942367929645602, "lower_bound": 0.8919751521298174, "upper_bound": 0.9183569979716024}
{"samples": 9568, "accuracy": 0.8889421906693712, "std": 0.007050067063617496, "lower_bound": 0.8752535496957403, "upper_bound": 0.902129817444219}
{"samples": 10072, "accuracy": 0.9074944219066938, "std": 0.006661204776994136, "lower_bound": 0.894510649087221, "upper_bound": 0.9198782961460447}
{"samples": 10576, "accuracy": 0.8712018255578093, "std": 0.0073155287281054795, "lower_bound": 0.8569979716024341, "upper_bound": 0.8853955375253549}
{"samples": 11080, "accuracy": 0.9006987829614604, "std": 0.006653644835328288, "lower_bound": 0.8879183569979716, "upper_bound": 0.9138057809330629}
{"samples": 11584, "accuracy": 0.9153762677484788, "std": 0.0064174247640389846, "lower_bound": 0.9036384381338742, "upper_bound": 0.9279918864097363}
{"samples": 12088, "accuracy": 0.8996703853955376, "std": 0.006849587661223465, "lower_bound": 0.8864097363083164, "upper_bound": 0.9132860040567952}
{"samples": 12592, "accuracy": 0.8302347870182556, "std": 0.008612979355338788, "lower_bound": 0.8128803245436106, "upper_bound": 0.8463488843813387}
{"samples": 13096, "accuracy": 0.872048681541582, "std": 0.007536418279517998, "lower_bound": 0.8575050709939148, "upper_bound": 0.8864097363083164}
{"samples": 13600, "accuracy": 0.8510730223123733, "std": 0.008322027008899863, "lower_bound": 0.8351800202839756, "upper_bound": 0.8666328600405679}
{"samples": 14104, "accuracy": 0.9036501014198783, "std": 0.006398983441493312, "lower_bound": 0.890973630831643, "upper_bound": 0.9158215010141988}
{"samples": 14608, "accuracy": 0.9268838742393509, "std": 0.00561596893539711, "lower_bound": 0.915301724137931, "upper_bound": 0.9376267748478702}
{"samples": 15112, "accuracy": 0.8840689655172413, "std": 0.007133476277064966, "lower_bound": 0.8701825557809331, "upper_bound": 0.8990872210953347}
{"samples": 15616, "accuracy": 0.8656135902636917, "std": 0.007924000385004504, "lower_bound": 0.8498859026369168, "upper_bound": 0.8803245436105477}
{"samples": 192, "loss": 0.695234375}
{"samples": 392, "loss": 0.68927490234375}
{"samples": 592, "loss": 0.67841796875}
{"samples": 792, "loss": 0.64550048828125}
{"samples": 992, "loss": 0.555655089020729}
{"samples": 1192, "loss": 0.4325718343257904}
{"samples": 1392, "loss": 0.3982010525465012}
{"samples": 1592, "loss": 0.3942621469497681}
{"samples": 1792, "loss": 0.36124906957149505}
{"samples": 1992, "loss": 0.3467442685365677}
{"samples": 2192, "loss": 0.2453138554096222}
{"samples": 2392, "loss": 0.3367198312282562}
{"samples": 2592, "loss": 0.24441503763198852}
{"samples": 2792, "loss": 0.2882876396179199}
{"samples": 2992, "loss": 0.32989797949790955}
{"samples": 3192, "loss": 0.26158484995365144}
{"samples": 3392, "loss": 0.23888576209545134}
{"samples": 3592, "loss": 0.30158922493457796}
{"samples": 3792, "loss": 0.24472817480564119}
{"samples": 3992, "loss": 0.2744120842218399}
{"samples": 4192, "loss": 0.3774751842021942}
{"samples": 4392, "loss": 0.30671006083488467}
{"samples": 4592, "loss": 0.18507031738758087}
{"samples": 4792, "loss": 0.23995872855186462}
{"samples": 4992, "loss": 0.2691565257310867}
{"samples": 5192, "loss": 0.20878717303276062}
{"samples": 5392, "loss": 0.23642607629299164}
{"samples": 5592, "loss": 0.28923292756080626}
{"samples": 5792, "loss": 0.2310483920574188}
{"samples": 5992, "loss": 0.22979062736034395}
{"samples": 6192, "loss": 0.289766326546669}
{"samples": 6392, "loss": 0.19914751827716828}
{"samples": 6592, "loss": 0.23013051807880402}
{"samples": 6792, "loss": 0.1825515478849411}
{"samples": 6992, "loss": 0.23927495121955872}
{"samples": 7192, "loss": 0.2501272666454315}
{"samples": 7392, "loss": 0.1711496204137802}
{"samples": 7592, "loss": 0.2043429881334305}
{"samples": 7792, "loss": 0.2143772542476654}
{"samples": 7992, "loss": 0.23756962895393371}
{"samples": 8192, "loss": 0.17612809240818023}
{"samples": 8392, "loss": 0.1922716647386551}
{"samples": 8592, "loss": 0.19245449542999268}
{"samples": 8792, "loss": 0.1925892150402069}
{"samples": 8992, "loss": 0.1620829313993454}
{"samples": 9192, "loss": 0.13965295493602753}
{"samples": 9392, "loss": 0.155446098446846}
{"samples": 9592, "loss": 0.19182763278484344}
{"samples": 9792, "loss": 0.24100447475910186}
{"samples": 9992, "loss": 0.1883550488948822}
{"samples": 10192, "loss": 0.1683671748638153}
{"samples": 10392, "loss": 0.18761814177036285}
{"samples": 10592, "loss": 0.15773594498634338}
{"samples": 10792, "loss": 0.16183504462242126}
{"samples": 10992, "loss": 0.18751472890377044}
{"samples": 11192, "loss": 0.15223634839057923}
{"samples": 11392, "loss": 0.1517445933818817}
{"samples": 11592, "loss": 0.10553302824497222}
{"samples": 11792, "loss": 0.18855331599712372}
{"samples": 11992, "loss": 0.1399747759103775}
{"samples": 12192, "loss": 0.1465592271089554}
{"samples": 12392, "loss": 0.15088256180286408}
{"samples": 12592, "loss": 0.13445233464241027}
{"samples": 12792, "loss": 0.20410361766815185}
{"samples": 12992, "loss": 0.19168010234832764}
{"samples": 13192, "loss": 0.10636185586452485}
{"samples": 13392, "loss": 0.1493239277601242}
{"samples": 13592, "loss": 0.11963112592697143}
{"samples": 13792, "loss": 0.1539561152458191}
{"samples": 13992, "loss": 0.16458190023899077}
{"samples": 14192, "loss": 0.1671522378921509}
{"samples": 14392, "loss": 0.18780393183231353}
{"samples": 14592,