{"samples": 448, "accuracy": 0.5003594539939332, "std": 0.011637876314977744, "lower_bound": 0.4782482305358949, "upper_bound": 0.5257836198179979}
{"samples": 960, "accuracy": 0.5123847320525783, "std": 0.011454123971269594, "lower_bound": 0.490381698685541, "upper_bound": 0.5348837209302325}
{"samples": 1472, "accuracy": 0.8214100101112235, "std": 0.00876591173534774, "lower_bound": 0.8033367037411526, "upper_bound": 0.837221941354904}
{"samples": 1984, "accuracy": 0.8541218402426694, "std": 0.007811104853493326, "lower_bound": 0.8387259858442871, "upper_bound": 0.869072295247725}
{"samples": 2496, "accuracy": 0.863587462082912, "std": 0.0075640640130735, "lower_bound": 0.8483316481294236, "upper_bound": 0.8776541961577351}
{"samples": 3008, "accuracy": 0.7442593528816988, "std": 0.009934759119921725, "lower_bound": 0.7244565217391304, "upper_bound": 0.7634100101112234}
{"samples": 3520, "accuracy": 0.7727649140546006, "std": 0.009450927072132968, "lower_bound": 0.7537917087967644, "upper_bound": 0.7912032355915066}
{"samples": 4032, "accuracy": 0.838819514661274, "std": 0.008029909053329076, "lower_bound": 0.8225480283114257, "upper_bound": 0.8543983822042467}
{"samples": 4544, "accuracy": 0.8856405460060667, "std": 0.007131276647831866, "lower_bound": 0.8720803842264914, "upper_bound": 0.8988877654196158}
{"samples": 5056, "accuracy": 0.8806729019211325, "std": 0.00750958597280608, "lower_bound": 0.865520728008089, "upper_bound": 0.8948432760364005}
{"samples": 5568, "accuracy": 0.8772740141557128, "std": 0.0073925162120892654, "lower_bound": 0.8624873609706775, "upper_bound": 0.8918099089989889}
{"samples": 6080, "accuracy": 0.8431112234580384, "std": 0.008147188872517249, "lower_bound": 0.8270854398382204, "upper_bound": 0.858948432760364}
{"samples": 6592, "accuracy": 0.8056112234580385, "std": 0.008988047321187253, "lower_bound": 0.7876643073811931, "upper_bound": 0.8220551061678464}
{"samples": 7104, "accuracy": 0.8774878665318504, "std": 0.007086747971981899, "lower_bound": 0.8634984833164813, "upper_bound": 0.890798786653185}
{"samples": 7616, "accuracy": 0.8763579373104146, "std": 0.007343385309893898, "lower_bound": 0.8624873609706775, "upper_bound": 0.890798786653185}
{"samples": 8128, "accuracy": 0.8720581395348838, "std": 0.007497631377738741, "lower_bound": 0.8569135490394337, "upper_bound": 0.8862487360970678}
{"samples": 8640, "accuracy": 0.8384064711830131, "std": 0.008172636408075447, "lower_bound": 0.8220298281092012, "upper_bound": 0.8538928210313448}
{"samples": 9152, "accuracy": 0.810118806875632, "std": 0.008620919116976739, "lower_bound": 0.7932128412537917, "upper_bound": 0.826592517694641}
{"samples": 9664, "accuracy": 0.8175404448938322, "std": 0.00902895985863165, "lower_bound": 0.7997977755308392, "upper_bound": 0.8346814964610718}
{"samples": 10176, "accuracy": 0.857149646107179, "std": 0.007525268056101302, "lower_bound": 0.8412537917087968, "upper_bound": 0.8721056622851365}
{"samples": 10688, "accuracy": 0.8491046511627908, "std": 0.00804171541960828, "lower_bound": 0.833164812942366, "upper_bound": 0.8645096056622852}
{"samples": 11200, "accuracy": 0.816984833164813, "std": 0.008795572830515382, "lower_bound": 0.7997851365015166, "upper_bound": 0.8336703741152679}
{"samples": 11712, "accuracy": 0.8781981799797774, "std": 0.00748210422488114, "lower_bound": 0.8634984833164813, "upper_bound": 0.8923281092012134}
{"samples": 12224, "accuracy": 0.8793827098078868, "std": 0.00744414473929626, "lower_bound": 0.8650025278058645, "upper_bound": 0.8933392315470172}
{"samples": 12736, "accuracy": 0.8644706774519717, "std": 0.007486660645239089, "lower_bound": 0.8493427704752275, "upper_bound": 0.878159757330637}
{"samples": 13248, "accuracy": 0.8310692618806875, "std": 0.008704054171523546, "lower_bound": 0.813953488372093, "upper_bound": 0.8468276036400405}
{"samples": 13760, "accuracy": 0.8388852376137513, "std": 0.008378656868584064, "lower_bound": 0.8230535894843276, "upper_bound": 0.8554095045500506}
{"samples": 14272, "accuracy": 0.8621905965621839, "std": 0.007769612255406277, "lower_bound": 0.8473205257836198, "upper_bound": 0.8771486349848332}
{"samples": 14784, "accuracy": 0.8532896865520728, "std": 0.008404150519945515, "lower_bound": 0.8361981799797775, "upper_bound": 0.8700834175935288}
{"samples": 15296, "accuracy": 0.8424459049544994, "std": 0.007997872871449414, "lower_bound": 0.8275910010111223, "upper_bound": 0.8574443882709808}
{"samples": 15808, "accuracy": 0.836974216380182, "std": 0.008290105339897253, "lower_bound": 0.8210187057633973, "upper_bound": 0.852881698685541}
{"samples": 192, "loss": 0.767059326171875}
{"samples": 448, "loss": 0.7528290748596191}
{"samples": 704, "loss": 0.6770539283752441}
{"samples": 960, "loss": 0.6470398902893066}
{"samples": 1216, "loss": 0.6107406616210938}
{"samples": 1472, "loss": 0.5560848712921143}
{"samples": 1728, "loss": 0.5470767766237259}
{"samples": 1984, "loss": 0.46496596187353134}
{"samples": 2240, "loss": 0.48491282761096954}
{"samples": 2496, "loss": 0.4175722077488899}
{"samples": 2752, "loss": 0.38038933277130127}
{"samples": 3008, "loss": 0.38127943128347397}
{"samples": 3264, "loss": 0.38083232194185257}
{"samples": 3520, "loss": 0.3701319769024849}
{"samples": 3776, "loss": 0.3669001832604408}
{"samples": 4032, "loss": 0.40394145995378494}
{"samples": 4288, "loss": 0.36407943814992905}
{"samples": 4544, "loss": 0.3497537225484848}
{"samples": 4800, "loss": 0.37358834594488144}
{"samples": 5056, "loss": 0.42617931216955185}
{"samples": 5312, "loss": 0.38905031979084015}
{"samples": 5568, "loss": 0.3322029486298561}
{"samples": 5824, "loss": 0.342570997774601}
{"samples": 6080, "loss": 0.3685467764735222}
{"samples": 6336, "loss": 0.3272335007786751}
{"samples": 6592, "loss": 0.3427770063281059}
{"samples": 6848, "loss": 0.34939027577638626}
{"samples": 7104, "loss": 0.3442310392856598}
{"samples": 7360, "loss": 0.41920723021030426}
{"samples": 7616, "loss": 0.28252290189266205}
{"samples": 7872, "loss": 0.3654981032013893}
{"samples": 8128, "loss": 0.26489758491516113}
{"samples": 8384, "loss": 0.26379435509443283}
{"samples": 8640, "loss": 0.2733270563185215}
{"samples": 8896, "loss": 0.2877219319343567}
{"samples": 9152, "loss": 0.278169147670269}
{"samples": 9408, "loss": 0.2853681221604347}
{"samples": 9664, "loss": 0.288390826433897}
{"samples": 9920, "loss": 0.296977736055851}
{"samples": 10176, "loss": 0.2888360321521759}
{"samples": 10432, "loss": 0.3148512542247772}
{"samples": 10688, "loss": 0.3683623969554901}
{"samples": 10944, "loss": 0.2910304218530655}
{"samples": 11200, "loss": 0.3039472699165344}
{"samples": 11456, "loss": 0.3251008242368698}
{"samples": 11712, "loss": 0.3262043371796608}
{"samples": 11968, "loss": 0.30655108392238617}
{"samples": 12224, "loss": 0.2982802987098694}
{"samples": 12480, "loss": 0.26677846908569336}
{"samples": 12736, "loss": 0.3340294286608696}
{"samples": 12992, "loss": 0.32810768485069275}
{"samples": 13248, "loss": 0.26023563742637634}
{"samples": 13504, "loss": 0.2956903353333473}
{"samples": 13760, "loss": 0.31140249222517014}
{"samples": 14016, "loss": 0.30598147213459015}
{"samples": 14272, "loss": 0.2972376421093941}
{"samples": 14528, "loss": 0.29228124767541885}
{"samples": 14784, "loss": 0.28077933192253113}
{"samples": 15040, "loss": 0.26459581032395363}
{"samples": 15296, "loss": 0.2968949191272259}
{"samples": 15552, "loss": 0.2990116849541664}
{"samples": 15808, "loss": 0.368446908891201}
