{
    "accuracy": 0.9243975903614459,
    "precision": 0.9928922148983196,
    "recall": 0.8550603120769223,
    "f1_score": 0.91879817427083,
    "fp_rate": 0.006130591647252766,
    "tp_rate": 0.8550603120769223,
    "std_accuracy": 0.005884039549546064,
    "std_precision": 0.002812125306768979,
    "std_recall": 0.010872621538557593,
    "std_f1_score": 0.006463019320561632,
    "std_fp_rate": 0.0024211628119680004,
    "std_tp_rate": 0.010872621538557593,
    "TP": 852.378,
    "TN": 989.022,
    "FP": 6.101,
    "FN": 144.499,
    "roc_auc": 0.9942163231238205,
    "fpr_at_thresholds": [
        0.0,
        0.0,
        0.0,
        0.0,
        0.0,
        0.0,
        0.0,
        0.0,
        0.0,
        0.0,
        0.0,
        0.0,
        0.0,
        0.0,
        0.0,
        0.0,
        0.0,
        0.0,
        0.0,
        0.0,
        0.0,
        0.0,
        0.0,
        0.0,
        0.0,
        0.0,
        0.0,
        0.0,
        0.0,
        0.0,
        0.0,
        0.0,
        0.0,
        0.0,
        0.0,
        0.0,
        0.0,
        0.0,
        0.0,
        0.0,
        0.0,
        0.0,
        0.0,
        0.0,
        0.0,
        0.0,
        0.0,
        0.0,
        0.001004016064257028,
        0.002008032128514056,
        0.002008032128514056,
        0.002008032128514056,
        0.002008032128514056,
        0.002008032128514056,
        0.002008032128514056,
        0.002008032128514056,
        0.002008032128514056,
        0.0030120481927710845,
        0.0030120481927710845,
        0.0030120481927710845,
        0.0030120481927710845,
        0.0030120481927710845,
        0.0030120481927710845,
        0.0030120481927710845,
        0.004016064257028112,
        0.004016064257028112,
        0.0050200803212851405,
        0.006024096385542169,
        0.006024096385542169,
        0.007028112449799197,
        0.007028112449799197,
        0.007028112449799197,
        0.007028112449799197,
        0.007028112449799197,
        0.007028112449799197,
        0.007028112449799197,
        0.007028112449799197,
        0.009036144578313253,
        0.010040160642570281,
        0.012048192771084338,
        0.012048192771084338,
        0.012048192771084338,
        0.012048192771084338,
        0.013052208835341365,
        0.013052208835341365,
        0.013052208835341365,
        0.014056224899598393,
        0.015060240963855422,
        0.015060240963855422,
        0.01706827309236948,
        0.01706827309236948,
        0.019076305220883535,
        0.020080321285140562,
        0.020080321285140562,
        0.020080321285140562,
        0.02208835341365462,
        0.02208835341365462,
        0.02208835341365462,
        0.02208835341365462,
        0.024096385542168676,
        0.02610441767068273,
        0.02610441767068273,
        0.02710843373493976,
        0.030120481927710843,
        0.03112449799196787,
        0.03112449799196787,
        0.03413654618473896,
        0.035140562248995984,
        0.045180722891566265,
        0.04718875502008032,
        0.04819277108433735,
        0.04819277108433735,
        0.050200803212851405,
        0.05120481927710843,
        0.05120481927710843,
        0.05321285140562249,
        0.05321285140562249,
        0.05622489959839357,
        0.05823293172690763,
        0.060240963855421686,
        0.06124497991967871,
        0.0642570281124498,
        0.06526104417670683,
        0.07329317269076305,
        0.07530120481927711,
        0.08132530120481928,
        0.10040160642570281,
        0.10240963855421686,
        0.12550200803212852,
        0.1285140562248996,
        0.13453815261044177,
        0.14056224899598393,
        0.16164658634538154,
        0.1636546184738956,
        0.1716867469879518,
        0.18674698795180722,
        0.19578313253012047,
        0.19779116465863453,
        0.19979919678714858,
        0.20381526104417672,
        0.20582329317269077,
        0.20783132530120482,
        0.21084337349397592,
        0.21686746987951808,
        0.22088353413654618,
        0.22188755020080322,
        0.22791164658634538,
        0.2359437751004016,
        0.23795180722891565,
        0.2429718875502008,
        0.25301204819277107,
        0.2540160642570281,
        0.25502008032128515,
        0.2600401606425703,
        0.26104417670682734,
        0.26706827309236947,
        0.2740963855421687,
        0.285140562248996,
        0.3042168674698795,
        0.30522088353413657,
        0.31827309236947793,
        0.3514056224899598,
        0.35441767068273095,
        0.35542168674698793,
        0.3604417670682731,
        0.36244979919678716,
        0.3684738955823293,
        0.36947791164658633,
        0.38755020080321284,
        0.3885542168674699,
        0.45180722891566266,
        0.45582329317269077,
        0.45883534136546184,
        0.4598393574297189,
        0.463855421686747,
        0.46586345381526106,
        0.46987951807228917,
        0.4748995983935743,
        0.5572289156626506,
        0.7068273092369478,
        0.7108433734939759,
        0.8875502008032129,
        0.8885542168674698,
        0.9588353413654619,
        0.9598393574297188,
        0.9658634538152611,
        0.9668674698795181,
        0.9698795180722891,
        0.9708835341365462,
        0.9829317269076305,
        0.9979919678714859,
        1.0
    ],