{
    "accuracy": 0.8110729225551159,
    "precision": 0.9928338489794382,
    "recall": 0.6269884745104723,
    "f1_score": 0.7684933171242062,
    "fp_rate": 0.004533715683296389,
    "tp_rate": 0.6269884745104723,
    "std_accuracy": 0.008530635585729578,
    "std_precision": 0.003682942782916689,
    "std_recall": 0.014892088667480334,
    "std_f1_score": 0.011314931865075319,
    "std_fp_rate": 0.0023336247167865414,
    "std_tp_rate": 0.014892088667480334,
    "TP": 555.062,
    "TN": 879.726,
    "FP": 4.007,
    "FN": 330.205,
    "roc_auc": 0.9657962011401693,
    "fpr_at_thresholds": [
        0.0,
        0.0,
        0.0,
        0.0,
        0.0,
        0.0,
        0.0,
        0.0,
        0.0,
        0.0,
        0.0,
        0.0,
        0.0,
        0.0,
        0.0,
        0.0,
        0.0,
        0.0,
        0.0,
        0.0,
        0.0,
        0.0,
        0.0,
        0.0,
        0.0,
        0.0,
        0.0,
        0.0,
        0.0,
        0.0,
        0.0,
        0.0,
        0.0011312217194570137,
        0.0011312217194570137,
        0.0011312217194570137,
        0.0011312217194570137,
        0.0011312217194570137,
        0.0011312217194570137,
        0.0011312217194570137,
        0.0022624434389140274,
        0.0022624434389140274,
        0.0022624434389140274,
        0.0022624434389140274,
        0.0022624434389140274,
        0.0022624434389140274,
        0.0022624434389140274,
        0.003393665158371041,
        0.003393665158371041,
        0.004524886877828055,
        0.004524886877828055,
        0.005656108597285068,
        0.005656108597285068,
        0.005656108597285068,
        0.005656108597285068,
        0.005656108597285068,
        0.005656108597285068,
        0.005656108597285068,
        0.007918552036199095,
        0.00904977375565611,
        0.011312217194570135,
        0.011312217194570135,
        0.011312217194570135,
        0.012443438914027148,
        0.012443438914027148,
        0.012443438914027148,
        0.012443438914027148,
        0.013574660633484163,
        0.014705882352941176,
        0.014705882352941176,
        0.016968325791855202,
        0.016968325791855202,
        0.016968325791855202,
        0.016968325791855202,
        0.016968325791855202,
        0.01809954751131222,
        0.01809954751131222,
        0.01809954751131222,
        0.01809954751131222,
        0.019230769230769232,
        0.019230769230769232,
        0.020361990950226245,
        0.020361990950226245,
        0.020361990950226245,
        0.020361990950226245,
        0.020361990950226245,
        0.020361990950226245,
        0.02262443438914027,
        0.024886877828054297,
        0.026018099547511313,
        0.026018099547511313,
        0.02828054298642534,
        0.029411764705882353,
        0.03959276018099547,
        0.0418552036199095,
        0.042986425339366516,
        0.04524886877828054,
        0.04751131221719457,
        0.04751131221719457,
        0.048642533936651584,
        0.048642533936651584,
        0.049773755656108594,
        0.05203619909502263,
        0.05203619909502263,
        0.05429864253393665,
        0.057692307692307696,
        0.06561085972850679,
        0.06787330316742081,
        0.0746606334841629,
        0.09389140271493213,
        0.09502262443438914,
        0.11538461538461539,
        0.11877828054298642,
        0.11990950226244344,
        0.11990950226244344,
        0.1255656108597285,
        0.13122171945701358,
        0.15384615384615385,
        0.15610859728506787,
        0.16063348416289594,
        0.16402714932126697,
        0.17986425339366516,
        0.18438914027149322,
        0.18778280542986425,
        0.19117647058823528,
        0.19230769230769232,
        0.19457013574660634,
        0.19457013574660634,
        0.19796380090497737,
        0.20361990950226244,
        0.2081447963800905,
        0.20927601809954752,
        0.2160633484162896,
        0.22624434389140272,
        0.22850678733031674,
        0.2341628959276018,
        0.24434389140271492,
        0.24660633484162897,
        0.24660633484162897,
        0.252262443438914,
        0.25339366515837103,
        0.2669683257918552,
        0.27828054298642535,
        0.29524886877828055,
        0.3076923076923077,
        0.3416289592760181,
        0.34502262443438914,
        0.34615384615384615,
        0.35180995475113125,
        0.35407239819004527,
        0.3608597285067873,
        0.37895927601809953,
        0.38009049773755654,
        0.43778280542986425,
        0.4423076923076923,
        0.4457013574660634,
        0.4468325791855204,
        0.4513574660633484,
        0.45361990950226244,
        0.45701357466063347,
        0.4581447963800905,
        0.4638009049773756,
        0.503393665158371,
        0.5452488687782805,
        0.6957013574660633,
        0.7002262443438914,
        0.8800904977375565,
        0.8812217194570136,
        0.9570135746606335,
        0.9581447963800905,
        0.9638009049773756,
        0.9649321266968326,
        0.9671945701357466,
        0.9683257918552036,
        0.9819004524886877,
        0.997737556561086,
        1.0
    ],