{
    "accuracy": 0.5814277108433734,
    "precision": 0.965333641432608,
    "recall": 0.16768549001903602,
    "f1_score": 0.2855620378104759,
    "fp_rate": 0.005998553387031721,
    "tp_rate": 0.16768549001903602,
    "std_accuracy": 0.011444972669114765,
    "std_precision": 0.013914024392164917,
    "std_recall": 0.011885556199581458,
    "std_f1_score": 0.017380703015937398,
    "std_fp_rate": 0.002427628467096474,
    "std_tp_rate": 0.011885556199581458,
    "TP": 166.762,
    "TN": 991.442,
    "FP": 5.984,
    "FN": 827.812,
    "roc_auc": 0.8603278576151997,
    "fpr_at_thresholds": [
        0.0,
        0.0,
        0.0,
        0.0,
        0.0,
        0.0,
        0.0,
        0.0,
        0.0,
        0.0,
        0.0,
        0.0,
        0.0,
        0.0,
        0.0,
        0.0,
        0.0,
        0.0,
        0.0,
        0.0,
        0.0,
        0.0,
        0.0,
        0.001004016064257028,
        0.002008032128514056,
        0.002008032128514056,
        0.002008032128514056,
        0.002008032128514056,
        0.0030120481927710845,
        0.0030120481927710845,
        0.0030120481927710845,
        0.0030120481927710845,
        0.0030120481927710845,
        0.0030120481927710845,
        0.004016064257028112,
        0.004016064257028112,
        0.0050200803212851405,
        0.0050200803212851405,
        0.006024096385542169,
        0.006024096385542169,
        0.007028112449799197,
        0.007028112449799197,
        0.007028112449799197,
        0.007028112449799197,
        0.007028112449799197,
        0.007028112449799197,
        0.007028112449799197,
        0.007028112449799197,
        0.007028112449799197,
        0.007028112449799197,
        0.007028112449799197,
        0.007028112449799197,
        0.007028112449799197,
        0.009036144578313253,
        0.010040160642570281,
        0.012048192771084338,
        0.012048192771084338,
        0.012048192771084338,
        0.013052208835341365,
        0.013052208835341365,
        0.013052208835341365,
        0.013052208835341365,
        0.013052208835341365,
        0.013052208835341365,
        0.013052208835341365,
        0.013052208835341365,
        0.013052208835341365,
        0.014056224899598393,
        0.015060240963855422,
        0.015060240963855422,
        0.015060240963855422,
        0.015060240963855422,
        0.015060240963855422,
        0.01706827309236948,
        0.01706827309236948,
        0.01706827309236948,
        0.01706827309236948,
        0.019076305220883535,
        0.020080321285140562,
        0.020080321285140562,
        0.020080321285140562,
        0.020080321285140562,
        0.02108433734939759,
        0.02108433734939759,
        0.02208835341365462,
        0.02208835341365462,
        0.02208835341365462,
        0.02208835341365462,
        0.02208835341365462,
        0.02208835341365462,
        0.023092369477911646,
        0.024096385542168676,
        0.024096385542168676,
        0.02610441767068273,
        0.02610441767068273,
        0.02710843373493976,
        0.030120481927710843,
        0.030120481927710843,
        0.03112449799196787,
        0.03112449799196787,
        0.03413654618473896,
        0.035140562248995984,
        0.045180722891566265,
        0.04718875502008032,
        0.04819277108433735,
        0.04819277108433735,
        0.050200803212851405,
        0.05120481927710843,
        0.05120481927710843,
        0.05321285140562249,
        0.05421686746987952,
        0.05421686746987952,
        0.05421686746987952,
        0.055220883534136546,
        0.055220883534136546,
        0.05622489959839357,
        0.05823293172690763,
        0.05923694779116466,
        0.05923694779116466,
        0.05923694779116466,
        0.060240963855421686,
        0.06124497991967871,
        0.0642570281124498,
        0.0642570281124498,
        0.06526104417670683,
        0.07329317269076305,
        0.07530120481927711,
        0.08032128514056225,
        0.09939759036144578,
        0.10140562248995984,
        0.12449799196787148,
        0.12751004016064257,
        0.1285140562248996,
        0.1285140562248996,
        0.12951807228915663,
        0.12951807228915663,
        0.13152610441767068,
        0.13253012048192772,
        0.13353413654618473,
        0.13353413654618473,
        0.13353413654618473,
        0.13353413654618473,
        0.1395582329317269,
        0.1606425702811245,
        0.16164658634538154,
        0.16164658634538154,
        0.16265060240963855,
        0.16666666666666666,
        0.1706827309236948,
        0.1857429718875502,
        0.19477911646586346,
        0.19477911646586346,
        0.19678714859437751,
        0.19879518072289157,
        0.20281124497991967,
        0.20481927710843373,
        0.20481927710843373,
        0.20682730923694778,
        0.20682730923694778,
        0.20682730923694778,
        0.20883534136546184,
        0.20983935742971888,
        0.21586345381526104,
        0.21987951807228914,
        0.22088353413654618,
        0.22690763052208834,
        0.23493975903614459,
        0.23694779116465864,
        0.2419678714859438,
        0.25301204819277107,
        0.2540160642570281,
        0.25502008032128515,
        0.2600401606425703,
        0.26104417670682734,
        0.26706827309236947,
        0.2740963855421687,
        0.285140562248996,
        0.3042168674698795,
        0.30522088353413657,
        0.31827309236947793,
        0.3514056224899598,
        0.3514056224899598,
        0.35441767068273095,
        0.35542168674698793,
        0.3604417670682731,
        0.36244979919678716,
        0.3674698795180723,
        0.3684738955823293,
        0.3865461847389558,
        0.38755020080321284,
        0.4508032128514056,
        0.45481927710843373,
        0.4578313253012048,
        0.45883534136546184,
        0.46285140562248994,
        0.464859437751004,
        0.4678714859437751,
        0.46887550200803213,
        0.4738955823293173,
        0.5160642570281124,
        0.5572289156626506,
        0.5572289156626506,
        0.7068273092369478,
        0.7108433734939759,
        0.8875502008032129,
        0.8885542168674698,
        0.9588353413654619,
        0.9598393574297188,
        0.9658634538152611,
        0.9668674698795181,
        0.9698795180722891,
        0.9708835341365462,
        0.9829317269076305,
        0.9979919678714859,
        1.0
    ],