{
    "accuracy": 0.536030839231547,
    "precision": 0.9269647131160842,
    "recall": 0.07707953235522198,
    "f1_score": 0.14221207998155883,
    "fp_rate": 0.006056091316660584,
    "tp_rate": 0.07707953235522198,
    "std_accuracy": 0.010927943484938708,
    "std_precision": 0.027305867651986077,
    "std_recall": 0.008414639787226572,
    "std_f1_score": 0.014421542554053047,
    "std_fp_rate": 0.0023413151140479213,
    "std_tp_rate": 0.008414639787226572,
    "TP": 76.149,
    "TN": 984.12,
    "FP": 5.997,
    "FN": 911.734,
    "roc_auc": 0.8049740267308441,
    "fpr_at_thresholds": [
        0.0,
        0.0,
        0.0,
        0.0,
        0.0,
        0.0,
        0.0,
        0.0,
        0.0,
        0.0,
        0.0,
        0.0,
        0.0010111223458038423,
        0.0020222446916076846,
        0.0020222446916076846,
        0.003033367037411527,
        0.003033367037411527,
        0.003033367037411527,
        0.003033367037411527,
        0.004044489383215369,
        0.004044489383215369,
        0.005055611729019211,
        0.005055611729019211,
        0.006066734074823054,
        0.006066734074823054,
        0.007077856420626896,
        0.007077856420626896,
        0.007077856420626896,
        0.007077856420626896,
        0.007077856420626896,
        0.007077856420626896,
        0.007077856420626896,
        0.007077856420626896,
        0.007077856420626896,
        0.007077856420626896,
        0.007077856420626896,
        0.007077856420626896,
        0.00910010111223458,
        0.010111223458038422,
        0.012133468149646108,
        0.012133468149646108,
        0.012133468149646108,
        0.012133468149646108,
        0.01314459049544995,
        0.01314459049544995,
        0.01314459049544995,
        0.01314459049544995,
        0.01314459049544995,
        0.01314459049544995,
        0.014155712841253791,
        0.015166835187057633,
        0.015166835187057633,
        0.017189079878665317,
        0.017189079878665317,
        0.017189079878665317,
        0.017189079878665317,
        0.019211324570273004,
        0.020222446916076844,
        0.020222446916076844,
        0.020222446916076844,
        0.020222446916076844,
        0.021233569261880688,
        0.022244691607684528,
        0.022244691607684528,
        0.022244691607684528,
        0.022244691607684528,
        0.022244691607684528,
        0.022244691607684528,
        0.022244691607684528,
        0.024266936299292215,
        0.024266936299292215,
        0.0262891809908999,
        0.0262891809908999,
        0.027300303336703743,
        0.030333670374115267,
        0.030333670374115267,
        0.030333670374115267,
        0.030333670374115267,
        0.03134479271991911,
        0.03134479271991911,
        0.034378159757330634,
        0.03538928210313448,
        0.0455005055611729,
        0.0455005055611729,
        0.047522750252780584,
        0.047522750252780584,
        0.04853387259858443,
        0.05055611729019211,
        0.05156723963599596,
        0.05156723963599596,
        0.05358948432760364,
        0.05358948432760364,
        0.05358948432760364,
        0.05358948432760364,
        0.05358948432760364,
        0.054600606673407485,
        0.054600606673407485,
        0.054600606673407485,
        0.055611729019211326,
        0.055611729019211326,
        0.057633973710819006,
        0.05864509605662285,
        0.05864509605662285,
        0.05864509605662285,
        0.05965621840242669,
        0.06066734074823053,
        0.06370070778564206,
        0.06370070778564206,
        0.06471183013144591,
        0.07280080889787664,
        0.07482305358948432,
        0.08088978766430738,
        0.10010111223458039,
        0.10212335692618807,
        0.12537917087967643,
        0.12841253791708795,
        0.12942366026289182,
        0.12942366026289182,
        0.13144590495449948,
        0.13144590495449948,
        0.13245702730030334,
        0.13245702730030334,
        0.13346814964610718,
        0.134479271991911,
        0.134479271991911,
        0.14054600606673406,
        0.16177957532861476,
        0.16279069767441862,
        0.16683518705763398,
        0.17087967644084934,
        0.18503538928210314,
        0.19312436804853386,
        0.19514661274014156,
        0.19514661274014156,
        0.19716885743174925,
        0.2012133468149646,
        0.2032355915065723,
        0.2032355915065723,
        0.20525783619817997,
        0.20525783619817997,
        0.20626895854398383,
        0.20728008088978767,
        0.2082912032355915,
        0.21435793731041455,
        0.21840242669362994,
        0.21941354903943378,
        0.22548028311425683,
        0.2345803842264914,
        0.23660262891809908,
        0.2416582406471183,
        0.2517694641051567,
        0.2537917087967644,
        0.2537917087967644,
        0.25884732052578363,
        0.25985844287158744,
        0.2659251769464105,
        0.2730030333670374,
        0.28412537917087965,
        0.3033367037411527,
        0.30434782608695654,
        0.31749241658240646,
        0.35085945399393326,
        0.35085945399393326,
        0.35085945399393326,
        0.3538928210313448,
        0.35490394337714865,
        0.35995955510616784,
        0.3619817997977755,
        0.36703741152679475,
        0.36804853387259856,
        0.3862487360970677,
        0.3872598584428716,
        0.448938321536906,
        0.4529828109201213,
        0.45601617795753285,
        0.4570273003033367,
        0.46107178968655205,
        0.46309403437815977,
        0.4671385237613751,
        0.47219413549039435,
        0.5146612740141557,
        0.5551061678463094,
        0.704752275025278,
        0.7087967644084934,
        0.8867542972699697,
        0.8877654196157735,
        0.9585439838220424,
        0.9595551061678463,
        0.9656218402426694,
        0.9666329625884732,
        0.9696663296258847,
        0.9706774519716885,
        0.9828109201213346,
        0.9828109201213346,
        0.9979777553083923,
        1.0
    ],