{
    "accuracy": 0.8730617469879518,
    "precision": 0.9920819627682121,
    "recall": 0.7522019366217569,
    "f1_score": 0.8555796961289673,
    "fp_rate": 0.00601108886806316,
    "tp_rate": 0.7522019366217569,
    "std_accuracy": 0.007451052064920985,
    "std_precision": 0.0031955543051010488,
    "std_recall": 0.013428126016281556,
    "std_f1_score": 0.008836154077282263,
    "std_fp_rate": 0.0024288913942751597,
    "std_tp_rate": 0.013428126016281556,
    "TP": 749.379,
    "TN": 989.76,
    "FP": 5.983,
    "FN": 246.878,
    "roc_auc": 0.9893907961161916,
    "fpr_at_thresholds": [
        0.0,
        0.0,
        0.0,
        0.0,
        0.0,
        0.0,
        0.0,
        0.0,
        0.0,
        0.0,
        0.0,
        0.0,
        0.0,
        0.0,
        0.0,
        0.0,
        0.0,
        0.0,
        0.0,
        0.0,
        0.0,
        0.0,
        0.0,
        0.0,
        0.0,
        0.0,
        0.0,
        0.0,
        0.0,
        0.0,
        0.0,
        0.0,
        0.0,
        0.0,
        0.0,
        0.0,
        0.0,
        0.001004016064257028,
        0.001004016064257028,
        0.002008032128514056,
        0.002008032128514056,
        0.002008032128514056,
        0.002008032128514056,
        0.002008032128514056,
        0.002008032128514056,
        0.0030120481927710845,
        0.0030120481927710845,
        0.0030120481927710845,
        0.0030120481927710845,
        0.0030120481927710845,
        0.004016064257028112,
        0.004016064257028112,
        0.0050200803212851405,
        0.0050200803212851405,
        0.006024096385542169,
        0.006024096385542169,
        0.007028112449799197,
        0.007028112449799197,
        0.007028112449799197,
        0.007028112449799197,
        0.007028112449799197,
        0.007028112449799197,
        0.007028112449799197,
        0.007028112449799197,
        0.007028112449799197,
        0.009036144578313253,
        0.010040160642570281,
        0.012048192771084338,
        0.012048192771084338,
        0.012048192771084338,
        0.013052208835341365,
        0.013052208835341365,
        0.013052208835341365,
        0.013052208835341365,
        0.014056224899598393,
        0.015060240963855422,
        0.015060240963855422,
        0.015060240963855422,
        0.015060240963855422,
        0.01706827309236948,
        0.01706827309236948,
        0.01706827309236948,
        0.01706827309236948,
        0.019076305220883535,
        0.019076305220883535,
        0.020080321285140562,
        0.020080321285140562,
        0.020080321285140562,
        0.020080321285140562,
        0.02108433734939759,
        0.02208835341365462,
        0.02208835341365462,
        0.02208835341365462,
        0.02208835341365462,
        0.023092369477911646,
        0.024096385542168676,
        0.02610441767068273,
        0.02610441767068273,
        0.02710843373493976,
        0.030120481927710843,
        0.030120481927710843,
        0.03112449799196787,
        0.03112449799196787,
        0.03413654618473896,
        0.035140562248995984,
        0.045180722891566265,
        0.04718875502008032,
        0.04819277108433735,
        0.04819277108433735,
        0.050200803212851405,
        0.05120481927710843,
        0.05321285140562249,
        0.05421686746987952,
        0.05421686746987952,
        0.05421686746987952,
        0.055220883534136546,
        0.055220883534136546,
        0.05622489959839357,
        0.05823293172690763,
        0.05923694779116466,
        0.05923694779116466,
        0.060240963855421686,
        0.06124497991967871,
        0.0642570281124498,
        0.06526104417670683,
        0.07329317269076305,
        0.07530120481927711,
        0.08132530120481928,
        0.10040160642570281,
        0.10240963855421686,
        0.12550200803212852,
        0.1285140562248996,
        0.13453815261044177,
        0.14056224899598393,
        0.16164658634538154,
        0.1636546184738956,
        0.1676706827309237,
        0.1716867469879518,
        0.18674698795180722,
        0.19477911646586346,
        0.19678714859437751,
        0.19879518072289157,
        0.20281124497991967,
        0.20481927710843373,
        0.20682730923694778,
        0.20783132530120482,
        0.20883534136546184,
        0.20983935742971888,
        0.21586345381526104,
        0.21987951807228914,
        0.22088353413654618,
        0.22690763052208834,
        0.23493975903614459,
        0.23694779116465864,
        0.2419678714859438,
        0.2520080321285141,
        0.2540160642570281,
        0.25903614457831325,
        0.2600401606425703,
        0.2660642570281124,
        0.27309236947791166,
        0.28413654618473894,
        0.3032128514056225,
        0.3042168674698795,
        0.3172690763052209,
        0.35040160642570284,
        0.3534136546184739,
        0.35441767068273095,
        0.35943775100401604,
        0.3614457831325301,
        0.3674698795180723,
        0.3684738955823293,
        0.3865461847389558,
        0.38755020080321284,
        0.4497991967871486,
        0.4538152610441767,
        0.4568273092369478,
        0.4578313253012048,
        0.46184738955823296,
        0.463855421686747,
        0.4678714859437751,
        0.47289156626506024,
        0.5150602409638554,
        0.5562248995983936,
        0.7068273092369478,
        0.7108433734939759,
        0.8875502008032129,
        0.8885542168674698,
        0.9588353413654619,
        0.9598393574297188,
        0.9658634538152611,
        0.9668674698795181,
        0.9698795180722891,
        0.9708835341365462,
        0.9829317269076305,
        0.9979919678714859,
        1.0
    ],