{
    "accuracy": 0.5267667342799188,
    "precision": 0.9077668302274001,
    "recall": 0.059692622576815596,
    "f1_score": 0.1119299108530374,
    "fp_rate": 0.0060658332115475794,
    "tp_rate": 0.059692622576815596,
    "std_accuracy": 0.011608560029048337,
    "std_precision": 0.036488004567749345,
    "std_recall": 0.007375674282773884,
    "std_f1_score": 0.01306195231448351,
    "std_fp_rate": 0.0024935745964349693,
    "std_tp_rate": 0.007375674282773884,
    "TP": 58.848,
    "TN": 979.936,
    "FP": 5.979,
    "FN": 927.237,
    "roc_auc": 0.7792158165637382,
    "fpr_at_thresholds": [
        0.0,
        0.0,
        0.0,
        0.0,
        0.0,
        0.0,
        0.0,
        0.0,
        0.0,
        0.0010141987829614604,
        0.002028397565922921,
        0.002028397565922921,
        0.0030425963488843813,
        0.0030425963488843813,
        0.0030425963488843813,
        0.0030425963488843813,
        0.0030425963488843813,
        0.0030425963488843813,
        0.004056795131845842,
        0.005070993914807302,
        0.005070993914807302,
        0.006085192697768763,
        0.006085192697768763,
        0.007099391480730223,
        0.007099391480730223,
        0.007099391480730223,
        0.007099391480730223,
        0.007099391480730223,
        0.007099391480730223,
        0.007099391480730223,
        0.009127789046653144,
        0.009127789046653144,
        0.010141987829614604,
        0.012170385395537525,
        0.012170385395537525,
        0.012170385395537525,
        0.013184584178498986,
        0.013184584178498986,
        0.013184584178498986,
        0.013184584178498986,
        0.013184584178498986,
        0.014198782961460446,
        0.015212981744421906,
        0.015212981744421906,
        0.015212981744421906,
        0.015212981744421906,
        0.017241379310344827,
        0.017241379310344827,
        0.017241379310344827,
        0.017241379310344827,
        0.019269776876267748,
        0.02028397565922921,
        0.02028397565922921,
        0.02028397565922921,
        0.02129817444219067,
        0.02231237322515213,
        0.02231237322515213,
        0.02231237322515213,
        0.02231237322515213,
        0.02231237322515213,
        0.02434077079107505,
        0.02636916835699797,
        0.02636916835699797,
        0.02738336713995943,
        0.030425963488843813,
        0.030425963488843813,
        0.030425963488843813,
        0.030425963488843813,
        0.03144016227180527,
        0.03144016227180527,
        0.034482758620689655,
        0.035496957403651115,
        0.04563894523326572,
        0.04766734279918864,
        0.0486815415821501,
        0.0486815415821501,
        0.0486815415821501,
        0.05070993914807302,
        0.05172413793103448,
        0.05172413793103448,
        0.0537525354969574,
        0.0537525354969574,
        0.05476673427991886,
        0.05476673427991886,
        0.05476673427991886,
        0.055780933062880324,
        0.055780933062880324,
        0.055780933062880324,
        0.056795131845841784,
        0.058823529411764705,
        0.059837728194726165,
        0.059837728194726165,
        0.059837728194726165,
        0.059837728194726165,
        0.060851926977687626,
        0.061866125760649086,
        0.06490872210953347,
        0.06490872210953347,
        0.06592292089249494,
        0.07403651115618662,
        0.07606490872210954,
        0.0821501014198783,
        0.10040567951318459,
        0.10243407707910751,
        0.12474645030425964,
        0.12778904665314403,
        0.12880324543610547,
        0.13184584178498987,
        0.1328600405679513,
        0.13387423935091278,
        0.13387423935091278,
        0.1389452332657201,
        0.16024340770791076,
        0.1612576064908722,
        0.1612576064908722,
        0.16227180527383367,
        0.1663286004056795,
        0.17038539553752535,
        0.1845841784989858,
        0.1845841784989858,
        0.1926977687626775,
        0.1926977687626775,
        0.19371196754563894,
        0.1947261663286004,
        0.1947261663286004,
        0.19675456389452334,
        0.20081135902636918,
        0.2028397565922921,
        0.20486815415821502,
        0.20486815415821502,
        0.20486815415821502,
        0.20588235294117646,
        0.20588235294117646,
        0.2079107505070994,
        0.21399594320486814,
        0.21805273833671399,
        0.21906693711967545,
        0.22515212981744423,
        0.2332657200811359,
        0.23529411764705882,
        0.24036511156186613,
        0.25050709939148075,
        0.2525354969574036,
        0.2525354969574036,
        0.25760649087221094,
        0.25862068965517243,
        0.2647058823529412,
        0.2718052738336714,
        0.2829614604462475,
        0.3022312373225152,
        0.30324543610547666,
        0.30324543610547666,
        0.31643002028397565,
        0.31643002028397565,
        0.34989858012170383,
        0.34989858012170383,
        0.34989858012170383,
        0.35294117647058826,
        0.3539553752535497,
        0.359026369168357,
        0.36105476673427994,
        0.3671399594320487,
        0.36815415821501013,
        0.385395537525355,
        0.38640973630831643,
        0.38640973630831643,
        0.44929006085192696,
        0.44929006085192696,
        0.45334685598377283,
        0.4563894523326572,
        0.45740365111561865,
        0.4614604462474645,
        0.4634888438133874,
        0.4665314401622718,
        0.46754563894523327,
        0.4726166328600406,
        0.5152129817444219,
        0.5152129817444219,
        0.5567951318458418,
        0.5567951318458418,
        0.7068965517241379,
        0.7109533468559838,
        0.8864097363083164,
        0.8874239350912779,
        0.9584178498985801,
        0.9594320486815415,
        0.9655172413793104,
        0.9665314401622718,
        0.9695740365111561,
        0.9695740365111561,
        0.9705882352941176,
        0.9705882352941176,
        0.9827586206896551,
        0.9979716024340771,
        1.0
    ],