{
    "accuracy": 0.556452,
    "precision": 1.0,
    "recall": 0.11210075793524295,
    "f1_score": 0.20122658107409494,
    "fp_rate": 0.0,
    "tp_rate": 0.11210075793524295,
    "std_accuracy": 0.017669462873053675,
    "std_precision": 0.0,
    "std_recall": 0.016063065147970568,
    "std_f1_score": 0.0259831579302475,
    "std_fp_rate": 0.0,
    "std_tp_rate": 0.016063065147970568,
    "TP": 41.992,
    "TN": 375.347,
    "FP": 0.0,
    "FN": 332.661,
    "roc_auc": 0.8107733333333333,
    "fpr_at_thresholds": [
        0.0,
        0.0,
        0.0,
        0.0,
        0.0,
        0.0,
        0.0,
        0.0,
        0.0,
        0.0,
        0.0,
        0.0,
        0.0,
        0.0,
        0.0,
        0.0,
        0.0,
        0.0,
        0.0,
        0.0,
        0.0,
        0.0,
        0.0,
        0.0,
        0.0,
        0.0,
        0.0,
        0.0,
        0.0,
        0.0,
        0.0,
        0.0,
        0.0,
        0.008,
        0.008,
        0.008,
        0.008,
        0.008,
        0.024,
        0.048,
        0.048,
        0.050666666666666665,
        0.058666666666666666,
        0.058666666666666666,
        0.064,
        0.064,
        0.064,
        0.064,
        0.064,
        0.064,
        0.064,
        0.072,
        0.072,
        0.088,
        0.112,
        0.144,
        0.152,
        0.168,
        0.176,
        0.176,
        0.192,
        0.192,
        0.192,
        0.20266666666666666,
        0.20266666666666666,
        0.20266666666666666,
        0.21066666666666667,
        0.21066666666666667,
        0.21066666666666667,
        0.21066666666666667,
        0.21866666666666668,
        0.21866666666666668,
        0.23466666666666666,
        0.24266666666666667,
        0.248,
        0.26666666666666666,
        0.27466666666666667,
        0.2906666666666667,
        0.2906666666666667,
        0.2906666666666667,
        0.2906666666666667,
        0.328,
        0.336,
        0.336,
        0.336,
        0.37066666666666664,
        0.37066666666666664,
        0.44266666666666665,
        0.44266666666666665,
        0.44266666666666665,
        0.45066666666666666,
        0.504,
        0.5333333333333333,
        0.6826666666666666,
        0.6906666666666667,
        0.8693333333333333,
        0.96,
        0.968,
        0.968,
        1.0
    ],
    "tpr_at_thresholds": [
        0.0,
        0.010666666666666666,
        0.016,
        0.021333333333333333,
        0.032,
        0.048,
        0.05333333333333334,
        0.064,
        0.09066666666666667,
        0.09866666666666667,
        0.104,
        0.10666666666666667,
        0.11733333333333333,
        0.128,
        0.13333333333333333,
        0.14133333333333334,
        0.144,
        0.152,
        0.16266666666666665,
        0.17866666666666667,
        0.184,
        0.19733333333333333,
        0.20266666666666666,
        0.21066666666666667,
        0.21333333333333335,
        0.21866666666666668,
        0.224,
        0.23466666666666666,
        0.24266666666666667,
        0.248,
        0.2613333333333333,
        0.2826666666666667,
        0.29333333333333333,
        0.29333333333333333,
        0.30666666666666664,
        0.31733333333333336,
        0.33066666666666666,
        0.344,
        0.36533333333333334,
        0.416,
        0.42133333333333334,
        0.432,
        0.43733333333333335,
        0.44266666666666665,
        0.44533333333333336,
        0.448,
        0.4533333333333333,
        0.456,
        0.464,
        0.4693333333333333,
        0.47733333333333333,
        0.4826666666666667,
        0.48533333333333334,
        0.49866666666666665,
        0.5013333333333333,
        0.5226666666666666,
        0.5813333333333334,
        0.5813333333333334,
        0.5866666666666667,
        0.6,
        0.6213333333333333,
        0.6293333333333333,
        0.6346666666666667,
        0.64,
        0.6426666666666667,
        0.648,
        0.6613333333333333,
        0.664,
        0.6693333333333333,
        0.6773333333333333,
        0.688,
        0.6933333333333334,
        0.6986666666666667,
        0.6986666666666667,
        0.7013333333333334,
        0.7173333333333334,
        0.7173333333333334,
        0.7226666666666667,
        0.728,
        0.7466666666666667,
        0.76,
        0.7866666666666666,
        0.7866666666666666,
        0.7973333333333333,
        0.8,
        0.808,
        0.8106666666666666,
        0.864,
        0.8693333333333333,
        0.872,
        0.8746666666666667,
        0.8826666666666667,
        0.9146666666666666,
        0.9466666666666667,
        0.9466666666666667,
        0.9706666666666667,
        0.984,
        0.984,
        0.9893333333333333,
        1.0
    ],
    "thresholds": [
        Infinity,
        1.0,
        0.9851100744681245,
        0.9848663395786856,
        0.9131167105495104,
        0.9130726141646427,
        0.8395728659035674,
        0.8259360816388842,
        0.8259090132916168,
        0.7453537081833737,
        0.7261006804952037,
        0.725788395904437,
        0.5062493944385233,
        0.4733984274297499,
        0.47294506402313097,
        0.47288912596051746,
        0.46783625730994155,
        0.44705556743700386,
        0.44657085073537334,
        0.43629041566736354,
        0.43578663296155234,
        0.3539466097524898,
        0.2361583568906867,
        0.2356381581201951,
        0.23557398656251002,
        0.19720980788151202,
        0.1829000728957938,
        0.1811802944250958,
        0.18075254142074695,
        0.18069978334023556,
        0.1754860217259636,
        0.1750688381113084,
        0.10737258782780801,
        0.10687847137291297,
        0.09329152200694367,
        0.07570283128722095,
        0.0756555335709337,
        0.056495642739649334,
        0.0543361685408769,
        0.05429381994543362,
        0.05420501023301986,
        0.052343355792348105,
        0.052257560205867,
        0.04384027047066916,
        0.043473802316309255,
        0.03765790793605653,
        0.03674434522883545,
        0.034219332135828756,
        0.0317347221315283,
        0.03166017773979337,
        0.03144499632358719,
        0.03137451528149038,
        0.031299915414401615,
        0.031291593111378344,
        0.031126391416296376,
        0.03108710394816048,
        0.03100471483989595,
        0.030996182125595476,
        0.030492492213868388,
        0.02348635187329445,
        0.023405100612036992,
        0.022899958772937705,
        0.022863502471081244,
        0.02235780005035932,
        0.021365713051463387,
        0.021285591596749684,
        0.020787478601124967,
        0.019901662374151252,
        0.019371679794834215,
        0.014795796253182182,
        0.014320726414547739,
        0.013679161545009555,
        0.0131870187361661,
        0.013035680166659475,
        0.012956402044646776,
        0.012463537523203394,
        0.01213976823800198,
        0.01135131433575238,
        0.011321657676948586,
        0.010894550792945584,
        0.010858500169664064,
        0.010830116942220172,
        0.009697360427754797,
        0.00958620055809271,
        0.009585354789756043,
        0.009093266768243265,
        0.009092915579535505,
        0.009092464091054084,
        0.006548026829384868,
        0.0037270498564262243,
        0.0032505993366025547,
        0.003188135494846194,
        0.002754797855815489,
        0.002701835559533258,
        0.002636324620446469,
        0.0025856341227665953,
        0.0025690548917801843,
        0.002098745999265439,
        0.002085282195198005,
        0.001853812774905952
    ]
}