{"samples": 192, "accuracy": 0.5379087221095336, "std": 0.011335939665292762, "lower_bound": 0.5152129817444219, "upper_bound": 0.5608519269776876}
{"samples": 400, "accuracy": 0.5352261663286004, "std": 0.011194072265582182, "lower_bound": 0.5136916835699797, "upper_bound": 0.5573149087221095}
{"samples": 608, "accuracy": 0.7448610547667344, "std": 0.009539482318428608, "lower_bound": 0.7261663286004056, "upper_bound": 0.7621703853955375}
{"samples": 816, "accuracy": 0.8286653144016227, "std": 0.008362768788746793, "lower_bound": 0.8123732251521298, "upper_bound": 0.8453346855983773}
{"samples": 1024, "accuracy": 0.8658676470588236, "std": 0.007549242290379397, "lower_bound": 0.8509127789046653, "upper_bound": 0.879830121703854}
{"samples": 1232, "accuracy": 0.7790233265720081, "std": 0.009270648502525028, "lower_bound": 0.7611561866125761, "upper_bound": 0.7966531440162272}
{"samples": 1440, "accuracy": 0.8805248478701826, "std": 0.0073087251205762194, "lower_bound": 0.8651115618661258, "upper_bound": 0.8945233265720081}
{"samples": 1648, "accuracy": 0.8971125760649087, "std": 0.006842173985522304, "lower_bound": 0.8843813387423936, "upper_bound": 0.9107505070993914}
{"samples": 1856, "accuracy": 0.8958093306288032, "std": 0.006891715880027671, "lower_bound": 0.8828600405679513, "upper_bound": 0.90973630831643}
{"samples": 2064, "accuracy": 0.8616602434077079, "std": 0.00781690650943169, "lower_bound": 0.845841784989858, "upper_bound": 0.8757733265720081}
{"samples": 2272, "accuracy": 0.8343463488843813, "std": 0.008488235499516711, "lower_bound": 0.815922920892495, "upper_bound": 0.8509127789046653}
{"samples": 2480, "accuracy": 0.8969705882352942, "std": 0.006863955526637238, "lower_bound": 0.8838742393509128, "upper_bound": 0.90973630831643}
{"samples": 2688, "accuracy": 0.8793138945233265, "std": 0.007506320667160367, "lower_bound": 0.8640973630831643, "upper_bound": 0.8935218052738337}
{"samples": 2896, "accuracy": 0.9139391480730223, "std": 0.006470219743174742, "lower_bound": 0.9016227180527383, "upper_bound": 0.9264705882352942}
{"samples": 3104, "accuracy": 0.8865796146044624, "std": 0.0070036424791502586, "lower_bound": 0.8722109533468559, "upper_bound": 0.8996069979716025}
{"samples": 3312, "accuracy": 0.9206201825557809, "std": 0.00603134199463679, "lower_bound": 0.9082150101419878, "upper_bound": 0.9315542596348885}
{"samples": 3520, "accuracy": 0.9332875253549695, "std": 0.005861216814295333, "lower_bound": 0.920892494929006, "upper_bound": 0.9447261663286004}
{"samples": 3728, "accuracy": 0.9225720081135902, "std": 0.005991173956251009, "lower_bound": 0.9107378296146044, "upper_bound": 0.934077079107505}
{"samples": 3936, "accuracy": 0.9228265720081137, "std": 0.005849461357597874, "lower_bound": 0.9112576064908722, "upper_bound": 0.9335826572008113}
{"samples": 4144, "accuracy": 0.9183301217038539, "std": 0.006228910350849052, "lower_bound": 0.9056795131845842, "upper_bound": 0.9305273833671399}
{"samples": 4352, "accuracy": 0.9054802231237322, "std": 0.006678030200818353, "lower_bound": 0.8924949290060852, "upper_bound": 0.9183569979716024}
{"samples": 4560, "accuracy": 0.8933362068965516, "std": 0.007006981863660451, "lower_bound": 0.8793103448275862, "upper_bound": 0.9072008113590264}
{"samples": 4768, "accuracy": 0.8895583164300204, "std": 0.0069850860105282, "lower_bound": 0.8762550709939148, "upper_bound": 0.9026369168356998}
{"samples": 4976, "accuracy": 0.9139624746450304, "std": 0.006360822476690698, "lower_bound": 0.902117139959432, "upper_bound": 0.9259634888438134}
{"samples": 5184, "accuracy": 0.9267545638945233, "std": 0.005978880318438299, "lower_bound": 0.915314401622718, "upper_bound": 0.938146551724138}
{"samples": 5392, "accuracy": 0.9159056795131846, "std": 0.0063102899771564904, "lower_bound": 0.9031440162271805, "upper_bound": 0.928498985801217}
{"samples": 5600, "accuracy": 0.8743640973630832, "std": 0.007468551229979624, "lower_bound": 0.8595334685598377, "upper_bound": 0.8889579107505071}
{"samples": 5808, "accuracy": 0.8902216024340771, "std": 0.007363525134255172, "lower_bound": 0.8762677484787018, "upper_bound": 0.9051724137931034}
{"samples": 6016, "accuracy": 0.9108291075050711, "std": 0.006242164362731522, "lower_bound": 0.8980730223123732, "upper_bound": 0.9224137931034483}
{"samples": 6224, "accuracy": 0.8993904665314401, "std": 0.006681299497074422, "lower_bound": 0.8864097363083164, "upper_bound": 0.9122718052738337}
{"samples": 6432, "accuracy": 0.9127672413793104, "std": 0.006088202243447075, "lower_bound": 0.9005958417849899, "upper_bound": 0.9239477687626775}
{"samples": 6640, "accuracy": 0.8309061866125761, "std": 0.008096898890359071, "lower_bound": 0.8144016227180527, "upper_bound": 0.845867139959432}
{"samples": 6848, "accuracy": 0.9221196754563894, "std": 0.005992052579473781, "lower_bound": 0.9102434077079108, "upper_bound": 0.9335699797160243}
{"samples": 7056, "accuracy": 0.9250177484787019, "std": 0.005980565523194499, "lower_bound": 0.9132860040567952, "upper_bound": 0.9366125760649088}
{"samples": 7264, "accuracy": 0.8529163286004058, "std": 0.008073630665382992, "lower_bound": 0.8372210953346856, "upper_bound": 0.8691683569979716}
{"samples": 7472, "accuracy": 0.9104528397565923, "std": 0.006633015715928116, "lower_bound": 0.8975659229208925, "upper_bound": 0.9234279918864098}
{"samples": 7680, "accuracy": 0.927168864097363, "std": 0.005774587969216521, "lower_bound": 0.9158215010141988, "upper_bound": 0.9381338742393509}
{"samples": 7888, "accuracy": 0.9404822515212982, "std": 0.005218613006269258, "lower_bound": 0.9305273833671399, "upper_bound": 0.9508113590263692}
{"samples": 8096, "accuracy": 0.8929107505070994, "std": 0.006628074211178548, "lower_bound": 0.8803245436105477, "upper_bound": 0.9061866125760649}
{"samples": 8304, "accuracy": 0.8946764705882354, "std": 0.007134670313583094, "lower_bound": 0.8803118661257606, "upper_bound": 0.9082276876267749}
{"samples": 8512, "accuracy": 0.9197545638945233, "std": 0.005889047739548427, "lower_bound": 0.9082023326572007, "upper_bound": 0.9310344827586207}
{"samples": 8720, "accuracy": 0.9358316430020284, "std": 0.005454852856772021, "lower_bound": 0.9244421906693712, "upper_bound": 0.9462474645030426}
{"samples": 8928, "accuracy": 0.8227829614604463, "std": 0.00865782503913587, "lower_bound": 0.8057682555780933, "upper_bound": 0.8397565922920892}
{"samples": 9136, "accuracy": 0.8995218052738337, "std": 0.006924730475592945, "lower_bound": 0.8869041582150101, "upper_bound": 0.9127789046653144}
{"samples": 9344, "accuracy": 0.9065015212981743, "std": 0.0064121782448538, "lower_bound": 0.8940162271805274, "upper_bound": 0.9188640973630832}
{"samples": 9552, "accuracy": 0.8697165314401623, "std": 0.0074751754877951165, "lower_bound": 0.8549695740365112, "upper_bound": 0.8828600405679513}
{"samples": 9760, "accuracy": 0.9350745436105476, "std": 0.005606967289643394, "lower_bound": 0.9239350912778904, "upper_bound": 0.9452459432048682}
{"samples": 9968, "accuracy": 0.8799553752535496, "std": 0.007355773672801077, "lower_bound": 0.8661130831643001, "upper_bound": 0.8940289046653144}
{"samples": 10176, "accuracy": 0.887331135902637, "std": 0.00730260998496582, "lower_bound": 0.8722109533468559, "upper_bound": 0.9011282961460446}
{"samples": 10384, "accuracy": 0.9106744421906694, "std": 0.00644629844550207, "lower_bound": 0.8975659229208925, "upper_bound": 0.922920892494929}
{"samples": 10592, "accuracy": 0.9058930020283976, "std": 0.006577916901979762, "lower_bound": 0.8919751521298174, "upper_bound": 0.9188640973630832}
{"samples": 10800, "accuracy": 0.9257195740365112, "std": 0.005687377718307326, "lower_bound": 0.9147946247464502, "upper_bound": 0.9366125760649088}
{"samples": 11008, "accuracy": 0.8640314401622718, "std": 0.00782701134611717, "lower_bound": 0.847870182555781, "upper_bound": 0.8788159229208925}
{"samples": 11216, "accuracy": 0.9354822515212982, "std": 0.005680612374617373, "lower_bound": 0.9234279918864098,