{"samples": 496, "accuracy": 0.7372449290060852, "std": 0.010165029492566884, "lower_bound": 0.7185471602434077, "upper_bound": 0.757619168356998}
{"samples": 996, "accuracy": 0.8622854969574036, "std": 0.007743735987201904, "lower_bound": 0.8468433062880324, "upper_bound": 0.8772819472616633}
{"samples": 1496, "accuracy": 0.9074994929006085, "std": 0.006495982375308047, "lower_bound": 0.8940162271805274, "upper_bound": 0.9203853955375254}
{"samples": 1996, "accuracy": 0.8953762677484788, "std": 0.0070839239646397914, "lower_bound": 0.8808316430020284, "upper_bound": 0.9087347870182556}
{"samples": 2496, "accuracy": 0.8747885395537526, "std": 0.007600777282796514, "lower_bound": 0.8600278904665314, "upper_bound": 0.8899594320486816}
{"samples": 2996, "accuracy": 0.930726673427992, "std": 0.005973461889393108, "lower_bound": 0.9193585192697769, "upper_bound": 0.9426977687626775}
{"samples": 3496, "accuracy": 0.8799046653144016, "std": 0.007317470856671864, "lower_bound": 0.8656059837728194, "upper_bound": 0.8940162271805274}
{"samples": 3996, "accuracy": 0.8196957403651115, "std": 0.008587820645918585, "lower_bound": 0.8027256592292089, "upper_bound": 0.8367139959432048}
{"samples": 4496, "accuracy": 0.9285522312373226, "std": 0.005729055666493675, "lower_bound": 0.9173427991886409, "upper_bound": 0.9401622718052738}
{"samples": 4996, "accuracy": 0.9118128803245436, "std": 0.0062473734344077715, "lower_bound": 0.8995943204868154, "upper_bound": 0.9234406693711967}
{"samples": 5496, "accuracy": 0.9101156186612576, "std": 0.006544539482786302, "lower_bound": 0.8975659229208925, "upper_bound": 0.9234406693711967}
{"samples": 5996, "accuracy": 0.8313737322515212, "std": 0.008458488366213664, "lower_bound": 0.8154158215010142, "upper_bound": 0.8473757606490873}
{"samples": 6496, "accuracy": 0.9172687626774848, "std": 0.006116818678749337, "lower_bound": 0.9056795131845842, "upper_bound": 0.9290060851926978}
{"samples": 6996, "accuracy": 0.9379396551724137, "std": 0.0054826874940511645, "lower_bound": 0.9269776876267748, "upper_bound": 0.9482885395537526}
{"samples": 7496, "accuracy": 0.8554492900608519, "std": 0.007863231113227368, "lower_bound": 0.8397565922920892, "upper_bound": 0.8712094320486816}
{"samples": 7996, "accuracy": 0.8847565922920891, "std": 0.007278111223843764, "lower_bound": 0.8701825557809331, "upper_bound": 0.8985801217038539}
{"samples": 8496, "accuracy": 0.9264604462474645, "std": 0.006023896829040526, "lower_bound": 0.9148073022312373, "upper_bound": 0.9381338742393509}
{"samples": 8996, "accuracy": 0.9163083164300203, "std": 0.006075262350405992, "lower_bound": 0.9046526369168356, "upper_bound": 0.9285116632860041}
{"samples": 9496, "accuracy": 0.8561125760649086, "std": 0.00792013090021508, "lower_bound": 0.84026369168357, "upper_bound": 0.8711967545638946}
{"samples": 9996, "accuracy": 0.9149325557809331, "std": 0.006417923122256741, "lower_bound": 0.902129817444219, "upper_bound": 0.9274847870182555}
{"samples": 10496, "accuracy": 0.893905172413793, "std": 0.006888101832609273, "lower_bound": 0.8803245436105477, "upper_bound": 0.9072008113590264}
{"samples": 10996, "accuracy": 0.912773326572008, "std": 0.006160388986258405, "lower_bound": 0.9006085192697769, "upper_bound": 0.9249492900608519}
{"samples": 11496, "accuracy": 0.9161861054766735, "std": 0.00620168331542077, "lower_bound": 0.9036511156186613, "upper_bound": 0.9279918864097363}
{"samples": 11996, "accuracy": 0.9457581135902636, "std": 0.005110741159483588, "lower_bound": 0.936105476673428, "upper_bound": 0.9558823529411765}
{"samples": 12496, "accuracy": 0.9075608519269777, "std": 0.006403561083560693, "lower_bound": 0.8950177484787017, "upper_bound": 0.9198782961460447}
{"samples": 12996, "accuracy": 0.9186257606490872, "std": 0.00615776326422348, "lower_bound": 0.9066937119675457, "upper_bound": 0.9305273833671399}
{"samples": 13496, "accuracy": 0.9314817444219067, "std": 0.005765344895658805, "lower_bound": 0.9198782961460447, "upper_bound": 0.9432048681541582}
{"samples": 13996, "accuracy": 0.9235329614604464, "std": 0.005917442532096006, "lower_bound": 0.9122718052738337, "upper_bound": 0.9355983772819473}
{"samples": 14496, "accuracy": 0.9366090263691683, "std": 0.005448498043911086, "lower_bound": 0.9259508113590263, "upper_bound": 0.9462601419878296}
{"samples": 14996, "accuracy": 0.9237454361054767, "std": 0.005950593109989942, "lower_bound": 0.9122718052738337, "upper_bound": 0.9350912778904665}
{"samples": 15496, "accuracy": 0.9115456389452333, "std": 0.006266348793739647, "lower_bound": 0.8990872210953347, "upper_bound": 0.9234279918864098}
{"samples": 196, "loss": 0.6961279296875}
{"samples": 396, "loss": 0.673604736328125}
{"samples": 596, "loss": 0.629990234375}
{"samples": 796, "loss": 0.5487075805664062}
{"samples": 996, "loss": 0.5229343795776367}
{"samples": 1196, "loss": 0.3937679290771484}
{"samples": 1396, "loss": 0.38061756134033203}
{"samples": 1596, "loss": 0.2999301052093506}
{"samples": 1796, "loss": 0.32874666213989256}
{"samples": 1996, "loss": 0.2659317445755005}
{"samples": 2196, "loss": 0.261094274520874}
{"samples": 2396, "loss": 0.31886767387390136}
{"samples": 2596, "loss": 0.220998592376709}
{"samples": 2796, "loss": 0.17998666763305665}
{"samples": 2996, "loss": 0.34572559356689453}
{"samples": 3196, "loss": 0.23374186992645263}
{"samples": 3396, "loss": 0.21870045661926268}
{"samples": 3596, "loss": 0.2188822841644287}
{"samples": 3796, "loss": 0.24205488681793214}
{"samples": 3996, "loss": 0.18154397010803222}
{"samples": 4196, "loss": 0.2272157382965088}
{"samples": 4396, "loss": 0.22837034225463868}
{"samples": 4596, "loss": 0.23490365982055664}
{"samples": 4796, "loss": 0.1740385103225708}
{"samples": 4996, "loss": 0.24376779556274414}
{"samples": 5196, "loss": 0.12881223678588868}
{"samples": 5396, "loss": 0.1932520580291748}
{"samples": 5596, "loss": 0.18209660530090332}
{"samples": 5796, "loss": 0.16740503549575805}
{"samples": 5996, "loss": 0.18834017753601073}
{"samples": 6196, "loss": 0.23509302616119385}
{"samples": 6396, "loss": 0.23274701595306396}
{"samples": 6596, "loss": 0.16051857948303222}
{"samples": 6796, "loss": 0.13622741222381593}
{"samples": 6996, "loss": 0.11731508255004883}
{"samples": 7196, "loss": 0.1588913083076477}
{"samples": 7396, "loss": 0.1581161594390869}
{"samples": 7596, "loss": 0.20579565525054933}
{"samples": 7796, "loss": 0.10835691094398499}
{"samples": 7996, "loss": 0.16617518663406372}
{"samples": 8196, "loss": 0.0933901584148407}
{"samples": 8396, "loss": 0.1239549970626831}
{"samples": 8596, "loss": 0.08820437669754028}
{"samples": 8796, "loss": 0.14972328782081604}
{"samples": 8996, "loss": 0.12619720339775087}
{"samples": 9196, "loss": 0.11208001971244812}
{"samples": 9396, "loss": 0.1301147985458374}
{"samples": 9596, "loss": 0.16227991938591002}
{"samples": 9796, "loss": 0.1459481954574585}
{"samples": 9996, "loss": 0.14349102973937988}
{"samples": 10196, "loss": 0.13400523662567138}
{"samples": 10396, "loss": 0.0981533432006836}
{"samples": 10596, "loss": 0.15470096588134766}
{"samples": 10796, "loss": 0.1213285481929779}
{"samples": 10996, "loss": 0.1159958928823471}
{"samples": 11196, "loss": 0.10303396701812745}
{"samples": 11396, "loss": 0.1372358536720276}
{"samples": 11596, "loss": 0.12488311409950256}
{"samples": 11796, "loss": 0.06684965133666992}
{"samples": 11996, "loss": 0.12926400899887086}
{"samples": 12196, "loss": 0.05663679957389831}
{"samples": 12396, "loss": 0.14180591464042663}
{"samples": 12596, "loss": 0.05838258266448974}
{"samples": 12796, "loss": 0.088091059923172}
{"samples": 12996, "loss": 0.14497094511985778}
{"samples": 13196, "loss": 0.057103766202926634}
{"samples": 13396, "loss": 0.1096197521686554}
{"samples": 13596, "loss": 0.07122334957122803}
{"samples": 13796, "loss": 0.11826654195785523}
{"samples": 13996, "loss": 0.10404087543487549}
{"samples": 14196, "loss": 0.13407673954963684}
{"samples": 14396,