{"samples": 496, "accuracy": 0.5020441176470588, "std": 0.0112483291337151, "lower_bound": 0.481237322515213, "upper_bound": 0.5228194726166329}
{"samples": 1008, "accuracy": 0.5108777890466532, "std": 0.011518141751421535, "lower_bound": 0.48883113590263694, "upper_bound": 0.5334685598377282}
{"samples": 1520, "accuracy": 0.8511749492900608, "std": 0.007853751835466901, "lower_bound": 0.834685598377282, "upper_bound": 0.8666328600405679}
{"samples": 2032, "accuracy": 0.8577307302231237, "std": 0.007867021943698796, "lower_bound": 0.8427991886409736, "upper_bound": 0.8732251521298174}
{"samples": 2544, "accuracy": 0.8290070993914808, "std": 0.008438182572706253, "lower_bound": 0.8128803245436106, "upper_bound": 0.845841784989858}
{"samples": 3056, "accuracy": 0.8139685598377281, "std": 0.008735906524819266, "lower_bound": 0.7961333671399594, "upper_bound": 0.8306414807302231}
{"samples": 3568, "accuracy": 0.8972778904665314, "std": 0.0065977387391822325, "lower_bound": 0.883354462474645, "upper_bound": 0.90973630831643}
{"samples": 4080, "accuracy": 0.9357033468559837, "std": 0.005555323038990056, "lower_bound": 0.9244421906693712, "upper_bound": 0.9462474645030426}
{"samples": 4592, "accuracy": 0.8910045638945232, "std": 0.007031537496448143, "lower_bound": 0.8767748478701826, "upper_bound": 0.9046653144016227}
{"samples": 5104, "accuracy": 0.9255370182555781, "std": 0.006138913460931026, "lower_bound": 0.9132860040567952, "upper_bound": 0.9371196754563894}
{"samples": 5616, "accuracy": 0.8892748478701826, "std": 0.007241434352436535, "lower_bound": 0.8742393509127789, "upper_bound": 0.9031440162271805}
{"samples": 6128, "accuracy": 0.8618022312373226, "std": 0.007923114784884635, "lower_bound": 0.845841784989858, "upper_bound": 0.8767748478701826}
{"samples": 6640, "accuracy": 0.8326734279918865, "std": 0.008452557058176376, "lower_bound": 0.8164173427991887, "upper_bound": 0.8498985801217038}
{"samples": 7152, "accuracy": 0.948301724137931, "std": 0.004930414467317149, "lower_bound": 0.9381338742393509, "upper_bound": 0.9574036511156186}
{"samples": 7664, "accuracy": 0.9563062880324543, "std": 0.004525222226235554, "lower_bound": 0.947261663286004, "upper_bound": 0.9655172413793104}
{"samples": 8176, "accuracy": 0.9352358012170384, "std": 0.005676066013239312, "lower_bound": 0.9239350912778904, "upper_bound": 0.9457403651115619}
{"samples": 8688, "accuracy": 0.8638539553752536, "std": 0.0075714812987356505, "lower_bound": 0.8483772819472617, "upper_bound": 0.8782961460446247}
{"samples": 9200, "accuracy": 0.9509153144016227, "std": 0.004909575277264265, "lower_bound": 0.9406693711967545, "upper_bound": 0.960446247464503}
{"samples": 9712, "accuracy": 0.9343468559837728, "std": 0.005435125626928989, "lower_bound": 0.9239350912778904, "upper_bound": 0.9452459432048682}
{"samples": 10224, "accuracy": 0.8839127789046652, "std": 0.007190022486401649, "lower_bound": 0.8696627789046653, "upper_bound": 0.8975659229208925}
{"samples": 10736, "accuracy": 0.9314705882352942, "std": 0.005745872471877126, "lower_bound": 0.9198782961460447, "upper_bound": 0.9426977687626775}
{"samples": 11248, "accuracy": 0.9392048681541583, "std": 0.005387616766875733, "lower_bound": 0.9290060851926978, "upper_bound": 0.9497971602434077}
{"samples": 11760, "accuracy": 0.9371653144016228, "std": 0.0055272879944132484, "lower_bound": 0.9254437119675456, "upper_bound": 0.9477814401622718}
{"samples": 12272, "accuracy": 0.8549533468559838, "std": 0.008190039428560374, "lower_bound": 0.8397439148073021, "upper_bound": 0.8706896551724138}
{"samples": 12784, "accuracy": 0.9237053752535496, "std": 0.006077365465505652, "lower_bound": 0.9122718052738337, "upper_bound": 0.9366125760649088}
{"samples": 13296, "accuracy": 0.9091577079107506, "std": 0.006335843535924719, "lower_bound": 0.8960446247464503, "upper_bound": 0.920892494929006}
{"samples": 13808, "accuracy": 0.896405172413793, "std": 0.006527798878373578, "lower_bound": 0.8833671399594321, "upper_bound": 0.9087347870182556}
{"samples": 14320, "accuracy": 0.8992576064908723, "std": 0.00649275581188948, "lower_bound": 0.8859026369168357, "upper_bound": 0.9112702839756592}
{"samples": 14832, "accuracy": 0.9212261663286003, "std": 0.005872487618155453, "lower_bound": 0.90973630831643, "upper_bound": 0.9320486815415822}
{"samples": 15344, "accuracy": 0.909078093306288, "std": 0.006416143981188581, "lower_bound": 0.896551724137931, "upper_bound": 0.9213995943204868}
{"samples": 192, "loss": 0.7259404109074519}
{"samples": 400, "loss": 0.7041426438551682}
{"samples": 608, "loss": 0.6881490854116586}
{"samples": 816, "loss": 0.6841137225811298}
{"samples": 1024, "loss": 0.6739689753605769}
{"samples": 1232, "loss": 0.5344657897949219}
{"samples": 1440, "loss": 0.43827108236459583}
{"samples": 1648, "loss": 0.3473652876340426}
{"samples": 1856, "loss": 0.28156617054572475}
{"samples": 2064, "loss": 0.33077027247502255}
{"samples": 2272, "loss": 0.18850424198003915}
{"samples": 2480, "loss": 0.24109705136372492}
{"samples": 2688, "loss": 0.28835806250572205}
{"samples": 2896, "loss": 0.20054695239433876}
{"samples": 3104, "loss": 0.27915703791838425}
{"samples": 3312, "loss": 0.16605580540803763}
{"samples": 3520, "loss": 0.20630713609548715}
{"samples": 3728, "loss": 0.19023302426704994}
{"samples": 3936, "loss": 0.19582599859971267}
{"samples": 4144, "loss": 0.33027891700084394}
{"samples": 4352, "loss": 0.2887809918476985}
{"samples": 4560, "loss": 0.14338038517878607}
{"samples": 4768, "loss": 0.110087507046186}
{"samples": 4976, "loss": 0.18050185992167547}
{"samples": 5184, "loss": 0.08485776873735282}
{"samples": 5392, "loss": 0.160878626199869}
{"samples": 5600, "loss": 0.14277013677817124}
{"samples": 5808, "loss": 0.17533304141117975}
{"samples": 6016, "loss": 0.18741615460469171}
{"samples": 6224, "loss": 0.1874476785843189}
{"samples": 6432, "loss": 0.18462837888644293}
{"samples": 6640, "loss": 0.12191472603724553}
{"samples": 6848, "loss": 0.15682033392099234}
{"samples": 7056, "loss": 0.10683532059192657}
{"samples": 7264, "loss": 0.17729797386206114}
{"samples": 7472, "loss": 0.1318037876716027}
{"samples": 7680, "loss": 0.13856755540921137}
{"samples": 7888, "loss": 0.18100042297289923}
{"samples": 8096, "loss": 0.10568334964605477}
{"samples": 8304, "loss": 0.13339283145391023}
{"samples": 8512, "loss": 0.08239026482288654}
{"samples": 8720, "loss": 0.12984039921026963}
{"samples": 8928, "loss": 0.1204079080086488}
{"samples": 9136, "loss": 0.08877353828686935}
{"samples": 9344, "loss": 0.1298858913091513}
{"samples": 9552, "loss": 0.12164301941028008}
{"samples": 9760, "loss": 0.15731278749612662}
{"samples": 9968, "loss": 0.1436755473797138}
{"samples": 10176, "loss": 0.12860940167537102}
{"samples": 10384, "loss": 0.11327222906626187}
{"samples": 10592, "loss": 0.10173880022305709}
{"samples": 10800, "loss": 0.10531088824455555}
{"samples": 11008, "loss": 0.09471256916339581}
{"samples": 11216, "loss": 0.08708233787463261}
{"samples": 11424, "loss": 0.1464223162486003}
{"samples": 11632, "loss": 0.09161557715672713}
{"samples": 11840, "loss": 0.06755148562101218}
{"samples": 12048, "loss": 0.10060151609090659}
{"samples": 12256, "loss": 0.0772144697033442}
{"samples": 12464, "loss": 0.12020904570817947}
{"samples": 12672, "loss": 0.09566528292802665}
{"samples": 12880, "loss": 0.07536770976506747}
{"samples": 13088, "loss": 0.06806497390453632}
{"samples": 13296, "loss": 0.13534533404386961}
{"samples": 13504, "loss": 0.06229995649594527}
{"samples": 13712, "loss": 0.07014226684203514}
{"samples": 13920, "loss": 0.05962647268405327}
{"samples": 14128, "loss": 0.1581869274377823}
{"samples": 14336, "loss": 0.15552575083879325}
{"samples": 14544, "loss": 0.13299657633671394}
{"samples": 14752, "loss": 0.09748344352612129}
{"samples": 14960, "loss": 0.09583757129999307}
{"samples": 15168, "loss": 0.09203520646462074}
{"samples": 15376, "loss": 0.10878292872355534}
{"samples": 15584,