{"samples": 448, "accuracy": 0.5028106666666667, "std": 0.018072955166337477, "lower_bound": 0.468, "upper_bound": 0.5386666666666666}
{"samples": 960, "accuracy": 0.6827026666666667, "std": 0.016931772683987406, "lower_bound": 0.6506333333333333, "upper_bound": 0.7146666666666667}
{"samples": 1472, "accuracy": 0.6802733333333333, "std": 0.01648223151019168, "lower_bound": 0.6493, "upper_bound": 0.7146666666666667}
{"samples": 1984, "accuracy": 0.7154933333333333, "std": 0.01589899228113391, "lower_bound": 0.684, "upper_bound": 0.7466666666666667}
{"samples": 2496, "accuracy": 0.7682746666666667, "std": 0.015502232900098258, "lower_bound": 0.7373333333333333, "upper_bound": 0.7973333333333333}
{"samples": 3008, "accuracy": 0.6850640000000001, "std": 0.017875480214217712, "lower_bound": 0.6519666666666667, "upper_bound": 0.724}
{"samples": 3520, "accuracy": 0.797368, "std": 0.01427223093983558, "lower_bound": 0.768, "upper_bound": 0.8253333333333334}
{"samples": 4032, "accuracy": 0.7753186666666667, "std": 0.014623930403432737, "lower_bound": 0.7466666666666667, "upper_bound": 0.8026666666666666}
{"samples": 4544, "accuracy": 0.7994586666666667, "std": 0.015124206587087104, "lower_bound": 0.7693333333333333, "upper_bound": 0.8293333333333334}
{"samples": 5056, "accuracy": 0.8153239999999999, "std": 0.014407032295221505, "lower_bound": 0.7866666666666666, "upper_bound": 0.8427}
{"samples": 5568, "accuracy": 0.8155866666666666, "std": 0.01385563022344667, "lower_bound": 0.788, "upper_bound": 0.8427}
{"samples": 6080, "accuracy": 0.8104799999999999, "std": 0.014124047263837338, "lower_bound": 0.7826666666666666, "upper_bound": 0.8373333333333334}
{"samples": 6592, "accuracy": 0.7852560000000001, "std": 0.014865239752149607, "lower_bound": 0.7546666666666667, "upper_bound": 0.8147}
{"samples": 7104, "accuracy": 0.8204173333333333, "std": 0.013744269496775739, "lower_bound": 0.792, "upper_bound": 0.8466666666666667}
{"samples": 192, "loss": 0.7982873916625977}
{"samples": 448, "loss": 0.8090004920959473}
{"samples": 704, "loss": 0.7337257862091064}
{"samples": 960, "loss": 0.8018051981925964}
{"samples": 1216, "loss": 0.6721802949905396}
{"samples": 1472, "loss": 0.609276294708252}
{"samples": 1728, "loss": 0.6357249021530151}
{"samples": 1984, "loss": 0.5953639149665833}
{"samples": 2240, "loss": 0.5741674900054932}
{"samples": 2496, "loss": 0.5952711403369904}
{"samples": 2752, "loss": 0.5174921154975891}
{"samples": 3008, "loss": 0.5558575987815857}
{"samples": 3264, "loss": 0.5057973861694336}
{"samples": 3520, "loss": 0.5404161214828491}
{"samples": 3776, "loss": 0.4964023232460022}
{"samples": 4032, "loss": 0.5218731164932251}
{"samples": 4288, "loss": 0.5821911096572876}
{"samples": 4544, "loss": 0.5166387856006622}
{"samples": 4800, "loss": 0.5152784287929535}
{"samples": 5056, "loss": 0.5108238458633423}
{"samples": 5312, "loss": 0.5382970571517944}
{"samples": 5568, "loss": 0.5212204158306122}
{"samples": 5824, "loss": 0.45740988850593567}
{"samples": 6080, "loss": 0.5021572709083557}
{"samples": 6336, "loss": 0.5430004596710205}
{"samples": 6592, "loss": 0.5135545879602432}
{"samples": 6848, "loss": 0.491663321852684}
{"samples": 7104, "loss": 0.5004144310951233}
{"samples": 7360, "loss": 0.5312827676534653}
