{"samples": 192, "accuracy": 0.49932555780933063, "std": 0.011584875107050693, "lower_bound": 0.4766734279918864, "upper_bound": 0.5233392494929007}
{"samples": 400, "accuracy": 0.656142494929006, "std": 0.010686708285412802, "lower_bound": 0.6364097363083164, "upper_bound": 0.678498985801217}
{"samples": 608, "accuracy": 0.7176338742393509, "std": 0.010329176752075234, "lower_bound": 0.6977687626774848, "upper_bound": 0.7383493914807302}
{"samples": 816, "accuracy": 0.8380613590263692, "std": 0.00807482102478606, "lower_bound": 0.821501014198783, "upper_bound": 0.853448275862069}
{"samples": 1024, "accuracy": 0.824447261663286, "std": 0.008661903332523663, "lower_bound": 0.8078093306288032, "upper_bound": 0.8412905679513185}
{"samples": 1232, "accuracy": 0.8562190669371196, "std": 0.007472461913637252, "lower_bound": 0.8417849898580122, "upper_bound": 0.8701952332657201}
{"samples": 1440, "accuracy": 0.8101440162271805, "std": 0.00874950271694686, "lower_bound": 0.7936105476673428, "upper_bound": 0.8275862068965517}
{"samples": 1648, "accuracy": 0.9042003042596349, "std": 0.006569435156540135, "lower_bound": 0.8904665314401623, "upper_bound": 0.9168356997971603}
{"samples": 1856, "accuracy": 0.8593088235294117, "std": 0.00784741430085492, "lower_bound": 0.8453346855983773, "upper_bound": 0.8742393509127789}
{"samples": 2064, "accuracy": 0.8789406693711969, "std": 0.007109409748976328, "lower_bound": 0.8640973630831643, "upper_bound": 0.8924949290060852}
{"samples": 2272, "accuracy": 0.8928904665314402, "std": 0.007012390706865167, "lower_bound": 0.8788032454361054, "upper_bound": 0.9061866125760649}
{"samples": 2480, "accuracy": 0.8693493914807302, "std": 0.007661826293256994, "lower_bound": 0.8549695740365112, "upper_bound": 0.8838742393509128}
{"samples": 2688, "accuracy": 0.9141536511156186, "std": 0.0064058813341178675, "lower_bound": 0.9016100405679512, "upper_bound": 0.9269776876267748}
{"samples": 2896, "accuracy": 0.9205948275862069, "std": 0.006104904496145017, "lower_bound": 0.9082150101419878, "upper_bound": 0.9320486815415822}
{"samples": 3104, "accuracy": 0.8946359026369168, "std": 0.006647311285215726, "lower_bound": 0.8818458417849898, "upper_bound": 0.9077205882352941}
{"samples": 3312, "accuracy": 0.9326110547667342, "std": 0.005634536464933054, "lower_bound": 0.9219066937119675, "upper_bound": 0.9442190669371197}
{"samples": 3520, "accuracy": 0.9032596348884382, "std": 0.006556503258862969, "lower_bound": 0.890960953346856, "upper_bound": 0.9163286004056795}
{"samples": 3728, "accuracy": 0.8716120689655172, "std": 0.008001479487031022, "lower_bound": 0.8559837728194726, "upper_bound": 0.8874239350912779}
{"samples": 3936, "accuracy": 0.920206896551724, "std": 0.005896065712053349, "lower_bound": 0.9082150101419878, "upper_bound": 0.9315415821501014}
{"samples": 4144, "accuracy": 0.883130831643002, "std": 0.007710059684962992, "lower_bound": 0.8676470588235294, "upper_bound": 0.8975786004056795}
{"samples": 4352, "accuracy": 0.9306977687626775, "std": 0.005937895779589498, "lower_bound": 0.9188640973630832, "upper_bound": 0.9416962474645031}
{"samples": 4560, "accuracy": 0.9163813387423935, "std": 0.006229467505595689, "lower_bound": 0.904158215010142, "upper_bound": 0.9285116632860041}
{"samples": 4768, "accuracy": 0.8981135902636916, "std": 0.00651597263928542, "lower_bound": 0.8853955375253549, "upper_bound": 0.9112576064908722}
{"samples": 4976, "accuracy": 0.9380344827586207, "std": 0.005169767847276308, "lower_bound": 0.92848630831643, "upper_bound": 0.9482758620689655}
{"samples": 5184, "accuracy": 0.9470547667342798, "std": 0.005159160924006149, "lower_bound": 0.9366125760649088, "upper_bound": 0.9568965517241379}
{"samples": 5392, "accuracy": 0.9315973630831643, "std": 0.00567697485656649, "lower_bound": 0.9203853955375254, "upper_bound": 0.9426977687626775}
{"samples": 5600, "accuracy": 0.9473985801217039, "std": 0.004945638741411836, "lower_bound": 0.9376140973630831, "upper_bound": 0.9568965517241379}
{"samples": 5808, "accuracy": 0.9507185598377282, "std": 0.00480963151582982, "lower_bound": 0.9411764705882353, "upper_bound": 0.9599391480730223}
{"samples": 6016, "accuracy": 0.9059710953346857, "std": 0.0066152738550044245, "lower_bound": 0.8924949290060852, "upper_bound": 0.9188640973630832}
{"samples": 6224, "accuracy": 0.8881034482758621, "std": 0.007308046478702986, "lower_bound": 0.8737322515212982, "upper_bound": 0.9026495943204869}
{"samples": 6432, "accuracy": 0.9189437119675457, "std": 0.006098328262704634, "lower_bound": 0.9072008113590264, "upper_bound": 0.9310344827586207}
{"samples": 6640, "accuracy": 0.9178367139959432, "std": 0.006160565241275705, "lower_bound": 0.9056795131845842, "upper_bound": 0.9300202839756593}
{"samples": 6848, "accuracy": 0.9418341784989858, "std": 0.004986486285388677, "lower_bound": 0.9320486815415822, "upper_bound": 0.9513184584178499}
{"samples": 7056, "accuracy": 0.9198311359026368, "std": 0.006082368153631856, "lower_bound": 0.9082023326572007, "upper_bound": 0.9315415821501014}
{"samples": 7264, "accuracy": 0.9447068965517242, "std": 0.004830519141624214, "lower_bound": 0.9345841784989858, "upper_bound": 0.9538539553752535}
{"samples": 7472, "accuracy": 0.9446724137931035, "std": 0.005034931711573368, "lower_bound": 0.9350786004056795, "upper_bound": 0.9543610547667343}
{"samples": 7680, "accuracy": 0.9338280933062881, "std": 0.005487132203195571, "lower_bound": 0.9239224137931034, "upper_bound": 0.9447261663286004}
{"samples": 7888, "accuracy": 0.9521298174442191, "std": 0.0048762820923671825, "lower_bound": 0.9426977687626775, "upper_bound": 0.9614604462474645}
{"samples": 8096, "accuracy": 0.913697261663286, "std": 0.006543808271787054, "lower_bound": 0.9006085192697769, "upper_bound": 0.9254563894523327}
{"samples": 8304, "accuracy": 0.8872287018255578, "std": 0.006914440597468883, "lower_bound": 0.8742266734279919, "upper_bound": 0.9011156186612576}
{"samples": 8512, "accuracy": 0.951762677484787, "std": 0.004708892948293599, "lower_bound": 0.9426850912778905, "upper_bound": 0.9609533468559838}
{"samples": 8720, "accuracy": 0.9157570993914806, "std": 0.006257344942936499, "lower_bound": 0.9031440162271805, "upper_bound": 0.9274847870182555}
{"samples": 8928, "accuracy": 0.909643509127789, "std": 0.006496050304485165, "lower_bound": 0.896551724137931, "upper_bound": 0.9219066937119675}
{"samples": 9136, "accuracy": 0.9358377281947262, "std": 0.005400673180006975, "lower_bound": 0.9249492900608519, "upper_bound": 0.9467545638945233}
{"samples": 9344, "accuracy": 0.9234168356997972, "std": 0.005971717408800341, "lower_bound": 0.9112576064908722, "upper_bound": 0.9355983772819473}
{"samples": 9552, "accuracy": 0.9184381338742393, "std": 0.005980041467333, "lower_bound": 0.9071881338742394, "upper_bound": 0.9295131845841785}
{"samples": 9760, "accuracy": 0.9594543610547667, "std": 0.004400268998513263, "lower_bound": 0.9497971602434077, "upper_bound": 0.9675456389452333}
{"samples": 9968, "accuracy": 0.8896683569979716, "std": 0.0072985771649623195, "lower_bound": 0.8747464503042597, "upper_bound": 0.9036511156186613}
{"samples": 10176, "accuracy": 0.9079614604462476, "std": 0.006589326841299476, "lower_bound": 0.8950304259634888, "upper_bound": 0.9203853955375254}
{"samples": 10384, "accuracy": 0.9271876267748479, "std": 0.005939313899828651, "lower_bound": 0.915314401622718, "upper_bound": 0.9386536511156187}
{"samples": 10592, "accuracy": 0.9181516227180527, "std": 0.006152705585726396, "lower_bound": 0.9066810344827586, "upper_bound": 0.9295131845841785}
{"samples": 10800, "accuracy": 0.944155172413793, "std": 0.005079256048187855, "lower_bound": 0.934077079107505, "upper_bound": 0.9533468559837728}
{"samples": 11008, "accuracy": 0.9018620689655172, "std": 0.006592081756669549, "lower_bound": 0.888932555780933, "upper_bound": 0.9148073022312373}
{"samples": 11216, "accuracy": 0.9538184584178498, "std": 0.004686956482402283, "lower_bound": 0.9447261663286004,