{
    "accuracy": 0.9346902610441767,
    "precision": 0.9149519566986576,
    "recall": 0.9586528879717194,
    "f1_score": 0.9362627823533983,
    "fp_rate": 0.0893378668078365,
    "tp_rate": 0.9586528879717194,
    "std_accuracy": 0.005494353291153993,
    "std_precision": 0.008460324614088476,
    "std_recall": 0.006460736283675911,
    "std_f1_score": 0.005453515927168607,
    "std_fp_rate": 0.009163890342047244,
    "std_tp_rate": 0.006460736283675911,
    "TP": 955.881,
    "TN": 906.022,
    "FP": 88.868,
    "FN": 41.229,
    "roc_auc": 0.9822855679747102,
    "fpr_at_thresholds": [
        0.0,
        0.0,
        0.0,
        0.001004016064257028,
        0.001004016064257028,
        0.002008032128514056,
        0.002008032128514056,
        0.0030120481927710845,
        0.0030120481927710845,
        0.004016064257028112,
        0.004016064257028112,
        0.0050200803212851405,
        0.0050200803212851405,
        0.006024096385542169,
        0.006024096385542169,
        0.007028112449799197,
        0.007028112449799197,
        0.008032128514056224,
        0.008032128514056224,
        0.009036144578313253,
        0.009036144578313253,
        0.010040160642570281,
        0.010040160642570281,
        0.01104417670682731,
        0.01104417670682731,
        0.012048192771084338,
        0.012048192771084338,
        0.013052208835341365,
        0.013052208835341365,
        0.014056224899598393,
        0.014056224899598393,
        0.015060240963855422,
        0.015060240963855422,
        0.01606425702811245,
        0.01606425702811245,
        0.01706827309236948,
        0.01706827309236948,
        0.019076305220883535,
        0.019076305220883535,
        0.020080321285140562,
        0.020080321285140562,
        0.02108433734939759,
        0.02108433734939759,
        0.02208835341365462,
        0.02208835341365462,
        0.023092369477911646,
        0.023092369477911646,
        0.024096385542168676,
        0.024096385542168676,
        0.02710843373493976,
        0.02710843373493976,
        0.028112449799196786,
        0.028112449799196786,
        0.029116465863453816,
        0.029116465863453816,
        0.030120481927710843,
        0.030120481927710843,
        0.03112449799196787,
        0.03112449799196787,
        0.0321285140562249,
        0.0321285140562249,
        0.03313253012048193,
        0.03313253012048193,
        0.03413654618473896,
        0.03413654618473896,
        0.03614457831325301,
        0.03614457831325301,
        0.03714859437751004,
        0.03714859437751004,
        0.03815261044176707,
        0.03815261044176707,
        0.0391566265060241,
        0.0391566265060241,
        0.040160642570281124,
        0.040160642570281124,
        0.04116465863453815,
        0.04116465863453815,
        0.04216867469879518,
        0.04216867469879518,
        0.04317269076305221,
        0.04317269076305221,
        0.04417670682730924,
        0.04417670682730924,
        0.04618473895582329,
        0.04618473895582329,
        0.04718875502008032,
        0.04718875502008032,
        0.04819277108433735,
        0.04819277108433735,
        0.04919678714859438,
        0.04919678714859438,
        0.050200803212851405,
        0.050200803212851405,
        0.05120481927710843,
        0.05120481927710843,
        0.05220883534136546,
        0.05220883534136546,
        0.05321285140562249,
        0.05321285140562249,
        0.05823293172690763,
        0.05823293172690763,
        0.05923694779116466,
        0.05923694779116466,
        0.06124497991967871,
        0.06124497991967871,
        0.06224899598393574,
        0.06224899598393574,
        0.06325301204819277,
        0.06325301204819277,
        0.0642570281124498,
        0.0642570281124498,
        0.06726907630522089,
        0.06726907630522089,
        0.06927710843373494,
        0.06927710843373494,
        0.07028112449799197,
        0.07028112449799197,
        0.07228915662650602,
        0.07228915662650602,
        0.07530120481927711,
        0.07530120481927711,
        0.07931726907630522,
        0.07931726907630522,
        0.08132530120481928,
        0.08132530120481928,
        0.0823293172690763,
        0.0823293172690763,
        0.0893574297188755,
        0.0893574297188755,
        0.09236947791164658,
        0.09236947791164658,
        0.09839357429718876,
        0.09839357429718876,
        0.09939759036144578,
        0.09939759036144578,
        0.10140562248995984,
        0.10140562248995984,
        0.10843373493975904,
        0.10843373493975904,
        0.11244979919678715,
        0.11244979919678715,
        0.11847389558232932,
        0.11847389558232932,
        0.11947791164658635,
        0.11947791164658635,
        0.12248995983935743,
        0.12248995983935743,
        0.12349397590361445,
        0.12349397590361445,
        0.1285140562248996,
        0.1285140562248996,
        0.12951807228915663,
        0.12951807228915663,
        0.13152610441767068,
        0.13152610441767068,
        0.13855421686746988,
        0.13855421686746988,
        0.14156626506024098,
        0.14156626506024098,
        0.15461847389558234,
        0.15461847389558234,
        0.1636546184738956,
        0.1636546184738956,
        0.1686746987951807,
        0.1686746987951807,
        0.16967871485943775,
        0.16967871485943775,
        0.1706827309236948,
        0.1706827309236948,
        0.1817269076305221,
        0.1817269076305221,
        0.19779116465863453,
        0.19779116465863453,
        0.19879518072289157,
        0.19879518072289157,
        0.21084337349397592,
        0.21084337349397592,
        0.21184738955823293,
        0.21184738955823293,
        0.21285140562248997,
        0.21285140562248997,
        0.2891566265060241,
        0.2891566265060241,
        0.3042168674698795,
        0.3042168674698795,
        0.35943775100401604,
        0.35943775100401604,
        0.3755020080321285,
        0.3755020080321285,
        0.40963855421686746,
        0.40963855421686746,
        0.4839357429718876,
        0.4839357429718876,
        0.5863453815261044,
        0.5863453815261044,
        0.7379518072289156,
        0.7379518072289156,
        1.0
    ],