{
    "accuracy": 0.9224477911646586,
    "precision": 0.9129917728289753,
    "recall": 0.9340953068064223,
    "f1_score": 0.9233885947875212,
    "fp_rate": 0.08923361269436313,
    "tp_rate": 0.9340953068064223,
    "std_accuracy": 0.005920838260282417,
    "std_precision": 0.008530560945434005,
    "std_recall": 0.007923750033240667,
    "std_f1_score": 0.006022809751528804,
    "std_fp_rate": 0.008896428683717377,
    "std_tp_rate": 0.007923750033240667,
    "TP": 931.395,
    "TN": 906.121,
    "FP": 88.769,
    "FN": 65.715,
    "roc_auc": 0.9769116627151175,
    "fpr_at_thresholds": [
        0.0,
        0.0,
        0.0,
        0.001004016064257028,
        0.001004016064257028,
        0.002008032128514056,
        0.002008032128514056,
        0.0030120481927710845,
        0.0030120481927710845,
        0.004016064257028112,
        0.004016064257028112,
        0.0050200803212851405,
        0.0050200803212851405,
        0.006024096385542169,
        0.006024096385542169,
        0.007028112449799197,
        0.007028112449799197,
        0.008032128514056224,
        0.008032128514056224,
        0.009036144578313253,
        0.009036144578313253,
        0.010040160642570281,
        0.010040160642570281,
        0.01104417670682731,
        0.01104417670682731,
        0.012048192771084338,
        0.012048192771084338,
        0.013052208835341365,
        0.013052208835341365,
        0.014056224899598393,
        0.014056224899598393,
        0.015060240963855422,
        0.015060240963855422,
        0.01606425702811245,
        0.01606425702811245,
        0.019076305220883535,
        0.019076305220883535,
        0.020080321285140562,
        0.020080321285140562,
        0.02108433734939759,
        0.02108433734939759,
        0.02208835341365462,
        0.02208835341365462,
        0.024096385542168676,
        0.024096385542168676,
        0.02610441767068273,
        0.02610441767068273,
        0.02710843373493976,
        0.02710843373493976,
        0.028112449799196786,
        0.028112449799196786,
        0.030120481927710843,
        0.030120481927710843,
        0.03112449799196787,
        0.03112449799196787,
        0.0321285140562249,
        0.0321285140562249,
        0.03313253012048193,
        0.03313253012048193,
        0.03413654618473896,
        0.03413654618473896,
        0.03614457831325301,
        0.03614457831325301,
        0.03714859437751004,
        0.03714859437751004,
        0.03815261044176707,
        0.03815261044176707,
        0.040160642570281124,
        0.040160642570281124,
        0.04216867469879518,
        0.04216867469879518,
        0.04317269076305221,
        0.04317269076305221,
        0.04618473895582329,
        0.04618473895582329,
        0.04718875502008032,
        0.04718875502008032,
        0.04819277108433735,
        0.04819277108433735,
        0.04919678714859438,
        0.04919678714859438,
        0.050200803212851405,
        0.050200803212851405,
        0.05120481927710843,
        0.05120481927710843,
        0.05321285140562249,
        0.05321285140562249,
        0.05421686746987952,
        0.05421686746987952,
        0.05622489959839357,
        0.05622489959839357,
        0.05823293172690763,
        0.05823293172690763,
        0.06124497991967871,
        0.06124497991967871,
        0.06224899598393574,
        0.06224899598393574,
        0.06325301204819277,
        0.06325301204819277,
        0.06726907630522089,
        0.06726907630522089,
        0.071285140562249,
        0.071285140562249,
        0.07228915662650602,
        0.07228915662650602,
        0.07329317269076305,
        0.07329317269076305,
        0.07429718875502007,
        0.07429718875502007,
        0.07530120481927711,
        0.07530120481927711,
        0.0783132530120482,
        0.0783132530120482,
        0.07931726907630522,
        0.07931726907630522,
        0.0823293172690763,
        0.0823293172690763,
        0.08333333333333333,
        0.08333333333333333,
        0.08634538152610442,
        0.08634538152610442,
        0.08734939759036145,
        0.08734939759036145,
        0.08835341365461848,
        0.08835341365461848,
        0.09136546184738956,
        0.09136546184738956,
        0.09236947791164658,
        0.09236947791164658,
        0.09337349397590361,
        0.09337349397590361,
        0.09538152610441768,
        0.09538152610441768,
        0.0963855421686747,
        0.0963855421686747,
        0.09738955823293173,
        0.09738955823293173,
        0.09839357429718876,
        0.09839357429718876,
        0.09939759036144578,
        0.09939759036144578,
        0.10140562248995984,
        0.10140562248995984,
        0.10341365461847389,
        0.10341365461847389,
        0.10441767068273092,
        0.10441767068273092,
        0.10542168674698796,
        0.10542168674698796,
        0.10642570281124498,
        0.10642570281124498,
        0.11044176706827309,
        0.11044176706827309,
        0.11244979919678715,
        0.11244979919678715,
        0.11646586345381527,
        0.11646586345381527,
        0.12349397590361445,
        0.12349397590361445,
        0.12449799196787148,
        0.12449799196787148,
        0.1285140562248996,
        0.1285140562248996,
        0.12951807228915663,
        0.12951807228915663,
        0.13654618473895583,
        0.13654618473895583,
        0.13855421686746988,
        0.13855421686746988,
        0.1465863453815261,
        0.1465863453815261,
        0.14759036144578314,
        0.14759036144578314,
        0.14859437751004015,
        0.14859437751004015,
        0.15461847389558234,
        0.15461847389558234,
        0.18674698795180722,
        0.18674698795180722,
        0.19377510040160642,
        0.19377510040160642,
        0.19678714859437751,
        0.19678714859437751,
        0.19979919678714858,
        0.19979919678714858,
        0.20983935742971888,
        0.20983935742971888,
        0.21184738955823293,
        0.21184738955823293,
        0.21285140562248997,
        0.21285140562248997,
        0.21586345381526104,
        0.21586345381526104,
        0.22791164658634538,
        0.22791164658634538,
        0.2289156626506024,
        0.2289156626506024,
        0.23092369477911648,
        0.23092369477911648,
        0.2319277108433735,
        0.2319277108433735,
        0.2469879518072289,
        0.2469879518072289,
        0.26506024096385544,
        0.26506024096385544,
        0.26706827309236947,
        0.26706827309236947,
        0.27309236947791166,
        0.27309236947791166,
        0.30823293172690763,
        0.30823293172690763,
        0.3644578313253012,
        0.3644578313253012,
        0.428714859437751,
        0.428714859437751,
        0.45180722891566266,
        0.45180722891566266,
        0.48694779116465864,
        0.48694779116465864,
        0.5873493975903614,
        0.5873493975903614,
        0.6134538152610441,
        0.6134538152610441,
        0.6716867469879518,
        0.6716867469879518,
        1.0
    ],