{
    "accuracy": 0.9466239999999999,
    "precision": 0.942351317324111,
    "recall": 0.9516603193559829,
    "f1_score": 0.9469148935769486,
    "fp_rate": 0.05845231596365651,
    "tp_rate": 0.9516603193559829,
    "std_accuracy": 0.008458733921548516,
    "std_precision": 0.012280491897074182,
    "std_recall": 0.011284532624264279,
    "std_f1_score": 0.008671336457171138,
    "std_fp_rate": 0.012471841435117701,
    "std_tp_rate": 0.011284532624264279,
    "TP": 357.561,
    "TN": 352.407,
    "FP": 21.877,
    "FN": 18.155,
    "roc_auc": 0.98528,
    "fpr_at_thresholds": [
        0.0,
        0.0,
        0.0,
        0.008,
        0.008,
        0.010666666666666666,
        0.010666666666666666,
        0.018666666666666668,
        0.018666666666666668,
        0.024,
        0.024,
        0.032,
        0.032,
        0.04,
        0.04,
        0.042666666666666665,
        0.042666666666666665,
        0.050666666666666665,
        0.050666666666666665,
        0.058666666666666666,
        0.058666666666666666,
        0.06666666666666667,
        0.06666666666666667,
        0.07466666666666667,
        0.07466666666666667,
        0.09866666666666667,
        0.09866666666666667,
        0.11466666666666667,
        0.11466666666666667,
        0.13866666666666666,
        0.14133333333333334,
        0.14133333333333334,
        0.16533333333333333,
        0.16533333333333333,
        0.22133333333333333,
        0.224,
        0.256,
        0.2613333333333333,
        0.2693333333333333,
        0.2693333333333333,
        0.3253333333333333,
        0.3253333333333333,
        0.35733333333333334,
        0.3626666666666667,
        0.37866666666666665,
        0.37866666666666665,
        0.4266666666666667,
        0.432,
        0.448,
        0.45066666666666666,
        0.6106666666666667,
        0.616,
        0.672,
        0.6773333333333333,
        0.8373333333333334,
        0.8426666666666667,
        0.8746666666666667,
        0.8853333333333333,
        0.888,
        0.896,
        0.8986666666666666,
        0.904,
        0.944,
        0.9466666666666667,
        0.9946666666666667,
        1.0
    ],
    "tpr_at_thresholds": [
        0.0,
        0.0026666666666666666,
        0.64,
        0.64,
        0.6506666666666666,
        0.6506666666666666,
        0.7093333333333334,
        0.7093333333333334,
        0.7813333333333333,
        0.7813333333333333,
        0.7946666666666666,
        0.7946666666666666,
        0.8826666666666667,
        0.8826666666666667,
        0.896,
        0.896,
        0.9386666666666666,
        0.9386666666666666,
        0.9493333333333334,
        0.9493333333333334,
        0.9653333333333334,
        0.9653333333333334,
        0.9733333333333334,
        0.9733333333333334,
        0.976,
        0.976,
        0.9813333333333333,
        0.9813333333333333,
        0.984,
        0.984,
        0.984,
        0.9866666666666667,
        0.9866666666666667,
        0.9893333333333333,
        0.9893333333333333,
        0.9893333333333333,
        0.9893333333333333,
        0.9893333333333333,
        0.9893333333333333,
        0.9946666666666667,
        0.9946666666666667,
        0.9973333333333333,
        0.9973333333333333,
        0.9973333333333333,
        0.9973333333333333,
        1.0,
        1.0,
        1.0,
        1.0,
        1.0,
        1.0,
        1.0,
        1.0,
        1.0,
        1.0,
        1.0,
        1.0,
        1.0,
        1.0,
        1.0,
        1.0,
        1.0,
        1.0,
        1.0,
        1.0,
        1.0
    ],
    "thresholds": [
        Infinity,
        3.649561643600464,
        2.1257669925689697,
        2.121098756790161,
        2.0974395275115967,
        2.097356081008911,
        1.8228989839553833,
        1.82215416431427,
        1.4745371341705322,
        1.4632247686386108,
        1.321685791015625,
        1.3123183250427246,
        0.8228884935379028,
        0.8191097378730774,
        0.6177368760108948,
        0.6106985807418823,
        0.14539343118667603,
        0.1273074895143509,
        -0.1800357550382614,
        -0.18085160851478577,
        -0.542926013469696,
        -0.5911757946014404,
        -0.7794361114501953,
        -0.7929819226264954,
        -0.848953902721405,
        -1.0917919874191284,
        -1.1621652841567993,
        -1.2502044439315796,
        -1.2639790773391724,
        -1.3491010665893555,
        -1.3670727014541626,
        -1.3814332485198975,
        -1.495828628540039,
        -1.6218268871307373,
        -1.9004205465316772,
        -1.9232712984085083,
        -2.023993968963623,
        -2.042478561401367,
        -2.062278985977173,
        -2.1808974742889404,
        -2.357984781265259,
        -2.39970064163208,
        -2.492810010910034,
        -2.498349189758301,
        -2.542271375656128,
        -2.5469870567321777,
        -2.7321839332580566,
        -2.757689952850342,
        -2.779202461242676,
        -2.7824225425720215,
        -3.1184985637664795,
        -3.1372992992401123,
        -3.201127767562866,
        -3.2070040702819824,
        -3.4992058277130127,
        -3.5269956588745117,
        -3.5607762336730957,
        -3.6004104614257812,
        -3.604827404022217,
        -3.6241352558135986,
        -3.629962682723999,
        -3.6503536701202393,
        -3.7106783390045166,
        -3.7146170139312744,
        -3.8315842151641846,
        -3.8575520515441895
    ]
}