{
    "accuracy": 0.9440055220883533,
    "precision": 0.9158554391421572,
    "recall": 0.9779981991875876,
    "f1_score": 0.9458822805296716,
    "fp_rate": 0.09005953921376461,
    "tp_rate": 0.9779981991875876,
    "std_accuracy": 0.005380306512849144,
    "std_precision": 0.008727549196508406,
    "std_recall": 0.004632449586513298,
    "std_f1_score": 0.005298802240416257,
    "std_fp_rate": 0.009350047523969257,
    "std_tp_rate": 0.004632449586513298,
    "TP": 975.169,
    "TN": 905.29,
    "FP": 89.6,
    "FN": 21.941,
    "roc_auc": 0.9896513765907002,
    "fpr_at_thresholds": [
        0.0,
        0.0,
        0.0,
        0.001004016064257028,
        0.001004016064257028,
        0.002008032128514056,
        0.002008032128514056,
        0.0030120481927710845,
        0.0030120481927710845,
        0.004016064257028112,
        0.004016064257028112,
        0.0050200803212851405,
        0.0050200803212851405,
        0.006024096385542169,
        0.006024096385542169,
        0.007028112449799197,
        0.007028112449799197,
        0.008032128514056224,
        0.008032128514056224,
        0.009036144578313253,
        0.009036144578313253,
        0.010040160642570281,
        0.010040160642570281,
        0.01104417670682731,
        0.01104417670682731,
        0.012048192771084338,
        0.012048192771084338,
        0.014056224899598393,
        0.014056224899598393,
        0.015060240963855422,
        0.015060240963855422,
        0.01606425702811245,
        0.01606425702811245,
        0.01706827309236948,
        0.01706827309236948,
        0.019076305220883535,
        0.019076305220883535,
        0.020080321285140562,
        0.020080321285140562,
        0.02108433734939759,
        0.02108433734939759,
        0.02208835341365462,
        0.02208835341365462,
        0.023092369477911646,
        0.023092369477911646,
        0.024096385542168676,
        0.024096385542168676,
        0.025100401606425703,
        0.025100401606425703,
        0.02710843373493976,
        0.02710843373493976,
        0.028112449799196786,
        0.028112449799196786,
        0.029116465863453816,
        0.029116465863453816,
        0.030120481927710843,
        0.030120481927710843,
        0.03112449799196787,
        0.03112449799196787,
        0.0321285140562249,
        0.0321285140562249,
        0.03313253012048193,
        0.03313253012048193,
        0.03413654618473896,
        0.03413654618473896,
        0.035140562248995984,
        0.035140562248995984,
        0.03714859437751004,
        0.03714859437751004,
        0.03815261044176707,
        0.03815261044176707,
        0.040160642570281124,
        0.040160642570281124,
        0.04116465863453815,
        0.04116465863453815,
        0.04317269076305221,
        0.04317269076305221,
        0.04417670682730924,
        0.04417670682730924,
        0.045180722891566265,
        0.045180722891566265,
        0.04618473895582329,
        0.04618473895582329,
        0.04718875502008032,
        0.04718875502008032,
        0.04819277108433735,
        0.04819277108433735,
        0.04919678714859438,
        0.04919678714859438,
        0.05421686746987952,
        0.05421686746987952,
        0.05622489959839357,
        0.05622489959839357,
        0.060240963855421686,
        0.060240963855421686,
        0.06124497991967871,
        0.06124497991967871,
        0.06224899598393574,
        0.06224899598393574,
        0.0642570281124498,
        0.0642570281124498,
        0.07228915662650602,
        0.07228915662650602,
        0.07630522088353414,
        0.07630522088353414,
        0.07730923694779117,
        0.07730923694779117,
        0.08032128514056225,
        0.08032128514056225,
        0.08333333333333333,
        0.08333333333333333,
        0.08734939759036145,
        0.08734939759036145,
        0.09036144578313253,
        0.09036144578313253,
        0.09236947791164658,
        0.09236947791164658,
        0.09437751004016064,
        0.09437751004016064,
        0.09839357429718876,
        0.09839357429718876,
        0.10040160642570281,
        0.10040160642570281,
        0.10240963855421686,
        0.10240963855421686,
        0.10542168674698796,
        0.10542168674698796,
        0.10742971887550201,
        0.10742971887550201,
        0.12951807228915663,
        0.12951807228915663,
        0.13654618473895583,
        0.13654618473895583,
        0.14759036144578314,
        0.14759036144578314,
        0.1686746987951807,
        0.1686746987951807,
        0.1706827309236948,
        0.1706827309236948,
        0.1897590361445783,
        0.1897590361445783,
        0.21485943775100402,
        0.21485943775100402,
        0.2248995983935743,
        0.2248995983935743,
        0.22590361445783133,
        0.22590361445783133,
        0.2660642570281124,
        0.2660642570281124,
        0.2740963855421687,
        0.2740963855421687,
        0.2891566265060241,
        0.2891566265060241,
        0.32831325301204817,
        0.32831325301204817,
        1.0
    ],