{
    "accuracy": 0.9260796146044624,
    "precision": 0.9127667870299736,
    "recall": 0.9422639362342855,
    "f1_score": 0.9272457144510609,
    "fp_rate": 0.0901178094921146,
    "tp_rate": 0.9422639362342855,
    "std_accuracy": 0.00583403599812923,
    "std_precision": 0.008866205565208833,
    "std_recall": 0.0074154668670483774,
    "std_f1_score": 0.005910094545143217,
    "std_fp_rate": 0.009339033326214847,
    "std_tp_rate": 0.0074154668670483774,
    "TP": 929.312,
    "TN": 896.917,
    "FP": 88.831,
    "FN": 56.94,
    "roc_auc": 0.979548362675839,
    "fpr_at_thresholds": [
        0.0,
        0.0,
        0.0,
        0.0010141987829614604,
        0.0010141987829614604,
        0.002028397565922921,
        0.002028397565922921,
        0.004056795131845842,
        0.004056795131845842,
        0.006085192697768763,
        0.006085192697768763,
        0.007099391480730223,
        0.007099391480730223,
        0.008113590263691683,
        0.008113590263691683,
        0.009127789046653144,
        0.009127789046653144,
        0.010141987829614604,
        0.010141987829614604,
        0.011156186612576065,
        0.011156186612576065,
        0.012170385395537525,
        0.012170385395537525,
        0.013184584178498986,
        0.013184584178498986,
        0.014198782961460446,
        0.014198782961460446,
        0.015212981744421906,
        0.015212981744421906,
        0.016227180527383367,
        0.016227180527383367,
        0.017241379310344827,
        0.017241379310344827,
        0.018255578093306288,
        0.018255578093306288,
        0.02028397565922921,
        0.02028397565922921,
        0.02129817444219067,
        0.02129817444219067,
        0.02231237322515213,
        0.02231237322515213,
        0.02434077079107505,
        0.02434077079107505,
        0.02738336713995943,
        0.02738336713995943,
        0.028397565922920892,
        0.028397565922920892,
        0.029411764705882353,
        0.029411764705882353,
        0.03144016227180527,
        0.03144016227180527,
        0.032454361054766734,
        0.032454361054766734,
        0.033468559837728194,
        0.033468559837728194,
        0.034482758620689655,
        0.034482758620689655,
        0.036511156186612576,
        0.036511156186612576,
        0.037525354969574036,
        0.037525354969574036,
        0.038539553752535496,
        0.038539553752535496,
        0.03955375253549696,
        0.03955375253549696,
        0.04056795131845842,
        0.04056795131845842,
        0.04158215010141988,
        0.04158215010141988,
        0.04259634888438134,
        0.04259634888438134,
        0.04462474645030426,
        0.04462474645030426,
        0.04665314401622718,
        0.04665314401622718,
        0.04766734279918864,
        0.04766734279918864,
        0.0486815415821501,
        0.0486815415821501,
        0.05070993914807302,
        0.05070993914807302,
        0.05172413793103448,
        0.05172413793103448,
        0.05273833671399594,
        0.05273833671399594,
        0.0537525354969574,
        0.0537525354969574,
        0.05476673427991886,
        0.05476673427991886,
        0.056795131845841784,
        0.056795131845841784,
        0.057809330628803245,
        0.057809330628803245,
        0.060851926977687626,
        0.060851926977687626,
        0.061866125760649086,
        0.061866125760649086,
        0.06288032454361055,
        0.06288032454361055,
        0.06389452332657201,
        0.06389452332657201,
        0.06490872210953347,
        0.06490872210953347,
        0.07099391480730223,
        0.07099391480730223,
        0.0720081135902637,
        0.0720081135902637,
        0.07302231237322515,
        0.07302231237322515,
        0.07505070993914807,
        0.07505070993914807,
        0.07606490872210954,
        0.07606490872210954,
        0.07707910750507099,
        0.07707910750507099,
        0.07910750507099391,
        0.07910750507099391,
        0.08012170385395538,
        0.08012170385395538,
        0.08113590263691683,
        0.08113590263691683,
        0.09026369168356999,
        0.09026369168356999,
        0.0922920892494929,
        0.0922920892494929,
        0.09330628803245436,
        0.09330628803245436,
        0.0973630831643002,
        0.0973630831643002,
        0.09837728194726167,
        0.09837728194726167,
        0.10040567951318459,
        0.10040567951318459,
        0.10243407707910751,
        0.10243407707910751,
        0.10446247464503043,
        0.10446247464503043,
        0.10547667342799188,
        0.10547667342799188,
        0.10649087221095335,
        0.10649087221095335,
        0.1075050709939148,
        0.1075050709939148,
        0.11359026369168357,
        0.11359026369168357,
        0.11561866125760649,
        0.11561866125760649,
        0.11967545638945233,
        0.11967545638945233,
        0.12880324543610547,
        0.12880324543610547,
        0.12981744421906694,
        0.12981744421906694,
        0.13793103448275862,
        0.13793103448275862,
        0.13995943204868155,
        0.13995943204868155,
        0.14705882352941177,
        0.14705882352941177,
        0.14908722109533468,
        0.14908722109533468,
        0.15415821501014199,
        0.15415821501014199,
        0.16227180527383367,
        0.16227180527383367,
        0.1663286004056795,
        0.1663286004056795,
        0.17139959432048682,
        0.17139959432048682,
        0.17647058823529413,
        0.17647058823529413,
        0.1795131845841785,
        0.1795131845841785,
        0.18052738336713997,
        0.18052738336713997,
        0.18255578093306288,
        0.18255578093306288,
        0.1997971602434077,
        0.1997971602434077,
        0.20182555780933062,
        0.20182555780933062,
        0.2079107505070994,
        0.2079107505070994,
        0.20892494929006086,
        0.20892494929006086,
        0.2210953346855984,
        0.2210953346855984,
        0.2332657200811359,
        0.2332657200811359,
        0.23732251521298176,
        0.23732251521298176,
        0.24543610547667344,
        0.24543610547667344,
        0.28904665314401623,
        0.28904665314401623,
        0.29107505070993916,
        0.29107505070993916,
        0.31947261663286003,
        0.31947261663286003,
        0.3275862068965517,
        0.3275862068965517,
        0.33874239350912777,
        0.33874239350912777,
        0.3407707910750507,
        0.3407707910750507,
        0.34989858012170383,
        0.34989858012170383,
        0.3945233265720081,
        0.3945233265720081,
        0.4279918864097363,
        0.4279918864097363,
        0.4300202839756592,
        0.4300202839756592,
        0.5669371196754563,
        0.5669371196754563,
        1.0
    ],