{
    "accuracy": 0.9102781232334652,
    "precision": 0.9215004007827969,
    "recall": 0.8970794730467435,
    "f1_score": 0.9090809692307951,
    "fp_rate": 0.0765169695818639,
    "tp_rate": 0.8970794730467435,
    "std_accuracy": 0.0064300337541404505,
    "std_precision": 0.008614418184542127,
    "std_recall": 0.009933147069494594,
    "std_f1_score": 0.006792936741459742,
    "std_fp_rate": 0.008476580484516364,
    "std_tp_rate": 0.009933147069494594,
    "TP": 793.921,
    "TN": 816.361,
    "FP": 67.632,
    "FN": 91.086,
    "roc_auc": 0.969376485926835,
    "fpr_at_thresholds": [
        0.0,
        0.0,
        0.0,
        0.0011312217194570137,
        0.0011312217194570137,
        0.0022624434389140274,
        0.0022624434389140274,
        0.003393665158371041,
        0.003393665158371041,
        0.004524886877828055,
        0.004524886877828055,
        0.005656108597285068,
        0.005656108597285068,
        0.006787330316742082,
        0.006787330316742082,
        0.007918552036199095,
        0.007918552036199095,
        0.00904977375565611,
        0.00904977375565611,
        0.010180995475113122,
        0.010180995475113122,
        0.011312217194570135,
        0.011312217194570135,
        0.012443438914027148,
        0.012443438914027148,
        0.013574660633484163,
        0.013574660633484163,
        0.014705882352941176,
        0.014705882352941176,
        0.01583710407239819,
        0.01583710407239819,
        0.016968325791855202,
        0.016968325791855202,
        0.019230769230769232,
        0.019230769230769232,
        0.020361990950226245,
        0.020361990950226245,
        0.021493212669683258,
        0.021493212669683258,
        0.02262443438914027,
        0.02262443438914027,
        0.023755656108597284,
        0.023755656108597284,
        0.026018099547511313,
        0.026018099547511313,
        0.027149321266968326,
        0.027149321266968326,
        0.02828054298642534,
        0.02828054298642534,
        0.029411764705882353,
        0.029411764705882353,
        0.030542986425339366,
        0.030542986425339366,
        0.03167420814479638,
        0.03167420814479638,
        0.032805429864253395,
        0.032805429864253395,
        0.033936651583710405,
        0.033936651583710405,
        0.03506787330316742,
        0.03506787330316742,
        0.03619909502262444,
        0.03619909502262444,
        0.03733031674208145,
        0.03733031674208145,
        0.03959276018099547,
        0.03959276018099547,
        0.04072398190045249,
        0.04072398190045249,
        0.0418552036199095,
        0.0418552036199095,
        0.042986425339366516,
        0.042986425339366516,
        0.04524886877828054,
        0.04524886877828054,
        0.04638009049773756,
        0.04638009049773756,
        0.04751131221719457,
        0.04751131221719457,
        0.048642533936651584,
        0.048642533936651584,
        0.05203619909502263,
        0.05203619909502263,
        0.05429864253393665,
        0.05429864253393665,
        0.05542986425339366,
        0.05542986425339366,
        0.05656108597285068,
        0.05656108597285068,
        0.057692307692307696,
        0.057692307692307696,
        0.05995475113122172,
        0.05995475113122172,
        0.06108597285067873,
        0.06108597285067873,
        0.06221719457013575,
        0.06221719457013575,
        0.06447963800904978,
        0.06447963800904978,
        0.06561085972850679,
        0.06561085972850679,
        0.0667420814479638,
        0.0667420814479638,
        0.06900452488687783,
        0.06900452488687783,
        0.07126696832579185,
        0.07126696832579185,
        0.07239819004524888,
        0.07239819004524888,
        0.0746606334841629,
        0.0746606334841629,
        0.0757918552036199,
        0.0757918552036199,
        0.07805429864253394,
        0.07805429864253394,
        0.07918552036199095,
        0.07918552036199095,
        0.08031674208144797,
        0.08031674208144797,
        0.08144796380090498,
        0.08144796380090498,
        0.08257918552036199,
        0.08257918552036199,
        0.083710407239819,
        0.083710407239819,
        0.08484162895927602,
        0.08484162895927602,
        0.08710407239819004,
        0.08710407239819004,
        0.08936651583710407,
        0.08936651583710407,
        0.0916289592760181,
        0.0916289592760181,
        0.09276018099547512,
        0.09276018099547512,
        0.09615384615384616,
        0.09615384615384616,
        0.10067873303167421,
        0.10067873303167421,
        0.10180995475113122,
        0.10180995475113122,
        0.10294117647058823,
        0.10294117647058823,
        0.10407239819004525,
        0.10407239819004525,
        0.1085972850678733,
        0.1085972850678733,
        0.11085972850678733,
        0.11085972850678733,
        0.11312217194570136,
        0.11312217194570136,
        0.11425339366515837,
        0.11425339366515837,
        0.11764705882352941,
        0.11764705882352941,
        0.12104072398190045,
        0.12104072398190045,
        0.1255656108597285,
        0.1255656108597285,
        0.12895927601809956,
        0.12895927601809956,
        0.13122171945701358,
        0.13122171945701358,
        0.1334841628959276,
        0.1334841628959276,
        0.1346153846153846,
        0.1346153846153846,
        0.13687782805429866,
        0.13687782805429866,
        0.1436651583710407,
        0.1436651583710407,
        0.14819004524886878,
        0.14819004524886878,
        0.17194570135746606,
        0.17194570135746606,
        0.17307692307692307,
        0.17307692307692307,
        0.17420814479638008,
        0.17420814479638008,
        0.17760180995475114,
        0.17760180995475114,
        0.1832579185520362,
        0.1832579185520362,
        0.19457013574660634,
        0.19457013574660634,
        0.19796380090497737,
        0.19796380090497737,
        0.20701357466063347,
        0.20701357466063347,
        0.21266968325791855,
        0.21266968325791855,
        0.21380090497737556,
        0.21380090497737556,
        0.2160633484162896,
        0.2160633484162896,
        0.21832579185520362,
        0.21832579185520362,
        0.23076923076923078,
        0.23076923076923078,
        0.23755656108597284,
        0.23755656108597284,
        0.252262443438914,
        0.252262443438914,
        0.25452488687782804,
        0.25452488687782804,
        0.2692307692307692,
        0.2692307692307692,
        0.2737556561085973,
        0.2737556561085973,
        0.3042986425339366,
        0.3042986425339366,
        0.3076923076923077,
        0.3076923076923077,
        0.3246606334841629,
        0.3246606334841629,
        0.34502262443438914,
        0.34502262443438914,
        0.39705882352941174,
        0.39705882352941174,
        0.4298642533936652,
        0.4298642533936652,
        0.666289592760181,
        0.666289592760181,
        1.0
    ],