{
    "accuracy": 0.9297416582406471,
    "precision": 0.9140301076597817,
    "recall": 0.9487171234452236,
    "f1_score": 0.9310186039814693,
    "fp_rate": 0.08924585336362367,
    "tp_rate": 0.9487171234452236,
    "std_accuracy": 0.005787652273352293,
    "std_precision": 0.008838434579204696,
    "std_recall": 0.006901723409544942,
    "std_f1_score": 0.005826256797789797,
    "std_fp_rate": 0.00937427042096676,
    "std_tp_rate": 0.006901723409544942,
    "TP": 938.253,
    "TN": 900.776,
    "FP": 88.257,
    "FN": 50.714,
    "roc_auc": 0.9832955227420738,
    "fpr_at_thresholds": [
        0.0,
        0.0,
        0.0,
        0.0010111223458038423,
        0.0010111223458038423,
        0.0020222446916076846,
        0.0020222446916076846,
        0.003033367037411527,
        0.003033367037411527,
        0.004044489383215369,
        0.004044489383215369,
        0.005055611729019211,
        0.005055611729019211,
        0.006066734074823054,
        0.006066734074823054,
        0.007077856420626896,
        0.007077856420626896,
        0.008088978766430738,
        0.008088978766430738,
        0.00910010111223458,
        0.00910010111223458,
        0.010111223458038422,
        0.010111223458038422,
        0.011122345803842264,
        0.011122345803842264,
        0.012133468149646108,
        0.012133468149646108,
        0.01314459049544995,
        0.01314459049544995,
        0.014155712841253791,
        0.014155712841253791,
        0.015166835187057633,
        0.015166835187057633,
        0.016177957532861477,
        0.016177957532861477,
        0.017189079878665317,
        0.017189079878665317,
        0.01820020222446916,
        0.01820020222446916,
        0.019211324570273004,
        0.019211324570273004,
        0.020222446916076844,
        0.020222446916076844,
        0.021233569261880688,
        0.021233569261880688,
        0.022244691607684528,
        0.022244691607684528,
        0.023255813953488372,
        0.023255813953488372,
        0.0262891809908999,
        0.0262891809908999,
        0.027300303336703743,
        0.027300303336703743,
        0.029322548028311426,
        0.029322548028311426,
        0.030333670374115267,
        0.030333670374115267,
        0.03134479271991911,
        0.03134479271991911,
        0.032355915065722954,
        0.032355915065722954,
        0.033367037411526794,
        0.033367037411526794,
        0.03640040444893832,
        0.03640040444893832,
        0.03741152679474216,
        0.03741152679474216,
        0.03842264914054601,
        0.03842264914054601,
        0.03943377148634985,
        0.03943377148634985,
        0.04044489383215369,
        0.04044489383215369,
        0.041456016177957536,
        0.041456016177957536,
        0.042467138523761376,
        0.042467138523761376,
        0.043478260869565216,
        0.043478260869565216,
        0.044489383215369056,
        0.044489383215369056,
        0.0455005055611729,
        0.0455005055611729,
        0.046511627906976744,
        0.046511627906976744,
        0.047522750252780584,
        0.047522750252780584,
        0.04954499494438827,
        0.04954499494438827,
        0.05055611729019211,
        0.05055611729019211,
        0.0525783619817998,
        0.0525783619817998,
        0.054600606673407485,
        0.054600606673407485,
        0.055611729019211326,
        0.055611729019211326,
        0.057633973710819006,
        0.057633973710819006,
        0.05965621840242669,
        0.05965621840242669,
        0.06167846309403438,
        0.06167846309403438,
        0.06268958543983821,
        0.06268958543983821,
        0.06370070778564206,
        0.06370070778564206,
        0.06572295247724974,
        0.06572295247724974,
        0.06673407482305359,
        0.06673407482305359,
        0.06976744186046512,
        0.06976744186046512,
        0.07077856420626896,
        0.07077856420626896,
        0.0717896865520728,
        0.0717896865520728,
        0.07482305358948432,
        0.07482305358948432,
        0.07583417593528817,
        0.07583417593528817,
        0.0788675429726997,
        0.0788675429726997,
        0.07987866531850354,
        0.07987866531850354,
        0.08088978766430738,
        0.08088978766430738,
        0.0859453993933266,
        0.0859453993933266,
        0.08695652173913043,
        0.08695652173913043,
        0.08897876643073811,
        0.08897876643073811,
        0.0910010111223458,
        0.0910010111223458,
        0.09201213346814964,
        0.09201213346814964,
        0.09302325581395349,
        0.09302325581395349,
        0.09403437815975733,
        0.09403437815975733,
        0.09605662285136501,
        0.09605662285136501,
        0.0980788675429727,
        0.0980788675429727,
        0.09908998988877654,
        0.09908998988877654,
        0.10111223458038422,
        0.10111223458038422,
        0.10616784630940344,
        0.10616784630940344,
        0.10819009100101112,
        0.10819009100101112,
        0.11627906976744186,
        0.11627906976744186,
        0.12335692618806876,
        0.12335692618806876,
        0.12841253791708795,
        0.12841253791708795,
        0.12942366026289182,
        0.12942366026289182,
        0.13751263902932254,
        0.13751263902932254,
        0.13953488372093023,
        0.13953488372093023,
        0.1435793731041456,
        0.1435793731041456,
        0.14661274014155712,
        0.14661274014155712,
        0.15267947421638017,
        0.15267947421638017,
        0.1557128412537917,
        0.1557128412537917,
        0.16177957532861476,
        0.16177957532861476,
        0.16885743174924167,
        0.16885743174924167,
        0.1698685540950455,
        0.1698685540950455,
        0.1718907987866532,
        0.1718907987866532,
        0.19413549039433772,
        0.19413549039433772,
        0.22345803842264914,
        0.22345803842264914,
        0.23862487360970677,
        0.23862487360970677,
        0.243680485338726,
        0.243680485338726,
        0.2537917087967644,
        0.2537917087967644,
        0.27401415571284127,
        0.27401415571284127,
        0.2982810920121335,
        0.2982810920121335,
        0.3276036400404449,
        0.3276036400404449,
        0.3437815975733064,
        0.3437815975733064,
        0.4074823053589484,
        0.4074823053589484,
        0.5035389282103134,
        0.5035389282103134,
        1.0
    ],