{"samples": 192, "accuracy": 0.5360421686746988, "std": 0.01125990009885907, "lower_bound": 0.5135542168674698, "upper_bound": 0.5577309236947792}
{"samples": 400, "accuracy": 0.6997073293172691, "std": 0.010511903283102267, "lower_bound": 0.6792168674698795, "upper_bound": 0.7203815261044176}
{"samples": 608, "accuracy": 0.8517404618473895, "std": 0.007891242300364615, "lower_bound": 0.8348393574297188, "upper_bound": 0.8659764056224899}
{"samples": 816, "accuracy": 0.8602786144578313, "std": 0.007917183539801257, "lower_bound": 0.8443775100401606, "upper_bound": 0.876004016064257}
{"samples": 1024, "accuracy": 0.7379779116465863, "std": 0.00997889561059416, "lower_bound": 0.7183734939759037, "upper_bound": 0.7565261044176707}
{"samples": 1232, "accuracy": 0.871975903614458, "std": 0.007642162174366055, "lower_bound": 0.856425702811245, "upper_bound": 0.8870481927710844}
{"samples": 1440, "accuracy": 0.8842399598393574, "std": 0.007474276934156016, "lower_bound": 0.8694779116465864, "upper_bound": 0.8980923694779116}
{"samples": 1648, "accuracy": 0.9210753012048193, "std": 0.006146687615360679, "lower_bound": 0.9086345381526104, "upper_bound": 0.9327309236947792}
{"samples": 1856, "accuracy": 0.8798760040160643, "std": 0.007270986856884416, "lower_bound": 0.865449297188755, "upper_bound": 0.893574297188755}
{"samples": 2064, "accuracy": 0.8836049196787148, "std": 0.007011618608377569, "lower_bound": 0.8694779116465864, "upper_bound": 0.8975903614457831}
{"samples": 2272, "accuracy": 0.9552213855421687, "std": 0.004548685859198967, "lower_bound": 0.946285140562249, "upper_bound": 0.963855421686747}
{"samples": 2480, "accuracy": 0.944698795180723, "std": 0.005045328076331229, "lower_bound": 0.9342369477911646, "upper_bound": 0.9543172690763052}
{"samples": 2688, "accuracy": 0.9280331325301205, "std": 0.005501601189044521, "lower_bound": 0.9171686746987951, "upper_bound": 0.9382530120481928}
{"samples": 2896, "accuracy": 0.9542364457831325, "std": 0.0046941664624335425, "lower_bound": 0.9447791164658634, "upper_bound": 0.9633534136546185}
{"samples": 3104, "accuracy": 0.9522680722891567, "std": 0.004635175732907466, "lower_bound": 0.9427710843373494, "upper_bound": 0.9608433734939759}
{"samples": 3312, "accuracy": 0.9603729919678715, "std": 0.004322374602096813, "lower_bound": 0.9518072289156626, "upper_bound": 0.9693775100401606}
{"samples": 3520, "accuracy": 0.9552831325301205, "std": 0.0046634418140890635, "lower_bound": 0.9457705823293172, "upper_bound": 0.963855421686747}
{"samples": 3728, "accuracy": 0.936429718875502, "std": 0.005306692121698373, "lower_bound": 0.9261922690763051, "upper_bound": 0.9467871485943775}
{"samples": 3936, "accuracy": 0.9695251004016066, "std": 0.0038585306605919407, "lower_bound": 0.9618473895582329, "upper_bound": 0.9769076305220884}
{"samples": 4144, "accuracy": 0.9740712851405623, "std": 0.003534703398999885, "lower_bound": 0.9668674698795181, "upper_bound": 0.9809236947791165}
{"samples": 4352, "accuracy": 0.9682489959839358, "std": 0.0041196020965046185, "lower_bound": 0.9598393574297188, "upper_bound": 0.9764056224899599}
{"samples": 4560, "accuracy": 0.9511239959839357, "std": 0.004713229313539396, "lower_bound": 0.9422690763052208, "upper_bound": 0.9608433734939759}
{"samples": 4768, "accuracy": 0.9430642570281125, "std": 0.005467163503699248, "lower_bound": 0.9322289156626506, "upper_bound": 0.9538152610441767}
{"samples": 4976, "accuracy": 0.9490110441767067, "std": 0.004865571550343072, "lower_bound": 0.9392570281124498, "upper_bound": 0.9583333333333334}
{"samples": 5184, "accuracy": 0.943995983935743, "std": 0.005248190865696908, "lower_bound": 0.9337349397590361, "upper_bound": 0.9543172690763052}
{"samples": 5392, "accuracy": 0.9444171686746988, "std": 0.005034546400936839, "lower_bound": 0.9347264056224899, "upper_bound": 0.9538152610441767}
{"samples": 5600, "accuracy": 0.9609518072289156, "std": 0.00438725564890361, "lower_bound": 0.9518072289156626, "upper_bound": 0.9688755020080321}
{"samples": 5808, "accuracy": 0.9448373493975903, "std": 0.004988973503158329, "lower_bound": 0.9347389558232931, "upper_bound": 0.9543172690763052}
{"samples": 6016, "accuracy": 0.889527108433735, "std": 0.006948961861928221, "lower_bound": 0.876004016064257, "upper_bound": 0.9021084337349398}
{"samples": 6224, "accuracy": 0.9638137550200804, "std": 0.0041667305058737504, "lower_bound": 0.9558232931726908, "upper_bound": 0.9718875502008032}
{"samples": 6432, "accuracy": 0.9509949799196786, "std": 0.004771561284525472, "lower_bound": 0.9412525100401606, "upper_bound": 0.9598393574297188}
{"samples": 6640, "accuracy": 0.9122163654618474, "std": 0.0065572852385543615, "lower_bound": 0.8995983935742972, "upper_bound": 0.9246987951807228}
{"samples": 6848, "accuracy": 0.9752284136546184, "std": 0.0035103241441161205, "lower_bound": 0.9678714859437751, "upper_bound": 0.9819277108433735}
{"samples": 7056, "accuracy": 0.9535527108433735, "std": 0.0046300674886219926, "lower_bound": 0.9447665662650602, "upper_bound": 0.9623493975903614}
{"samples": 7264, "accuracy": 0.9714407630522089, "std": 0.0039322933564823, "lower_bound": 0.9633534136546185, "upper_bound": 0.9789156626506024}
{"samples": 7472, "accuracy": 0.9782720883534136, "std": 0.003104442835925158, "lower_bound": 0.9723770080321285, "upper_bound": 0.9844377510040161}
{"samples": 7680, "accuracy": 0.9684211847389558, "std": 0.0039000556218968772, "lower_bound": 0.9603413654618473, "upper_bound": 0.9759036144578314}
{"samples": 7888, "accuracy": 0.9543569277108434, "std": 0.004655234979278162, "lower_bound": 0.9447791164658634, "upper_bound": 0.9628514056224899}
{"samples": 8096, "accuracy": 0.9592766064257029, "std": 0.00449504279638972, "lower_bound": 0.9503012048192772, "upper_bound": 0.9678840361445783}
{"samples": 8304, "accuracy": 0.9624628514056225, "std": 0.004198387864636236, "lower_bound": 0.9543172690763052, "upper_bound": 0.9703815261044176}
{"samples": 8512, "accuracy": 0.9337776104417671, "std": 0.005642350871657792, "lower_bound": 0.9226907630522089, "upper_bound": 0.9447916666666666}
{"samples": 8720, "accuracy": 0.9573594377510041, "std": 0.004566408110421017, "lower_bound": 0.9477911646586346, "upper_bound": 0.9658634538152611}
{"samples": 8928, "accuracy": 0.957515562248996, "std": 0.00442608724409791, "lower_bound": 0.9482931726907631, "upper_bound": 0.9658634538152611}
{"samples": 9136, "accuracy": 0.9493604417670684, "std": 0.004853930277920878, "lower_bound": 0.9397590361445783, "upper_bound": 0.9588353413654619}
{"samples": 9344, "accuracy": 0.960863453815261, "std": 0.004363324903793096, "lower_bound": 0.9518072289156626, "upper_bound": 0.9693775100401606}
{"samples": 9552, "accuracy": 0.9673308232931727, "std": 0.003951446489834629, "lower_bound": 0.9593373493975904, "upper_bound": 0.9754016064257028}
{"samples": 9760, "accuracy": 0.9669176706827309, "std": 0.003960840192199717, "lower_bound": 0.9588353413654619, "upper_bound": 0.9743975903614458}
{"samples": 9968, "accuracy": 0.9815045180722891, "std": 0.002995871511761155, "lower_bound": 0.9758910642570281, "upper_bound": 0.9874497991967871}
{"samples": 10176, "accuracy": 0.9636882530120481, "std": 0.004316279861220025, "lower_bound": 0.9548192771084337, "upper_bound": 0.9718875502008032}
{"samples": 10384, "accuracy": 0.9451827309236949, "std": 0.005013589780041903, "lower_bound": 0.9352409638554217, "upper_bound": 0.9548192771084337}
{"samples": 10592, "accuracy": 0.9773187751004015, "std": 0.0033851961272151647, "lower_bound": 0.9703815261044176, "upper_bound": 0.983433734939759}
{"samples": 10800, "accuracy": 0.9597871485943774, "std": 0.004368254095683319, "lower_bound": 0.9508032128514057, "upper_bound": 0.9683734939759037}
{"samples": 11008, "accuracy": 0.971339859437751, "std": 0.0036336754492673905, "lower_bound": 0.9633534136546185, "upper_bound": 0.9779116465863453}
{"samples": 11216, "accuracy": 0.9588790160642571, "std": 0.004505320889109873, "lower_bound": 0.9497991967871486,