{"samples": 448, "accuracy": 0.49978346855983774, "std": 0.01149437472467529, "lower_bound": 0.4787018255578093, "upper_bound": 0.5228321501014199}
{"samples": 960, "accuracy": 0.49992494929006087, "std": 0.011325495823787191, "lower_bound": 0.47818204868154157, "upper_bound": 0.5218179513184584}
{"samples": 1472, "accuracy": 0.7692773833671399, "std": 0.009435303030255873, "lower_bound": 0.7515212981744422, "upper_bound": 0.7880324543610547}
{"samples": 1984, "accuracy": 0.7681602434077079, "std": 0.00970737990273968, "lower_bound": 0.7494929006085193, "upper_bound": 0.787525354969574}
{"samples": 2496, "accuracy": 0.768829107505071, "std": 0.00954858646333919, "lower_bound": 0.75, "upper_bound": 0.787525354969574}
{"samples": 3008, "accuracy": 0.7646881338742394, "std": 0.009629439248528632, "lower_bound": 0.7454361054766734, "upper_bound": 0.7829741379310345}
{"samples": 3520, "accuracy": 0.769064401622718, "std": 0.009981166292794292, "lower_bound": 0.7489731237322514, "upper_bound": 0.7880324543610547}
{"samples": 4032, "accuracy": 0.7734792089249493, "std": 0.009296508063720479, "lower_bound": 0.755578093306288, "upper_bound": 0.7910750507099391}
{"samples": 4544, "accuracy": 0.7853818458417849, "std": 0.009358388008287769, "lower_bound": 0.7672413793103449, "upper_bound": 0.8037652129817444}
{"samples": 5056, "accuracy": 0.7750218052738337, "std": 0.009607296766138133, "lower_bound": 0.7565922920892495, "upper_bound": 0.7936232251521298}
{"samples": 5568, "accuracy": 0.7982966531440162, "std": 0.008920985528964469, "lower_bound": 0.7799188640973631, "upper_bound": 0.8149213995943205}
{"samples": 6080, "accuracy": 0.7235334685598377, "std": 0.010129113735598482, "lower_bound": 0.7018255578093306, "upper_bound": 0.7429006085192698}
{"samples": 6592, "accuracy": 0.7138630831643001, "std": 0.010467535714119573, "lower_bound": 0.6931921906693711, "upper_bound": 0.7342799188640974}
{"samples": 7104, "accuracy": 0.7319330628803246, "std": 0.009925265794628277, "lower_bound": 0.712461967545639, "upper_bound": 0.7510141987829615}
{"samples": 7616, "accuracy": 0.8125801217038541, "std": 0.008853576872359591, "lower_bound": 0.7931034482758621, "upper_bound": 0.8286004056795132}
{"samples": 8128, "accuracy": 0.8111135902636917, "std": 0.009000346288392377, "lower_bound": 0.793090770791075, "upper_bound": 0.8296146044624746}
{"samples": 8640, "accuracy": 0.7710841784989858, "std": 0.009184211405844824, "lower_bound": 0.7530425963488844, "upper_bound": 0.7890466531440162}
{"samples": 9152, "accuracy": 0.7523930020283977, "std": 0.00971192696860047, "lower_bound": 0.7332657200811359, "upper_bound": 0.7712981744421906}
{"samples": 9664, "accuracy": 0.7543590263691683, "std": 0.0099839716597976, "lower_bound": 0.7347870182555781, "upper_bound": 0.7728194726166329}
{"samples": 10176, "accuracy": 0.7512276876267748, "std": 0.009469892875927978, "lower_bound": 0.7327459432048681, "upper_bound": 0.7692697768762677}
{"samples": 10688, "accuracy": 0.7932008113590264, "std": 0.008957550635240535, "lower_bound": 0.7748478701825557, "upper_bound": 0.8103575050709939}
{"samples": 11200, "accuracy": 0.7851708924949289, "std": 0.0095659102192056, "lower_bound": 0.7646932048681541, "upper_bound": 0.8052738336713996}
{"samples": 11712, "accuracy": 0.7762565922920892, "std": 0.009369883856909369, "lower_bound": 0.7581135902636917, "upper_bound": 0.7946247464503042}
{"samples": 12224, "accuracy": 0.7830806288032455, "std": 0.009574860713633764, "lower_bound": 0.7652003042596348, "upper_bound": 0.8017241379310345}
{"samples": 12736, "accuracy": 0.7922170385395538, "std": 0.009531182238470153, "lower_bound": 0.7738336713995944, "upper_bound": 0.8113590263691683}
{"samples": 13248, "accuracy": 0.79025, "std": 0.00908393045169966, "lower_bound": 0.7723123732251521, "upper_bound": 0.808316430020284}
{"samples": 13760, "accuracy": 0.7914021298174441, "std": 0.00931240745236519, "lower_bound": 0.7733138945233266, "upper_bound": 0.8093433062880325}
{"samples": 14272, "accuracy": 0.7800593306288033, "std": 0.009158280587461404, "lower_bound": 0.7621703853955375, "upper_bound": 0.7976673427991886}
{"samples": 14784, "accuracy": 0.8103671399594321, "std": 0.00875277735005802, "lower_bound": 0.7941049695740364, "upper_bound": 0.827091784989858}
{"samples": 15296, "accuracy": 0.7960933062880325, "std": 0.00882768408399384, "lower_bound": 0.7783975659229209, "upper_bound": 0.813907200811359}
{"samples": 192, "loss": 0.7268238067626953}
{"samples": 448, "loss": 0.6983051300048828}
{"samples": 704, "loss": 0.7079563140869141}
{"samples": 960, "loss": 0.6819057464599609}
{"samples": 1216, "loss": 0.6726598739624023}
{"samples": 1472, "loss": 0.6610984802246094}
{"samples": 1728, "loss": 0.6367588043212891}
{"samples": 1984, "loss": 0.6227712631225586}
{"samples": 2240, "loss": 0.6019058227539062}
{"samples": 2496, "loss": 0.5695352554321289}
{"samples": 2752, "loss": 0.5392518043518066}
{"samples": 3008, "loss": 0.57396399974823}
{"samples": 3264, "loss": 0.5435439348220825}
{"samples": 3520, "loss": 0.5289707183837891}
{"samples": 3776, "loss": 0.49975553154945374}
{"samples": 4032, "loss": 0.4894849359989166}
{"samples": 4288, "loss": 0.546601727604866}
{"samples": 4544, "loss": 0.4878922775387764}
{"samples": 4800, "loss": 0.4657483398914337}
{"samples": 5056, "loss": 0.4662226736545563}
{"samples": 5312, "loss": 0.41889488697052}
{"samples": 5568, "loss": 0.4737244322896004}
{"samples": 5824, "loss": 0.4682627469301224}
{"samples": 6080, "loss": 0.4994972050189972}
{"samples": 6336, "loss": 0.4483114778995514}
{"samples": 6592, "loss": 0.49205827713012695}
{"samples": 6848, "loss": 0.45550213754177094}
{"samples": 7104, "loss": 0.4635182321071625}
{"samples": 7360, "loss": 0.49759331345558167}
{"samples": 7616, "loss": 0.4697936549782753}
{"samples": 7872, "loss": 0.47657977789640427}
{"samples": 8128, "loss": 0.4284372329711914}
{"samples": 8384, "loss": 0.4813036397099495}
{"samples": 8640, "loss": 0.43488455563783646}
{"samples": 8896, "loss": 0.4102376401424408}
{"samples": 9152, "loss": 0.4041977673768997}
{"samples": 9408, "loss": 0.4195338785648346}
{"samples": 9664, "loss": 0.42899782210588455}
{"samples": 9920, "loss": 0.4141590744256973}
{"samples": 10176, "loss": 0.4473934546113014}
{"samples": 10432, "loss": 0.4550902172923088}
{"samples": 10688, "loss": 0.4194900244474411}
{"samples": 10944, "loss": 0.4495576247572899}
{"samples": 11200, "loss": 0.41026465594768524}
{"samples": 11456, "loss": 0.455756738781929}
{"samples": 11712, "loss": 0.4521833509206772}
{"samples": 11968, "loss": 0.40704522281885147}
{"samples": 12224, "loss": 0.4481457769870758}
{"samples": 12480, "loss": 0.40628913789987564}
{"samples": 12736, "loss": 0.4543667808175087}
{"samples": 12992, "loss": 0.43024545907974243}
{"samples": 13248, "loss": 0.4556094855070114}
{"samples": 13504, "loss": 0.3761146664619446}
{"samples": 13760, "loss": 0.43835289031267166}
{"samples": 14016, "loss": 0.4515925869345665}
{"samples": 14272, "loss": 0.40409020334482193}
{"samples": 14528, "loss": 0.36028049886226654}
{"samples": 14784, "loss": 0.44071802496910095}
{"samples": 15040, "loss": 0.4886585548520088}
{"samples": 15296, "loss": 0.4257274568080902}
{"samples": 15552, "loss": 0.4036923497915268}
{"samples": 0, "degrad_loss": 6.044997036457062, "std": 0.03346117560805346}
{"samples": 448, "degrad_loss": 6.050980806350708, "std": 0.1528490564097305}
{"samples": 960, "degrad_loss": 6.093784296512604, "std": 0.05931642239642567}
{"samples": 1472, "degrad_loss": 5.982625287771225, "std": 0.11146153422062118}
{"samples": 1984, "degrad_loss": 6.0410496413707735, "std": 0.10746070619218424}
{"samples": 2496, "degrad_loss": 6.1184513628482815, "std": 0.09433171552159111}
{"samples": 3008, "degrad_loss": 6.173702269792557, "std": 0.16469319766366933}
{"samples": 3520, "degrad_loss": 6.0740787088871, "std": 0.05316727311920625}
{"samples": 4032, "degrad_loss": 6.090342962741852, "std": 0.051745231025645023}
{"samples": 4544,