{
    "accuracy": 0.8357359999999999,
    "precision": 0.8891113953346567,
    "recall": 0.767822104918801,
    "f1_score": 0.8238157412872058,
    "fp_rate": 0.09614404226389578,
    "tp_rate": 0.767822104918801,
    "std_accuracy": 0.01358932888539959,
    "std_precision": 0.016599278536678124,
    "std_recall": 0.022700497199964708,
    "std_f1_score": 0.015970496226960184,
    "std_fp_rate": 0.014681413726276278,
    "std_tp_rate": 0.022700497199964708,
    "TP": 338.307,
    "TN": 288.495,
    "FP": 87.221,
    "FN": 35.977,
    "roc_auc": 0.9251555555555557,
    "fpr_at_thresholds": [
        0.0,
        0.0,
        0.0,
        0.008,
        0.008,
        0.016,
        0.016,
        0.024,
        0.024,
        0.032,
        0.032,
        0.04,
        0.04,
        0.048,
        0.048,
        0.056,
        0.056,
        0.064,
        0.064,
        0.072,
        0.072,
        0.08,
        0.08,
        0.088,
        0.088,
        0.096,
        0.096,
        0.104,
        0.104,
        0.112,
        0.112,
        0.12,
        0.12,
        0.12533333333333332,
        0.12533333333333332,
        0.13333333333333333,
        0.13333333333333333,
        0.14133333333333334,
        0.14133333333333334,
        0.14933333333333335,
        0.14933333333333335,
        0.15733333333333333,
        0.15733333333333333,
        0.18933333333333333,
        0.18933333333333333,
        0.192,
        0.192,
        0.19733333333333333,
        0.19733333333333333,
        0.20533333333333334,
        0.20533333333333334,
        0.21333333333333335,
        0.21333333333333335,
        0.22133333333333333,
        0.22133333333333333,
        0.23733333333333334,
        0.23733333333333334,
        0.2853333333333333,
        0.2853333333333333,
        0.29333333333333333,
        0.29333333333333333,
        0.30133333333333334,
        0.30666666666666664,
        0.30666666666666664,
        0.31466666666666665,
        0.31466666666666665,
        0.32266666666666666,
        0.32266666666666666,
        0.33066666666666666,
        0.33066666666666666,
        0.3546666666666667,
        0.3546666666666667,
        0.3626666666666667,
        0.3626666666666667,
        0.37866666666666665,
        0.37866666666666665,
        0.384,
        0.4,
        0.4,
        0.408,
        0.41333333333333333,
        0.41333333333333333,
        0.42133333333333334,
        0.42133333333333334,
        0.43733333333333335,
        0.43733333333333335,
        0.49333333333333335,
        0.49333333333333335,
        0.5013333333333333,
        0.5013333333333333,
        0.5253333333333333,
        0.5253333333333333,
        0.5653333333333334,
        0.5653333333333334,
        0.5813333333333334,
        0.5813333333333334,
        0.6293333333333333,
        0.6293333333333333,
        0.7413333333333333,
        0.7466666666666667,
        0.7546666666666667,
        0.76,
        0.776,
        0.7786666666666666,
        0.7866666666666666,
        0.7893333333333333,
        0.8053333333333333,
        0.8053333333333333,
        0.816,
        0.832,
        0.8373333333333334,
        0.8533333333333334,
        0.856,
        0.88,
        0.8853333333333333,
        0.9013333333333333,
        0.904,
        0.92,
        0.9253333333333333,
        0.9413333333333334,
        0.9413333333333334,
        0.9493333333333334,
        0.952,
        1.0
    ],
    "tpr_at_thresholds": [
        0.0,
        0.0026666666666666666,
        0.4053333333333333,
        0.4053333333333333,
        0.4826666666666667,
        0.4826666666666667,
        0.5173333333333333,
        0.5173333333333333,
        0.5653333333333334,
        0.5653333333333334,
        0.5786666666666667,
        0.5786666666666667,
        0.592,
        0.592,
        0.6613333333333333,
        0.6613333333333333,
        0.6693333333333333,
        0.6693333333333333,
        0.7013333333333334,
        0.7013333333333334,
        0.7386666666666667,
        0.7386666666666667,
        0.744,
        0.744,
        0.752,
        0.752,
        0.768,
        0.768,
        0.7786666666666666,
        0.7786666666666666,
        0.784,
        0.784,
        0.8373333333333334,
        0.8373333333333334,
        0.8506666666666667,
        0.8506666666666667,
        0.8533333333333334,
        0.8533333333333334,
        0.8613333333333333,
        0.8613333333333333,
        0.8693333333333333,
        0.8693333333333333,
        0.872,
        0.872,
        0.8746666666666667,
        0.8746666666666667,
        0.8906666666666667,
        0.8906666666666667,
        0.896,
        0.896,
        0.8986666666666666,
        0.8986666666666666,
        0.904,
        0.904,
        0.9093333333333333,
        0.9093333333333333,
        0.912,
        0.912,
        0.9146666666666666,
        0.9146666666666666,
        0.9173333333333333,
        0.9173333333333333,
        0.9173333333333333,
        0.9226666666666666,
        0.9226666666666666,
        0.9306666666666666,
        0.9306666666666666,
        0.936,
        0.936,
        0.9386666666666666,
        0.9386666666666666,
        0.9413333333333334,
        0.9413333333333334,
        0.944,
        0.944,
        0.9493333333333334,
        0.9493333333333334,
        0.9493333333333334,
        0.9546666666666667,
        0.9546666666666667,
        0.9546666666666667,
        0.9626666666666667,
        0.9626666666666667,
        0.9653333333333334,
        0.9653333333333334,
        0.968,
        0.968,
        0.9706666666666667,
        0.9706666666666667,
        0.976,
        0.976,
        0.9813333333333333,
        0.9813333333333333,
        0.984,
        0.984,
        0.9893333333333333,
        0.9893333333333333,
        0.9946666666666667,
        0.9946666666666667,
        0.9946666666666667,
        0.9946666666666667,
        0.9946666666666667,
        0.9946666666666667,
        0.9946666666666667,
        0.9946666666666667,
        0.9946666666666667,
        0.9946666666666667,
        0.9973333333333333,
        0.9973333333333333,
        0.9973333333333333,
        0.9973333333333333,
        0.9973333333333333,
        0.9973333333333333,
        0.9973333333333333,
        0.9973333333333333,
        0.9973333333333333,
        0.9973333333333333,
        0.9973333333333333,
        0.9973333333333333,
        0.9973333333333333,
        1.0,
        1.0,
        1.0,
        1.0
    ],