{"samples": 496, "accuracy": 0.7646059837728194, "std": 0.009448150215873885, "lower_bound": 0.7459305273833671, "upper_bound": 0.7834812373225153}
{"samples": 1008, "accuracy": 0.8388569979716025, "std": 0.008420429661640258, "lower_bound": 0.821501014198783, "upper_bound": 0.8549695740365112}
{"samples": 1520, "accuracy": 0.898747971602434, "std": 0.006826571913941217, "lower_bound": 0.8853955375253549, "upper_bound": 0.9122718052738337}
{"samples": 2032, "accuracy": 0.8640076064908722, "std": 0.007719406511679557, "lower_bound": 0.8483772819472617, "upper_bound": 0.8788032454361054}
{"samples": 2544, "accuracy": 0.8840603448275861, "std": 0.0074029270916366385, "lower_bound": 0.8696754563894523, "upper_bound": 0.8980730223123732}
{"samples": 3056, "accuracy": 0.8817489858012171, "std": 0.007032510946946833, "lower_bound": 0.8676343813387424, "upper_bound": 0.8950431034482759}
{"samples": 3568, "accuracy": 0.8303737322515214, "std": 0.008389759685534666, "lower_bound": 0.8133874239350912, "upper_bound": 0.845841784989858}
{"samples": 4080, "accuracy": 0.9104127789046653, "std": 0.006545088529894693, "lower_bound": 0.8975659229208925, "upper_bound": 0.922920892494929}
{"samples": 4592, "accuracy": 0.8752946247464504, "std": 0.007380211704945327, "lower_bound": 0.8600405679513184, "upper_bound": 0.8894523326572008}
{"samples": 5104, "accuracy": 0.8991237322515212, "std": 0.006786134638747763, "lower_bound": 0.8869168356997972, "upper_bound": 0.9122844827586207}
{"samples": 5616, "accuracy": 0.9278443204868154, "std": 0.005813542749800829, "lower_bound": 0.9163159229208925, "upper_bound": 0.9391607505070995}
{"samples": 6128, "accuracy": 0.9492636916835699, "std": 0.004941170225517892, "lower_bound": 0.9391480730223124, "upper_bound": 0.9584178498985801}
{"samples": 6640, "accuracy": 0.8801693711967545, "std": 0.007212450311491896, "lower_bound": 0.8661130831643001, "upper_bound": 0.8945233265720081}
{"samples": 7152, "accuracy": 0.9375583164300203, "std": 0.005446983393530552, "lower_bound": 0.9269776876267748, "upper_bound": 0.9482758620689655}
{"samples": 7664, "accuracy": 0.9516861054766734, "std": 0.004970282243489274, "lower_bound": 0.9421779918864097, "upper_bound": 0.9604589249492901}
{"samples": 8176, "accuracy": 0.9136424949290061, "std": 0.00650129881296395, "lower_bound": 0.9011156186612576, "upper_bound": 0.9259761663286005}
{"samples": 8688, "accuracy": 0.9264158215010143, "std": 0.0059341536072010604, "lower_bound": 0.9142875253549695, "upper_bound": 0.9371196754563894}
{"samples": 9200, "accuracy": 0.9404315415821499, "std": 0.005403763018009074, "lower_bound": 0.9295131845841785, "upper_bound": 0.9508113590263692}
{"samples": 9712, "accuracy": 0.9544127789046652, "std": 0.004694644880736484, "lower_bound": 0.9447261663286004, "upper_bound": 0.9634888438133874}
{"samples": 10224, "accuracy": 0.8779442190669371, "std": 0.0069763748676661625, "lower_bound": 0.8640846855983773, "upper_bound": 0.8919878296146044}
{"samples": 10736, "accuracy": 0.9490578093306288, "std": 0.005132893907200806, "lower_bound": 0.9386409736308317, "upper_bound": 0.9594320486815415}
{"samples": 11248, "accuracy": 0.944872210953347, "std": 0.005133966401984783, "lower_bound": 0.934077079107505, "upper_bound": 0.954868154158215}
{"samples": 11760, "accuracy": 0.9194426977687626, "std": 0.006189336991149527, "lower_bound": 0.9072008113590264, "upper_bound": 0.9320486815415822}
{"samples": 12272, "accuracy": 0.8823874239350913, "std": 0.007453798325684792, "lower_bound": 0.8676470588235294, "upper_bound": 0.8970588235294118}
{"samples": 12784, "accuracy": 0.9350562880324544, "std": 0.005658516657614084, "lower_bound": 0.9239350912778904, "upper_bound": 0.9467545638945233}
{"samples": 13296, "accuracy": 0.9298539553752535, "std": 0.005861253338543168, "lower_bound": 0.9173427991886409, "upper_bound": 0.9406693711967545}
{"samples": 13808, "accuracy": 0.8808083164300203, "std": 0.007219853902791972, "lower_bound": 0.8671399594320487, "upper_bound": 0.8950304259634888}
{"samples": 14320, "accuracy": 0.9004893509127789, "std": 0.006392264405012732, "lower_bound": 0.8884381338742393, "upper_bound": 0.9127789046653144}
{"samples": 14832, "accuracy": 0.9198980730223124, "std": 0.006167785484155147, "lower_bound": 0.9072008113590264, "upper_bound": 0.9310344827586207}
{"samples": 15344, "accuracy": 0.907449290060852, "std": 0.006783994915181165, "lower_bound": 0.8935091277890467, "upper_bound": 0.9203853955375254}
{"samples": 192, "loss": 0.7083705021784856}
{"samples": 400, "loss": 0.6875375600961539}
{"samples": 608, "loss": 0.6136049123910757}
{"samples": 816, "loss": 0.4488185002253606}
{"samples": 1024, "loss": 0.441892513862023}
{"samples": 1232, "loss": 0.34679541221031773}
{"samples": 1440, "loss": 0.299950333741995}
{"samples": 1648, "loss": 0.3623707156914931}
{"samples": 1856, "loss": 0.4087387231680063}
{"samples": 2064, "loss": 0.24276739817399245}
{"samples": 2272, "loss": 0.24804014884508574}
{"samples": 2480, "loss": 0.2050987298672016}
{"samples": 2688, "loss": 0.23610321948161492}
{"samples": 2896, "loss": 0.24072408103025877}
{"samples": 3104, "loss": 0.26109534960526687}
{"samples": 3312, "loss": 0.15299681746042693}
{"samples": 3520, "loss": 0.2672807895220243}
{"samples": 3728, "loss": 0.1627254027586717}
{"samples": 3936, "loss": 0.26519909042578477}
{"samples": 4144, "loss": 0.35858301474497867}
{"samples": 4352, "loss": 0.27290018246724057}
{"samples": 4560, "loss": 0.1669928477360652}
{"samples": 4768, "loss": 0.13931082303707415}
{"samples": 4976, "loss": 0.23703817220834586}
{"samples": 5184, "loss": 0.11901690180485065}
{"samples": 5392, "loss": 0.23312723636627197}
{"samples": 5600, "loss": 0.1432597843500284}
{"samples": 5808, "loss": 0.14118879804244408}
{"samples": 6016, "loss": 0.18664507224009588}
{"samples": 6224, "loss": 0.24957942045651949}
{"samples": 6432, "loss": 0.18382952419611123}
{"samples": 6640, "loss": 0.15686085934822375}
{"samples": 6848, "loss": 0.1587078456695263}
{"samples": 7056, "loss": 0.09730857553390357}
{"samples": 7264, "loss": 0.25753342990691847}
{"samples": 7472, "loss": 0.13866779322807604}
{"samples": 7680, "loss": 0.1503516470010464}
{"samples": 7888, "loss": 0.15925707610753867}
{"samples": 8096, "loss": 0.09561563455141507}
{"samples": 8304, "loss": 0.11226956259745818}
{"samples": 8512, "loss": 0.06615349707695153}
{"samples": 8720, "loss": 0.10713334152331719}
{"samples": 8928, "loss": 0.07210597395896912}
{"samples": 9136, "loss": 0.07788380235433578}
{"samples": 9344, "loss": 0.13217275303143722}
{"samples": 9552, "loss": 0.1253977154309933}
{"samples": 9760, "loss": 0.15323213717112175}
{"samples": 9968, "loss": 0.1697524499434691}
{"samples": 10176, "loss": 0.11852840162240542}
{"samples": 10384, "loss": 0.11955869197845459}
{"samples": 10592, "loss": 0.10769171554308671}
{"samples": 10800, "loss": 0.12377542028060326}
{"samples": 11008, "loss": 0.12731166298572832}
{"samples": 11216, "loss": 0.08551859053281638}
{"samples": 11424, "loss": 0.17838468230687654}
{"samples": 11632, "loss": 0.14374690216321212}
{"samples": 11840, "loss": 0.07534532592846797}
{"samples": 12048, "loss": 0.11730042845010757}
{"samples": 12256, "loss": 0.07336139736267236}
{"samples": 12464, "loss": 0.09235042333602905}
{"samples": 12672, "loss": 0.10858337638469842}
{"samples": 12880, "loss": 0.07040774134489206}
{"samples": 13088, "loss": 0.07453884298984821}
{"samples": 13296, "loss": 0.12693954545717973}
{"samples": 13504, "loss": 0.058680567603844866}
{"samples": 13712, "loss": 0.0838786386526548}
{"samples": 13920, "loss": 0.07762704675014202}
{"samples": 14128, "loss": 0.11801262887624595}
{"samples": 14336, "loss": 0.10238836934933296}
{"samples": 14544, "loss": 0.12143525538536218}
{"samples": 14752, "loss": 0.10821063300737968}
{"samples": 14960, "loss": 0.0804462914283459}
{"samples": 15168, "loss": 0.08383428076138863}
{"samples": 15376, "loss": 0.12882923850646386}
{"samples": 15584,