{"samples": 496, "accuracy": 0.7390813333333333, "std": 0.01657791189102737, "lower_bound": 0.7066666666666667, "upper_bound": 0.7707}
{"samples": 1008, "accuracy": 0.6850373333333333, "std": 0.01637508763674598, "lower_bound": 0.6559333333333334, "upper_bound": 0.7173333333333334}
{"samples": 1520, "accuracy": 0.8202866666666666, "std": 0.013525073012741928, "lower_bound": 0.7933333333333333, "upper_bound": 0.8466666666666667}
{"samples": 2032, "accuracy": 0.7681959999999999, "std": 0.014963385891346026, "lower_bound": 0.7386666666666667, "upper_bound": 0.796}
{"samples": 2544, "accuracy": 0.8561759999999999, "std": 0.012594219203004735, "lower_bound": 0.8306666666666667, "upper_bound": 0.88}
{"samples": 3056, "accuracy": 0.8800266666666666, "std": 0.011586474873748275, "lower_bound": 0.856, "upper_bound": 0.9013333333333333}
{"samples": 3568, "accuracy": 0.801768, "std": 0.014553363811236982, "lower_bound": 0.7733, "upper_bound": 0.8293333333333334}
{"samples": 4080, "accuracy": 0.9136333333333333, "std": 0.010016907928320221, "lower_bound": 0.8933333333333333, "upper_bound": 0.9333666666666667}
{"samples": 4592, "accuracy": 0.9001253333333334, "std": 0.010955357005187509, "lower_bound": 0.8786666666666667, "upper_bound": 0.9213333333333333}
{"samples": 5104, "accuracy": 0.8774480000000001, "std": 0.011938851908323889, "lower_bound": 0.8533000000000001, "upper_bound": 0.9013333333333333}
{"samples": 5616, "accuracy": 0.8890266666666666, "std": 0.01163894611494815, "lower_bound": 0.8653333333333333, "upper_bound": 0.912}
{"samples": 6128, "accuracy": 0.8656173333333333, "std": 0.013061742677674286, "lower_bound": 0.8399666666666666, "upper_bound": 0.8906666666666667}
{"samples": 6640, "accuracy": 0.8609466666666667, "std": 0.01247845432023623, "lower_bound": 0.8373333333333334, "upper_bound": 0.8866666666666667}
{"samples": 7152, "accuracy": 0.8599626666666667, "std": 0.012925166906293918, "lower_bound": 0.8346333333333333, "upper_bound": 0.8853333333333333}
{"samples": 192, "loss": 0.6992527888371394}
{"samples": 400, "loss": 0.6909930889423077}
{"samples": 608, "loss": 0.6641822228064904}
{"samples": 816, "loss": 0.6126951070932242}
{"samples": 1024, "loss": 0.5627503922352424}
{"samples": 1232, "loss": 0.45683496731978196}
{"samples": 1440, "loss": 0.4243809443253737}
{"samples": 1648, "loss": 0.371022016956256}
{"samples": 1856, "loss": 0.41155952845628446}
{"samples": 2064, "loss": 0.5176250774126786}
{"samples": 2272, "loss": 0.472759485244751}
{"samples": 2480, "loss": 0.3809405599649136}
{"samples": 2688, "loss": 0.3300473242998123}
{"samples": 2896, "loss": 0.30925591977743}
{"samples": 3104, "loss": 0.2797925609808702}
{"samples": 3312, "loss": 0.24703989235254434}
{"samples": 3520, "loss": 0.2662455691741063}
{"samples": 3728, "loss": 0.25618207454681396}
{"samples": 3936, "loss": 0.20627469684068972}
{"samples": 4144, "loss": 0.20788551752383894}
{"samples": 4352, "loss": 0.24552357597992971}
{"samples": 4560, "loss": 0.20529575588611457}
{"samples": 4768, "loss": 0.20543689166124052}
{"samples": 4976, "loss": 0.24747464175407702}
{"samples": 5184, "loss": 0.31907516717910767}
{"samples": 5392, "loss": 0.24185492958013827}
{"samples": 5600, "loss": 0.17574923485517502}
{"samples": 5808, "loss": 0.1982518554880069}
{"samples": 6016, "loss": 0.15114217194227073}
{"samples": 6224, "loss": 0.16172233281227258}
{"samples": 6432, "loss": 0.1924479970565209}
{"samples": 6640, "loss": 0.1754154717692962}
{"samples": 6848, "loss": 0.1970028693859394}
{"samples": 7056, "loss": 0.2438048989726947}
{"samples": 7264, "loss": 0.16535425931215286}
{"samples": 7472, "loss": 0.30551254061552197}
